geom,method,frac,seed,requested_frac,realized_frac,requested_n,realized_n,h,picp,mpiw,calib_err,val_res_p90
single,linear,0.0,0,0.0,0.0,0,0,6,0.9107040641099027,184.51546580978544,0.010704064109902656,91.93317010364271
single,linear,0.0,0,0.0,0.0,0,0,12,0.9126938541068351,180.21297386954228,0.0126938541068351,89.99882550417082
single,linear,0.0,0,0.0,0.0,0,0,24,0.8837478311162522,179.09690038815052,0.01625216888374781,89.4281193996245
single,linear,0.0,0,0.0,0.0,0,0,48,0.9020527859237537,180.37481308589946,0.002052785923753686,89.8818789254163
single,linear,0.0,1,0.0,0.0,0,0,6,0.9107040641099027,184.51546580978544,0.010704064109902656,91.93317010364271
single,linear,0.0,1,0.0,0.0,0,0,12,0.9126938541068351,180.21297386954228,0.0126938541068351,89.99882550417082
single,linear,0.0,1,0.0,0.0,0,0,24,0.8837478311162522,179.09690038815052,0.01625216888374781,89.4281193996245
single,linear,0.0,1,0.0,0.0,0,0,48,0.9020527859237537,180.37481308589946,0.002052785923753686,89.8818789254163
single,linear,0.0,2,0.0,0.0,0,0,6,0.9107040641099027,184.51546580978544,0.010704064109902656,91.93317010364271
single,linear,0.0,2,0.0,0.0,0,0,12,0.9126938541068351,180.21297386954228,0.0126938541068351,89.99882550417082
single,linear,0.0,2,0.0,0.0,0,0,24,0.8837478311162522,179.09690038815052,0.01625216888374781,89.4281193996245
single,linear,0.0,2,0.0,0.0,0,0,48,0.9020527859237537,180.37481308589946,0.002052785923753686,89.8818789254163
single,linear,0.0,3,0.0,0.0,0,0,6,0.9107040641099027,184.51546580978544,0.010704064109902656,91.93317010364271
single,linear,0.0,3,0.0,0.0,0,0,12,0.9126938541068351,180.21297386954228,0.0126938541068351,89.99882550417082
single,linear,0.0,3,0.0,0.0,0,0,24,0.8837478311162522,179.09690038815052,0.01625216888374781,89.4281193996245
single,linear,0.0,3,0.0,0.0,0,0,48,0.9020527859237537,180.37481308589946,0.002052785923753686,89.8818789254163
single,linear,0.0,4,0.0,0.0,0,0,6,0.9107040641099027,184.51546580978544,0.010704064109902656,91.93317010364271
single,linear,0.0,4,0.0,0.0,0,0,12,0.9126938541068351,180.21297386954228,0.0126938541068351,89.99882550417082
single,linear,0.0,4,0.0,0.0,0,0,24,0.8837478311162522,179.09690038815052,0.01625216888374781,89.4281193996245
single,linear,0.0,4,0.0,0.0,0,0,48,0.9020527859237537,180.37481308589946,0.002052785923753686,89.8818789254163
single,linear,0.0,5,0.0,0.0,0,0,6,0.9107040641099027,184.51546580978544,0.010704064109902656,91.93317010364271
single,linear,0.0,5,0.0,0.0,0,0,12,0.9126938541068351,180.21297386954228,0.0126938541068351,89.99882550417082
single,linear,0.0,5,0.0,0.0,0,0,24,0.8837478311162522,179.09690038815052,0.01625216888374781,89.4281193996245
single,linear,0.0,5,0.0,0.0,0,0,48,0.9020527859237537,180.37481308589946,0.002052785923753686,89.8818789254163
single,linear,0.0,6,0.0,0.0,0,0,6,0.9107040641099027,184.51546580978544,0.010704064109902656,91.93317010364271
single,linear,0.0,6,0.0,0.0,0,0,12,0.9126938541068351,180.21297386954228,0.0126938541068351,89.99882550417082
single,linear,0.0,6,0.0,0.0,0,0,24,0.8837478311162522,179.09690038815052,0.01625216888374781,89.4281193996245
single,linear,0.0,6,0.0,0.0,0,0,48,0.9020527859237537,180.37481308589946,0.002052785923753686,89.8818789254163
single,linear,0.0,7,0.0,0.0,0,0,6,0.9107040641099027,184.51546580978544,0.010704064109902656,91.93317010364271
single,linear,0.0,7,0.0,0.0,0,0,12,0.9126938541068351,180.21297386954228,0.0126938541068351,89.99882550417082
single,linear,0.0,7,0.0,0.0,0,0,24,0.8837478311162522,179.09690038815052,0.01625216888374781,89.4281193996245
single,linear,0.0,7,0.0,0.0,0,0,48,0.9020527859237537,180.37481308589946,0.002052785923753686,89.8818789254163
single,linear,0.0,8,0.0,0.0,0,0,6,0.9107040641099027,184.51546580978544,0.010704064109902656,91.93317010364271
single,linear,0.0,8,0.0,0.0,0,0,12,0.9126938541068351,180.21297386954228,0.0126938541068351,89.99882550417082
single,linear,0.0,8,0.0,0.0,0,0,24,0.8837478311162522,179.09690038815052,0.01625216888374781,89.4281193996245
single,linear,0.0,8,0.0,0.0,0,0,48,0.9020527859237537,180.37481308589946,0.002052785923753686,89.8818789254163
single,linear,0.0,9,0.0,0.0,0,0,6,0.9107040641099027,184.51546580978544,0.010704064109902656,91.93317010364271
single,linear,0.0,9,0.0,0.0,0,0,12,0.9126938541068351,180.21297386954228,0.0126938541068351,89.99882550417082
single,linear,0.0,9,0.0,0.0,0,0,24,0.8837478311162522,179.09690038815052,0.01625216888374781,89.4281193996245
single,linear,0.0,9,0.0,0.0,0,0,48,0.9020527859237537,180.37481308589946,0.002052785923753686,89.8818789254163
single,linear,0.0,10,0.0,0.0,0,0,6,0.9107040641099027,184.51546580978544,0.010704064109902656,91.93317010364271
single,linear,0.0,10,0.0,0.0,0,0,12,0.9126938541068351,180.21297386954228,0.0126938541068351,89.99882550417082
single,linear,0.0,10,0.0,0.0,0,0,24,0.8837478311162522,179.09690038815052,0.01625216888374781,89.4281193996245
single,linear,0.0,10,0.0,0.0,0,0,48,0.9020527859237537,180.37481308589946,0.002052785923753686,89.8818789254163
single,linear,0.0,11,0.0,0.0,0,0,6,0.9107040641099027,184.51546580978544,0.010704064109902656,91.93317010364271
single,linear,0.0,11,0.0,0.0,0,0,12,0.9126938541068351,180.21297386954228,0.0126938541068351,89.99882550417082
single,linear,0.0,11,0.0,0.0,0,0,24,0.8837478311162522,179.09690038815052,0.01625216888374781,89.4281193996245
single,linear,0.0,11,0.0,0.0,0,0,48,0.9020527859237537,180.37481308589946,0.002052785923753686,89.8818789254163
single,linear,0.0,12,0.0,0.0,0,0,6,0.9107040641099027,184.51546580978544,0.010704064109902656,91.93317010364271
single,linear,0.0,12,0.0,0.0,0,0,12,0.9126938541068351,180.21297386954228,0.0126938541068351,89.99882550417082
single,linear,0.0,12,0.0,0.0,0,0,24,0.8837478311162522,179.09690038815052,0.01625216888374781,89.4281193996245
single,linear,0.0,12,0.0,0.0,0,0,48,0.9020527859237537,180.37481308589946,0.002052785923753686,89.8818789254163
single,linear,0.0,13,0.0,0.0,0,0,6,0.9107040641099027,184.51546580978544,0.010704064109902656,91.93317010364271
single,linear,0.0,13,0.0,0.0,0,0,12,0.9126938541068351,180.21297386954228,0.0126938541068351,89.99882550417082
single,linear,0.0,13,0.0,0.0,0,0,24,0.8837478311162522,179.09690038815052,0.01625216888374781,89.4281193996245
single,linear,0.0,13,0.0,0.0,0,0,48,0.9020527859237537,180.37481308589946,0.002052785923753686,89.8818789254163
single,linear,0.0,14,0.0,0.0,0,0,6,0.9107040641099027,184.51546580978544,0.010704064109902656,91.93317010364271
single,linear,0.0,14,0.0,0.0,0,0,12,0.9126938541068351,180.21297386954228,0.0126938541068351,89.99882550417082
single,linear,0.0,14,0.0,0.0,0,0,24,0.8837478311162522,179.09690038815052,0.01625216888374781,89.4281193996245
single,linear,0.0,14,0.0,0.0,0,0,48,0.9020527859237537,180.37481308589946,0.002052785923753686,89.8818789254163
single,linear,0.0,15,0.0,0.0,0,0,6,0.9107040641099027,184.51546580978544,0.010704064109902656,91.93317010364271
single,linear,0.0,15,0.0,0.0,0,0,12,0.9126938541068351,180.21297386954228,0.0126938541068351,89.99882550417082
single,linear,0.0,15,0.0,0.0,0,0,24,0.8837478311162522,179.09690038815052,0.01625216888374781,89.4281193996245
single,linear,0.0,15,0.0,0.0,0,0,48,0.9020527859237537,180.37481308589946,0.002052785923753686,89.8818789254163
single,linear,0.0,16,0.0,0.0,0,0,6,0.9107040641099027,184.51546580978544,0.010704064109902656,91.93317010364271
single,linear,0.0,16,0.0,0.0,0,0,12,0.9126938541068351,180.21297386954228,0.0126938541068351,89.99882550417082
single,linear,0.0,16,0.0,0.0,0,0,24,0.8837478311162522,179.09690038815052,0.01625216888374781,89.4281193996245
single,linear,0.0,16,0.0,0.0,0,0,48,0.9020527859237537,180.37481308589946,0.002052785923753686,89.8818789254163
single,linear,0.0,17,0.0,0.0,0,0,6,0.9107040641099027,184.51546580978544,0.010704064109902656,91.93317010364271
single,linear,0.0,17,0.0,0.0,0,0,12,0.9126938541068351,180.21297386954228,0.0126938541068351,89.99882550417082
single,linear,0.0,17,0.0,0.0,0,0,24,0.8837478311162522,179.09690038815052,0.01625216888374781,89.4281193996245
single,linear,0.0,17,0.0,0.0,0,0,48,0.9020527859237537,180.37481308589946,0.002052785923753686,89.8818789254163
single,linear,0.0,18,0.0,0.0,0,0,6,0.9107040641099027,184.51546580978544,0.010704064109902656,91.93317010364271
single,linear,0.0,18,0.0,0.0,0,0,12,0.9126938541068351,180.21297386954228,0.0126938541068351,89.99882550417082
single,linear,0.0,18,0.0,0.0,0,0,24,0.8837478311162522,179.09690038815052,0.01625216888374781,89.4281193996245
single,linear,0.0,18,0.0,0.0,0,0,48,0.9020527859237537,180.37481308589946,0.002052785923753686,89.8818789254163
single,linear,0.0,19,0.0,0.0,0,0,6,0.9107040641099027,184.51546580978544,0.010704064109902656,91.93317010364271
single,linear,0.0,19,0.0,0.0,0,0,12,0.9126938541068351,180.21297386954228,0.0126938541068351,89.99882550417082
single,linear,0.0,19,0.0,0.0,0,0,24,0.8837478311162522,179.09690038815052,0.01625216888374781,89.4281193996245
single,linear,0.0,19,0.0,0.0,0,0,48,0.9020527859237537,180.37481308589946,0.002052785923753686,89.8818789254163
single,linear,0.1,0,0.1,0.09988584474885845,175,175,6,0.9026903262736119,180.23681554474763,0.002690326273611876,90.06375779892777
single,linear,0.1,0,0.1,0.09988584474885845,175,175,12,0.9006318207926479,175.49516325605248,0.0006318207926478969,87.68838252304765
single,linear,0.1,0,0.1,0.09988584474885845,175,175,24,0.8704453441295547,171.44584812652067,0.029554655870445368,85.5231886315459
single,linear,0.1,0,0.1,0.09988584474885845,175,175,48,0.8909090909090909,175.53591996627745,0.00909090909090915,87.72156847547012
single,linear,0.1,1,0.1,0.09988584474885845,175,175,6,0.9015455065827133,179.4411042440128,0.0015455065827132408,89.69772489465831
single,linear,0.1,1,0.1,0.09988584474885845,175,175,12,0.9075244112578977,178.26693214437665,0.007524411257897712,89.13176484810072
single,linear,0.1,1,0.1,0.09988584474885845,175,175,24,0.871602082128398,172.72103388534373,0.028397917871602063,86.17146119335204
single,linear,0.1,1,0.1,0.09988584474885845,175,175,48,0.9008797653958944,179.7716171982586,0.0008797653958944052,89.8720298299937
single,linear,0.1,2,0.1,0.09988584474885845,175,175,6,0.9015455065827133,179.6065109048663,0.0015455065827132408,89.75845182981493
single,linear,0.1,2,0.1,0.09988584474885845,175,175,12,0.9017805858701895,175.9521242771005,0.0017805858701894772,87.87680396801575
single,linear,0.1,2,0.1,0.09988584474885845,175,175,24,0.8675534991324465,170.53003161974289,0.03244650086755352,85.08800115030003
single,linear,0.1,2,0.1,0.09988584474885845,175,175,48,0.8873900293255131,173.7219110360976,0.012609970674486881,86.55528566508553
single,linear,0.1,3,0.1,0.09988584474885845,175,175,6,0.9026903262736119,180.1447586653178,0.002690326273611876,89.90638357167288
single,linear,0.1,3,0.1,0.09988584474885845,175,175,12,0.9017805858701895,175.99531266989408,0.0017805858701894772,87.97822155818993
single,linear,0.1,3,0.1,0.09988584474885845,175,175,24,0.871602082128398,172.72103388534373,0.028397917871602063,86.17146119335204
single,linear,0.1,3,0.1,0.09988584474885845,175,175,48,0.8944281524926686,178.20381198271127,0.005571847507331418,88.93776838749585
single,linear,0.1,4,0.1,0.09988584474885845,175,175,6,0.9026903262736119,180.11027253039327,0.002690326273611876,89.90638357167288
single,linear,0.1,4,0.1,0.09988584474885845,175,175,12,0.9040781160252729,176.65760908123542,0.00407811602527286,88.20472073049294
single,linear,0.1,4,0.1,0.09988584474885845,175,175,24,0.8704453441295547,171.41156785471813,0.029554655870445368,85.31899111834066
single,linear,0.1,4,0.1,0.09988584474885845,175,175,48,0.8885630498533724,174.40054403096275,0.0114369501466276,86.91817713339753
single,linear,0.1,5,0.1,0.09988584474885845,175,175,6,0.9009730967372639,178.84425432253207,0.0009730967372638677,88.84607525585848
single,linear,0.1,5,0.1,0.09988584474885845,175,175,12,0.9000574382538771,175.00129683978508,5.743825387705126e-05,87.43896892188032
single,linear,0.1,5,0.1,0.09988584474885845,175,175,24,0.8663967611336032,169.53976754309775,0.03360323886639682,84.54238594891189
single,linear,0.1,5,0.1,0.09988584474885845,175,175,48,0.8932551319648094,176.6384501130189,0.006744868035190588,88.07357292451105
single,linear,0.1,6,0.1,0.09988584474885845,175,175,6,0.8952489982827705,177.73133245562218,0.0047510017172295305,88.7405481846555
single,linear,0.1,6,0.1,0.09988584474885845,175,175,12,0.9017805858701895,175.9521242771005,0.0017805858701894772,87.87680396801575
single,linear,0.1,6,0.1,0.09988584474885845,175,175,24,0.8675534991324465,170.53003161974289,0.03244650086755352,85.09545549286636
single,linear,0.1,6,0.1,0.09988584474885845,175,175,48,0.8944281524926686,177.69410043155034,0.005571847507331418,88.66475332197625
single,linear,0.1,7,0.1,0.09988584474885845,175,175,6,0.9009730967372639,178.84425432253207,0.0009730967372638677,88.84607525585848
single,linear,0.1,7,0.1,0.09988584474885845,175,175,12,0.9075244112578977,178.2631516464042,0.007524411257897712,89.0835898687479
single,linear,0.1,7,0.1,0.09988584474885845,175,175,24,0.8802776171197224,178.07403533172527,0.01972238288027761,88.22184952913962
single,linear,0.1,7,0.1,0.09988584474885845,175,175,48,0.898533724340176,179.04082097618277,0.0014662756598240456,89.19247770527359
single,linear,0.1,8,0.1,0.09988584474885845,175,175,6,0.9055523755008587,181.5582587289428,0.005552375500858631,90.09539355251636
single,linear,0.1,8,0.1,0.09988584474885845,175,175,12,0.9000574382538771,175.23847793460544,5.743825387705126e-05,87.51250747463358
single,linear,0.1,8,0.1,0.09988584474885845,175,175,24,0.8710237131289763,172.3357279213209,0.028976286871023715,85.8643360267375
single,linear,0.1,8,0.1,0.09988584474885845,175,175,48,0.8897360703812317,175.38806956748437,0.01026392961876832,87.54486900992023
single,linear,0.1,9,0.1,0.09988584474885845,175,175,6,0.9055523755008587,181.6634136139425,0.005552375500858631,90.44876856842261
single,linear,0.1,9,0.1,0.09988584474885845,175,175,12,0.9017805858701895,175.99531266989408,0.0017805858701894772,87.87896338765543
single,linear,0.1,9,0.1,0.09988584474885845,175,175,24,0.8710237131289763,172.10367790488255,0.028976286871023715,85.80157485400646
single,linear,0.1,9,0.1,0.09988584474885845,175,175,48,0.8897360703812317,175.38806956748437,0.01026392961876832,87.53949192948605
single,linear,0.1,10,0.1,0.09988584474885845,175,175,6,0.9026903262736119,180.23681554474763,0.002690326273611876,90.04094551178576
single,linear,0.1,10,0.1,0.09988584474885845,175,175,12,0.9006318207926479,175.36360968943336,0.0006318207926478969,87.62549555504413
single,linear,0.1,10,0.1,0.09988584474885845,175,175,24,0.8710237131289763,172.35970947259818,0.028976286871023715,86.1237319318877
single,linear,0.1,10,0.1,0.09988584474885845,175,175,48,0.8909090909090909,175.71018188153755,0.00909090909090915,87.75598961755625
single,linear,0.1,11,0.1,0.09988584474885845,175,175,6,0.9015455065827133,179.6065109048663,0.0015455065827132408,89.75845182981493
single,linear,0.1,11,0.1,0.09988584474885845,175,175,12,0.9075244112578977,178.2631516464042,0.007524411257897712,89.01128184711246
single,linear,0.1,11,0.1,0.09988584474885845,175,175,24,0.8710237131289763,172.20963641054163,0.028976286871023715,85.9053962160688
single,linear,0.1,11,0.1,0.09988584474885845,175,175,48,0.8932551319648094,176.6384501130189,0.006744868035190588,87.95550778351905
single,linear,0.1,12,0.1,0.09988584474885845,175,175,6,0.9015455065827133,179.38747365890123,0.0015455065827132408,89.49314846880443
single,linear,0.1,12,0.1,0.09988584474885845,175,175,12,0.8994830557151062,173.88906685222082,0.0005169442848937944,86.85028085739054
single,linear,0.1,12,0.1,0.09988584474885845,175,175,24,0.8704453441295547,171.44584812652067,0.029554655870445368,85.5231886315459
single,linear,0.1,12,0.1,0.09988584474885845,175,175,48,0.8868035190615836,172.96099735834082,0.01319648093841641,86.11339295791636
single,linear,0.1,13,0.1,0.09988584474885845,175,175,6,0.9026903262736119,180.11027253039327,0.002690326273611876,89.90638357167288
single,linear,0.1,13,0.1,0.09988584474885845,175,175,12,0.9012062033314188,175.73155056480158,0.0012062033314187426,87.75940099346371
single,linear,0.1,13,0.1,0.09988584474885845,175,175,24,0.8692886061307113,170.8898670095377,0.030711393869288672,85.2225989379008
single,linear,0.1,13,0.1,0.09988584474885845,175,175,48,0.8873900293255131,173.7219110360976,0.012609970674486881,86.56977926429353
single,linear,0.1,14,0.1,0.09988584474885845,175,175,6,0.9015455065827133,179.4411042440128,0.0015455065827132408,89.69772489465831
single,linear,0.1,14,0.1,0.09988584474885845,175,175,12,0.9012062033314188,175.73155056480158,0.0012062033314187426,87.75940099346371
single,linear,0.1,14,0.1,0.09988584474885845,175,175,24,0.8669751301330249,170.0762144764417,0.03302486986697517,84.79859906017477
single,linear,0.1,14,0.1,0.09988584474885845,175,175,48,0.8885630498533724,174.4363912338574,0.0114369501466276,86.91817713339753
single,linear,0.1,15,0.1,0.09988584474885845,175,175,6,0.9015455065827133,179.38747365890123,0.0015455065827132408,89.14389669453857
single,linear,0.1,15,0.1,0.09988584474885845,175,175,12,0.8994830557151062,173.88906685222082,0.0005169442848937944,86.85028085739054
single,linear,0.1,15,0.1,0.09988584474885845,175,175,24,0.8669751301330249,170.0762144764417,0.03302486986697517,84.79859906017477
single,linear,0.1,15,0.1,0.09988584474885845,175,175,48,0.8897360703812317,175.41284893532514,0.01026392961876832,87.69128591640879
single,linear,0.1,16,0.1,0.09988584474885845,175,175,6,0.9026903262736119,180.23681554474763,0.002690326273611876,90.06375779892777
single,linear,0.1,16,0.1,0.09988584474885845,175,175,12,0.9017805858701895,175.9521242771005,0.0017805858701894772,87.87680396801575
single,linear,0.1,16,0.1,0.09988584474885845,175,175,24,0.8710237131289763,172.3357279213209,0.028976286871023715,86.06773272829014
single,linear,0.1,16,0.1,0.09988584474885845,175,175,48,0.9049853372434018,181.76111616920548,0.004985337243401777,90.44774367949829
single,linear,0.1,17,0.1,0.09988584474885845,175,175,6,0.9026903262736119,180.01902338182524,0.002690326273611876,89.76190378721978
single,linear,0.1,17,0.1,0.09988584474885845,175,175,12,0.9017805858701895,175.99531266989408,0.0017805858701894772,87.97822155818993
single,linear,0.1,17,0.1,0.09988584474885845,175,175,24,0.8704453441295547,171.68527008667547,0.029554655870445368,85.77814314432904
single,linear,0.1,17,0.1,0.09988584474885845,175,175,48,0.8897360703812317,175.41284893532514,0.01026392961876832,87.69128591640879
single,linear,0.1,18,0.1,0.09988584474885845,175,175,6,0.9015455065827133,179.1283395526857,0.0015455065827132408,89.14389669453857
single,linear,0.1,18,0.1,0.09988584474885845,175,175,12,0.9000574382538771,174.86423128864678,5.743825387705126e-05,87.32076963688979
single,linear,0.1,18,0.1,0.09988584474885845,175,175,24,0.8704453441295547,171.44584812652067,0.029554655870445368,85.61147801321636
single,linear,0.1,18,0.1,0.09988584474885845,175,175,48,0.8885630498533724,174.40054403096275,0.0114369501466276,86.91817713339753
single,linear,0.1,19,0.1,0.09988584474885845,175,175,6,0.9015455065827133,179.6065109048663,0.0015455065827132408,89.71113254093619
single,linear,0.1,19,0.1,0.09988584474885845,175,175,12,0.9017805858701895,175.9521242771005,0.0017805858701894772,87.87680396801575
single,linear,0.1,19,0.1,0.09988584474885845,175,175,24,0.8704453441295547,171.44584812652067,0.029554655870445368,85.5231886315459
single,linear,0.1,19,0.1,0.09988584474885845,175,175,48,0.8885630498533724,174.8542527476476,0.0114369501466276,87.26874762381806
single,linear,0.2,0,0.2,0.1997716894977169,350,350,6,0.8918145392100744,174.97100083774765,0.008185460789925658,87.32095242118655
single,linear,0.2,0,0.2,0.1997716894977169,350,350,12,0.8891441700172314,169.77488609747869,0.010855829982768572,84.35181117233061
single,linear,0.2,0,0.2,0.1997716894977169,350,350,24,0.8629265471370735,166.97699032039318,0.037073452862926515,83.37002089407476
single,linear,0.2,0,0.2,0.1997716894977169,350,350,48,0.8885630498533724,174.8542527476476,0.0114369501466276,87.26874762381806
single,linear,0.2,1,0.2,0.1997716894977169,350,350,6,0.8912421293646251,174.54457854829798,0.00875787063537492,86.71657292758036
single,linear,0.2,1,0.2,0.1997716894977169,350,350,12,0.8994830557151062,173.88906685222082,0.0005169442848937944,86.85028085739054
single,linear,0.2,1,0.2,0.1997716894977169,350,350,24,0.86524002313476,168.8896981162145,0.034759976865240017,84.32294752175592
single,linear,0.2,1,0.2,0.1997716894977169,350,350,48,0.8803519061583578,171.3055178370651,0.019648093841642233,85.58776026474742
single,linear,0.2,2,0.2,0.1997716894977169,350,350,6,0.882655981682885,171.47404742362028,0.017344018317115073,85.06759557759588
single,linear,0.2,2,0.2,0.1997716894977169,350,350,12,0.8793796668581275,164.76085880590085,0.020620333141872504,82.30214868674567
single,linear,0.2,2,0.2,0.1997716894977169,350,350,24,0.858877964141122,165.02629753008196,0.04112203585887797,82.33913484099884
single,linear,0.2,2,0.2,0.1997716894977169,350,350,48,0.8580645161290322,163.48388253923048,0.041935483870967794,81.70408182350177
single,linear,0.2,3,0.2,0.1997716894977169,350,350,6,0.8889524899828277,173.28117093985833,0.011047510017172302,86.24307790852562
single,linear,0.2,3,0.2,0.1997716894977169,350,350,12,0.8753589890867317,163.8179404979,0.024641010913268313,81.5226975456797
single,linear,0.2,3,0.2,0.1997716894977169,350,350,24,0.8629265471370735,166.93304665382794,0.037073452862926515,83.25461212337684
single,linear,0.2,3,0.2,0.1997716894977169,350,350,48,0.8785923753665689,170.70360431810934,0.021407624633431155,85.01528465779427
single,linear,0.2,4,0.2,0.1997716894977169,350,350,6,0.8912421293646251,174.55890248677414,0.00875787063537492,87.22188067349364
single,linear,0.2,4,0.2,0.1997716894977169,350,350,12,0.8891441700172314,169.77488609747869,0.010855829982768572,84.63287533533617
single,linear,0.2,4,0.2,0.1997716894977169,350,350,24,0.863504916136495,167.80300810678176,0.03649508386350497,83.59422007180562
single,linear,0.2,4,0.2,0.1997716894977169,350,350,48,0.8686217008797654,167.47139626471952,0.0313782991202346,83.40571917286097
single,linear,0.2,5,0.2,0.1997716894977169,350,350,6,0.8866628506010303,172.51601098704305,0.013337149398969683,85.83490978258376
single,linear,0.2,5,0.2,0.1997716894977169,350,350,12,0.8902929350947731,170.412999404978,0.009707064905226881,84.91934871411435
single,linear,0.2,5,0.2,0.1997716894977169,350,350,24,0.8623481781376519,166.7971060600796,0.03765182186234817,83.30490570054363
single,linear,0.2,5,0.2,0.1997716894977169,350,350,48,0.8850439882697947,171.69047844417042,0.014956011730205332,85.7478519698182
single,linear,0.2,6,0.2,0.1997716894977169,350,350,6,0.882655981682885,171.47404742362028,0.017344018317115073,85.30544396378507
single,linear,0.2,6,0.2,0.1997716894977169,350,350,12,0.893739230327398,171.5993838941177,0.006260769672602029,85.26581892694607
single,linear,0.2,6,0.2,0.1997716894977169,350,350,24,0.8611914401388086,166.00808423354488,0.03880855986119147,82.79910242981641
single,linear,0.2,6,0.2,0.1997716894977169,350,350,48,0.8762463343108504,169.73031109967525,0.023753665689149606,84.22580589271236
single,linear,0.2,7,0.2,0.1997716894977169,350,350,6,0.8866628506010303,172.44509789314247,0.013337149398969683,86.04930485186736
single,linear,0.2,7,0.2,0.1997716894977169,350,350,12,0.8983342906375646,173.2772690662158,0.0016657093624353747,86.28138955165842
single,linear,0.2,7,0.2,0.1997716894977169,350,350,24,0.8669751301330249,169.9748321154529,0.03302486986697517,84.83036961379646
single,linear,0.2,7,0.2,0.1997716894977169,350,350,48,0.8868035190615836,173.29664095009073,0.01319648093841641,86.55528566508553
single,linear,0.2,8,0.2,0.1997716894977169,350,350,6,0.8912421293646251,174.55890248677414,0.00875787063537492,87.22188067349364
single,linear,0.2,8,0.2,0.1997716894977169,350,350,12,0.8868466398621482,167.81690649871095,0.013153360137851844,83.68407894013815
single,linear,0.2,8,0.2,0.1997716894977169,350,350,24,0.8617698091382302,166.47425895205646,0.03823019086176982,83.07936342907826
single,linear,0.2,8,0.2,0.1997716894977169,350,350,48,0.8674486803519061,166.96040283463492,0.03255131964809388,83.34211577359551
single,linear,0.2,9,0.2,0.1997716894977169,350,350,6,0.8918145392100744,174.97100083774765,0.008185460789925658,87.34630527001268
single,linear,0.2,9,0.2,0.1997716894977169,350,350,12,0.8960367604824814,172.10073851764173,0.003963239517518646,86.04182691743532
single,linear,0.2,9,0.2,0.1997716894977169,350,350,24,0.8646616541353384,168.41767281895076,0.03533834586466167,84.05236746282968
single,linear,0.2,9,0.2,0.1997716894977169,350,350,48,0.8797653958944281,170.91344551859697,0.020234604105571874,85.26126718183535
single,linear,0.2,10,0.2,0.1997716894977169,350,350,6,0.8912421293646251,174.55890248677414,0.00875787063537492,87.22188067349364
single,linear,0.2,10,0.2,0.1997716894977169,350,350,12,0.8736358414704193,162.95955671285478,0.02636415852958074,81.44542120062883
single,linear,0.2,10,0.2,0.1997716894977169,350,350,24,0.8617698091382302,166.16648476706746,0.03823019086176982,83.02613978774848
single,linear,0.2,10,0.2,0.1997716894977169,350,350,48,0.8703812316715542,167.97361140677071,0.029618768328445788,83.66282974143128
single,linear,0.2,11,0.2,0.1997716894977169,350,350,6,0.8918145392100744,174.82631859327657,0.008185460789925658,87.32095242118655
single,linear,0.2,11,0.2,0.1997716894977169,350,350,12,0.8960367604824814,172.08175553678495,0.003963239517518646,85.82381052919224
single,linear,0.2,11,0.2,0.1997716894977169,350,350,24,0.8646616541353384,168.41767281895076,0.03533834586466167,84.01244222575407
single,linear,0.2,11,0.2,0.1997716894977169,350,350,48,0.8727272727272727,168.5603119663304,0.027272727272727337,84.09021719025019
single,linear,0.2,12,0.2,0.1997716894977169,350,350,6,0.8889524899828277,173.28117093985833,0.011047510017172302,86.24307790852562
single,linear,0.2,12,0.2,0.1997716894977169,350,350,12,0.8730614589316484,162.88320747774685,0.026938541068351585,81.29461439045328
single,linear,0.2,12,0.2,0.1997716894977169,350,350,24,0.8617698091382302,166.15540204005183,0.03823019086176982,82.81998487612034
single,linear,0.2,12,0.2,0.1997716894977169,350,350,48,0.8651026392961877,165.07859778506634,0.03489736070381233,82.50257942080731
single,linear,0.2,13,0.2,0.1997716894977169,350,350,6,0.8895248998282771,173.5851207704631,0.010475100171722929,86.29756710309961
single,linear,0.2,13,0.2,0.1997716894977169,350,350,12,0.8879954049396899,168.58459303879243,0.012004595060310153,84.23668965938879
single,linear,0.2,13,0.2,0.1997716894977169,350,350,24,0.8623481781376519,166.59080993438056,0.03765182186234817,83.12940851128208
single,linear,0.2,13,0.2,0.1997716894977169,350,350,48,0.8686217008797654,167.47139626471952,0.0313782991202346,83.44735118724337
single,linear,0.2,14,0.2,0.1997716894977169,350,350,6,0.8912421293646251,174.54457854829798,0.00875787063537492,87.13293004591524
single,linear,0.2,14,0.2,0.1997716894977169,350,350,12,0.8868466398621482,167.81690649871095,0.013153360137851844,83.68407894013815
single,linear,0.2,14,0.2,0.1997716894977169,350,350,24,0.8582995951417004,164.64143717362313,0.04170040485829962,82.21303467508523
single,linear,0.2,14,0.2,0.1997716894977169,350,350,48,0.8762463343108504,169.73031109967525,0.023753665689149606,84.38311717780408
single,linear,0.2,15,0.2,0.1997716894977169,350,350,6,0.8912421293646251,174.55890248677414,0.00875787063537492,87.22188067349364
single,linear,0.2,15,0.2,0.1997716894977169,350,350,12,0.887421022400919,168.2531066129645,0.012578977599080998,84.10611217537209
single,linear,0.2,15,0.2,0.1997716894977169,350,350,24,0.8617698091382302,166.47425895205646,0.03823019086176982,83.03668158951868
single,linear,0.2,15,0.2,0.1997716894977169,350,350,48,0.8797653958944281,170.91344551859697,0.020234604105571874,85.22653293797272
single,linear,0.2,16,0.2,0.1997716894977169,350,350,6,0.8912421293646251,174.55890248677414,0.00875787063537492,87.22188067349364
single,linear,0.2,16,0.2,0.1997716894977169,350,350,12,0.8902929350947731,170.412999404978,0.009707064905226881,84.91934871411435
single,linear,0.2,16,0.2,0.1997716894977169,350,350,24,0.863504916136495,167.68182306445348,0.03649508386350497,83.7978913547137
single,linear,0.2,16,0.2,0.1997716894977169,350,350,48,0.8897360703812317,175.41284893532514,0.01026392961876832,87.65176955279858
single,linear,0.2,17,0.2,0.1997716894977169,350,350,6,0.8918145392100744,174.72490719797202,0.008185460789925658,87.27587025876804
single,linear,0.2,17,0.2,0.1997716894977169,350,350,12,0.887421022400919,168.4610222387759,0.012578977599080998,84.13694908777283
single,linear,0.2,17,0.2,0.1997716894977169,350,350,24,0.8617698091382302,166.16648476706746,0.03823019086176982,83.03668158951868
single,linear,0.2,17,0.2,0.1997716894977169,350,350,48,0.8803519061583578,171.3055178370651,0.019648093841642233,85.55068069936634
single,linear,0.2,18,0.2,0.1997716894977169,350,350,6,0.8912421293646251,174.34294414567657,0.00875787063537492,86.71657292758036
single,linear,0.2,18,0.2,0.1997716894977169,350,350,12,0.8753589890867317,163.8634731686276,0.024641010913268313,81.91124688248638
single,linear,0.2,18,0.2,0.1997716894977169,350,350,24,0.8617698091382302,166.16648476706746,0.03823019086176982,83.02613978774848
single,linear,0.2,18,0.2,0.1997716894977169,350,350,48,0.8674486803519061,166.92312529870892,0.03255131964809388,83.34211577359551
single,linear,0.2,19,0.2,0.1997716894977169,350,350,6,0.8912421293646251,174.55890248677414,0.00875787063537492,87.22188067349364
single,linear,0.2,19,0.2,0.1997716894977169,350,350,12,0.8862722573233773,167.31829692267237,0.01372774267662269,83.55680765054527
single,linear,0.2,19,0.2,0.1997716894977169,350,350,24,0.8611914401388086,165.86886792485197,0.03880855986119147,82.42757295187793
single,linear,0.2,19,0.2,0.1997716894977169,350,350,48,0.8768328445747801,169.8684761775629,0.023167155425219965,84.90248962814378
single,linear,0.3,0,0.3,0.2996575342465753,525,525,6,0.859187178019462,161.5433458157023,0.04081282198053804,80.50743448931274
single,linear,0.3,0,0.3,0.2996575342465753,525,525,12,0.8724870763928777,162.14564165139308,0.02751292360712232,81.02307816364939
single,linear,0.3,0,0.3,0.2996575342465753,525,525,24,0.8426836321573163,160.29389120365937,0.05731636784268368,79.77674357992818
single,linear,0.3,0,0.3,0.2996575342465753,525,525,48,0.864516129032258,165.04843227042306,0.03548387096774197,82.30855622097386
single,linear,0.3,1,0.3,0.2996575342465753,525,525,6,0.8654836863194046,163.31403404626545,0.03451631368059538,81.1617656928517
single,linear,0.3,1,0.3,0.2996575342465753,525,525,12,0.867892016082711,159.95185269071217,0.032107983917288974,79.9566256401604
single,linear,0.3,1,0.3,0.2996575342465753,525,525,24,0.8530942741469058,163.2784379291474,0.04690572585309427,81.43490684789691
single,linear,0.3,1,0.3,0.2996575342465753,525,525,48,0.8551319648093841,162.40088441609598,0.044868035190615885,80.85930937063611
single,linear,0.3,2,0.3,0.2996575342465753,525,525,6,0.8689181453921008,164.67424080612523,0.03108185460789925,82.14279650739194
single,linear,0.3,2,0.3,0.2996575342465753,525,525,12,0.8650201033888569,158.9516261535839,0.03497989661114309,79.28728380760388
single,linear,0.3,2,0.3,0.2996575342465753,525,525,24,0.8409485251590515,159.60790093019546,0.059051474840948526,79.29092320731674
single,linear,0.3,2,0.3,0.2996575342465753,525,525,48,0.8463343108504399,158.50579003295172,0.05366568914956016,79.06461471569331
single,linear,0.3,3,0.3,0.2996575342465753,525,525,6,0.8528906697195192,160.36281798062478,0.04710933028048081,80.07621507198127
single,linear,0.3,3,0.3,0.2996575342465753,525,525,12,0.867892016082711,159.90896223472174,0.032107983917288974,79.84482165514079
single,linear,0.3,3,0.3,0.2996575342465753,525,525,24,0.8478889531521111,161.17294799088728,0.05211104684788892,80.39666368344963
single,linear,0.3,3,0.3,0.2996575342465753,525,525,48,0.8510263929618769,160.3626449931475,0.048973607038123146,79.917493918863
single,linear,0.3,4,0.3,0.2996575342465753,525,525,6,0.8706353749284488,165.9631152005297,0.029364625071551242,82.39996493608703
single,linear,0.3,4,0.3,0.2996575342465753,525,525,12,0.8650201033888569,158.9516261535839,0.03497989661114309,79.28728380760388
single,linear,0.3,4,0.3,0.2996575342465753,525,525,24,0.8490456911509543,162.06127950957296,0.050954308849045726,81.00938144376133
single,linear,0.3,4,0.3,0.2996575342465753,525,525,48,0.8580645161290322,163.48388253923048,0.041935483870967794,81.70408182350177
single,linear,0.3,5,0.3,0.2996575342465753,525,525,6,0.866056096164854,163.48783810474862,0.033943903835146005,81.65027971492583
single,linear,0.3,5,0.3,0.2996575342465753,525,525,12,0.8730614589316484,162.53529882990713,0.026938541068351585,81.09230368462227
single,linear,0.3,5,0.3,0.2996575342465753,525,525,24,0.8478889531521111,160.99715801620943,0.05211104684788892,80.21947396225922
single,linear,0.3,5,0.3,0.2996575342465753,525,525,48,0.8574780058651026,163.34653064258492,0.042521994134897434,81.57119793220619
single,linear,0.3,6,0.3,0.2996575342465753,525,525,6,0.859187178019462,161.5433458157023,0.04081282198053804,80.48002284991972
single,linear,0.3,6,0.3,0.2996575342465753,525,525,12,0.8724870763928777,162.0351024023994,0.02751292360712232,80.90108671108864
single,linear,0.3,6,0.3,0.2996575342465753,525,525,24,0.8490456911509543,162.01294438076673,0.050954308849045726,80.76243189392885
single,linear,0.3,6,0.3,0.2996575342465753,525,525,48,0.8580645161290322,163.45354149703275,0.041935483870967794,81.56582125873472
single,linear,0.3,7,0.3,0.2996575342465753,525,525,6,0.8654836863194046,163.33289255973364,0.03451631368059538,81.64556508655879
single,linear,0.3,7,0.3,0.2996575342465753,525,525,12,0.8759333716255026,163.90672158154257,0.024066628374497467,81.93389900495954
single,linear,0.3,7,0.3,0.2996575342465753,525,525,24,0.8582995951417004,164.65842482428394,0.04170040485829962,82.21303467508523
single,linear,0.3,7,0.3,0.2996575342465753,525,525,48,0.8592375366568915,164.08122438955803,0.04076246334310851,81.98130084011427
single,linear,0.3,8,0.3,0.2996575342465753,525,525,6,0.866056096164854,163.73647005187837,0.033943903835146005,81.76762158297583
single,linear,0.3,8,0.3,0.2996575342465753,525,525,12,0.8673176335439403,159.52395846878974,0.03268236645605971,79.50442969255228
single,linear,0.3,8,0.3,0.2996575342465753,525,525,24,0.8340080971659919,158.16265104706764,0.06599190283400813,78.70489813259735
single,linear,0.3,8,0.3,0.2996575342465753,525,525,48,0.8463343108504399,158.55763370163777,0.05366568914956016,79.05409144556177
single,linear,0.3,9,0.3,0.2996575342465753,525,525,6,0.866056096164854,163.73647005187837,0.033943903835146005,81.76762158297583
single,linear,0.3,9,0.3,0.2996575342465753,525,525,12,0.8724870763928777,162.0351024023994,0.02751292360712232,80.96656255624772
single,linear,0.3,9,0.3,0.2996575342465753,525,525,24,0.849624060150376,162.34434512344444,0.050375939849624074,80.92930788889709
single,linear,0.3,9,0.3,0.2996575342465753,525,525,48,0.8480938416422288,158.96516909958967,0.05190615835777124,79.41088883315442
single,linear,0.3,10,0.3,0.2996575342465753,525,525,6,0.8689181453921008,164.6970913721797,0.03108185460789925,82.24161641983005
single,linear,0.3,10,0.3,0.2996575342465753,525,525,12,0.8598506605399195,157.99236605060176,0.04014933946008048,78.89471280490217
single,linear,0.3,10,0.3,0.2996575342465753,525,525,24,0.8426836321573163,160.32450930316733,0.05731636784268368,79.96340652316815
single,linear,0.3,10,0.3,0.2996575342465753,525,525,48,0.8480938416422288,158.92341869448902,0.05190615835777124,79.2322958378726
single,linear,0.3,11,0.3,0.2996575342465753,525,525,6,0.866056096164854,163.58264822715472,0.033943903835146005,81.66173165149976
single,linear,0.3,11,0.3,0.2996575342465753,525,525,12,0.8598506605399195,157.99236605060176,0.04014933946008048,78.89471280490217
single,linear,0.3,11,0.3,0.2996575342465753,525,525,24,0.8478889531521111,160.99715801620943,0.05211104684788892,80.21947396225922
single,linear,0.3,11,0.3,0.2996575342465753,525,525,48,0.8498533724340176,159.8526611149898,0.05014662756598243,79.77258793171049
single,linear,0.3,12,0.3,0.2996575342465753,525,525,6,0.8689181453921008,164.90276837216845,0.03108185460789925,82.00717373126835
single,linear,0.3,12,0.3,0.2996575342465753,525,525,12,0.8730614589316484,162.51910758593982,0.026938541068351585,81.0914941224239
single,linear,0.3,12,0.3,0.2996575342465753,525,525,24,0.8617698091382302,166.15540204005183,0.03823019086176982,83.00856003181681
single,linear,0.3,12,0.3,0.2996575342465753,525,525,48,0.8885630498533724,174.4363912338574,0.0114369501466276,86.91817713339753
single,linear,0.3,13,0.3,0.2996575342465753,525,525,6,0.8654836863194046,163.3891581265474,0.03451631368059538,81.66173165149976
single,linear,0.3,13,0.3,0.2996575342465753,525,525,12,0.8724870763928777,162.0351024023994,0.02751292360712232,80.96656255624772
single,linear,0.3,13,0.3,0.2996575342465753,525,525,24,0.8484673221515326,161.68114079352026,0.05153267784846738,80.03452194994802
single,linear,0.3,13,0.3,0.2996575342465753,525,525,48,0.8574780058651026,163.0838102301585,0.042521994134897434,81.10991933711874
single,linear,0.3,14,0.3,0.2996575342465753,525,525,6,0.8517458500286205,159.45681944925263,0.048254149971379556,79.64376279804925
single,linear,0.3,14,0.3,0.2996575342465753,525,525,12,0.8724870763928777,161.7682402793768,0.02751292360712232,80.72971650750728
single,linear,0.3,14,0.3,0.2996575342465753,525,525,24,0.8334297281665702,157.34466517123755,0.06657027183342978,78.64327562041395
single,linear,0.3,14,0.3,0.2996575342465753,525,525,48,0.8574780058651026,163.0838102301585,0.042521994134897434,81.34743988312712
single,linear,0.3,15,0.3,0.2996575342465753,525,525,6,0.8528906697195192,160.10401927352814,0.04710933028048081,79.72992174001098
single,linear,0.3,15,0.3,0.2996575342465753,525,525,12,0.8724870763928777,162.0351024023994,0.02751292360712232,80.96656255624772
single,linear,0.3,15,0.3,0.2996575342465753,525,525,24,0.8409485251590515,159.60790093019546,0.059051474840948526,79.5583862316841
single,linear,0.3,15,0.3,0.2996575342465753,525,525,48,0.8651026392961877,165.07859778506634,0.03489736070381233,82.50257942080731
single,linear,0.3,16,0.3,0.2996575342465753,525,525,6,0.8649112764739554,162.93285413507613,0.03508872352604464,80.72146538584889
single,linear,0.3,16,0.3,0.2996575342465753,525,525,12,0.8730614589316484,162.55396786503013,0.026938541068351585,81.26858286670972
single,linear,0.3,16,0.3,0.2996575342465753,525,525,24,0.849624060150376,162.34434512344444,0.050375939849624074,81.0205107175862
single,linear,0.3,16,0.3,0.2996575342465753,525,525,48,0.886217008797654,172.3129903014273,0.013782991202346051,85.94533537840634
single,linear,0.3,17,0.3,0.2996575342465753,525,525,6,0.8517458500286205,159.46286751079126,0.048254149971379556,79.69247168794728
single,linear,0.3,17,0.3,0.2996575342465753,525,525,12,0.8724870763928777,161.7762924243748,0.02751292360712232,80.8845227469383
single,linear,0.3,17,0.3,0.2996575342465753,525,525,24,0.8351648351648352,158.5122152775648,0.06483516483516483,78.87101674327661
single,linear,0.3,17,0.3,0.2996575342465753,525,525,48,0.8592375366568915,163.94006390554927,0.04076246334310851,81.90133876201958
single,linear,0.3,18,0.3,0.2996575342465753,525,525,6,0.8654836863194046,163.31403404626545,0.03451631368059538,81.202893028918
single,linear,0.3,18,0.3,0.2996575342465753,525,525,12,0.8730614589316484,162.51910758593982,0.026938541068351585,81.0914941224239
single,linear,0.3,18,0.3,0.2996575342465753,525,525,24,0.8484673221515326,161.78416279544035,0.05153267784846738,80.03452194994802
single,linear,0.3,18,0.3,0.2996575342465753,525,525,48,0.8480938416422288,158.9349822225964,0.05190615835777124,79.27104030051598
single,linear,0.3,19,0.3,0.2996575342465753,525,525,6,0.8517458500286205,159.46286751079126,0.048254149971379556,79.69247168794728
single,linear,0.3,19,0.3,0.2996575342465753,525,525,12,0.8724870763928777,161.7762924243748,0.02751292360712232,80.8845227469383
single,linear,0.3,19,0.3,0.2996575342465753,525,525,24,0.8351648351648352,158.5122152775648,0.06483516483516483,78.87101674327661
single,linear,0.3,19,0.3,0.2996575342465753,525,525,48,0.8651026392961877,165.07859778506634,0.03489736070381233,82.50257942080731
single,linear,0.4,0,0.4,0.3995433789954338,700,700,6,0.8385804235832857,155.00889570708557,0.06141957641671436,77.22703219330455
single,linear,0.4,0,0.4,0.3995433789954338,700,700,12,0.8541068351522114,154.51399708221388,0.0458931648477886,76.98775537147678
single,linear,0.4,0,0.4,0.3995433789954338,700,700,24,0.8172353961827646,153.16752380576548,0.08276460381723538,76.44643967468089
single,linear,0.4,0,0.4,0.3995433789954338,700,700,48,0.8351906158357771,154.58532529741225,0.06480938416422288,77.02188076769195
single,linear,0.4,1,0.4,0.3995433789954338,700,700,6,0.8397252432741843,155.26996522010114,0.060274756725815726,77.42457811515817
single,linear,0.4,1,0.4,0.3995433789954338,700,700,12,0.8454910970706491,153.2994460192121,0.054508902929350955,76.1343519249503
single,linear,0.4,1,0.4,0.3995433789954338,700,700,24,0.816657027183343,153.01676561219182,0.08334297281665703,76.31274579816836
single,linear,0.4,1,0.4,0.3995433789954338,700,700,48,0.8351906158357771,154.4396002632903,0.06480938416422288,76.83523979953529
single,linear,0.4,2,0.4,0.3995433789954338,700,700,6,0.8362907842014883,154.26677572684173,0.06370921579851174,77.01114668192454
single,linear,0.4,2,0.4,0.3995433789954338,700,700,12,0.8546812176909822,156.04392171107062,0.04531878230901787,77.6922072200287
single,linear,0.4,2,0.4,0.3995433789954338,700,700,24,0.8172353961827646,153.2196335967999,0.08276460381723538,76.55846937193365
single,linear,0.4,2,0.4,0.3995433789954338,700,700,48,0.8480938416422288,159.23764424027152,0.05190615835777124,79.47805651824585
single,linear,0.4,3,0.4,0.3995433789954338,700,700,6,0.8385804235832857,154.62253731524166,0.06141957641671436,77.05945963656467
single,linear,0.4,3,0.4,0.3995433789954338,700,700,12,0.8248133256748995,149.14997863646784,0.07518667432510051,74.55188020024556
single,linear,0.4,3,0.4,0.3995433789954338,700,700,24,0.816657027183343,152.91294571200748,0.08334297281665703,76.27052172914256
single,linear,0.4,3,0.4,0.3995433789954338,700,700,48,0.8316715542521994,152.78975163674195,0.06832844574780061,76.03747104545283
single,linear,0.4,4,0.4,0.3995433789954338,700,700,6,0.8328563251287923,153.05143402991595,0.06714367487120776,76.36137558062936
single,linear,0.4,4,0.4,0.3995433789954338,700,700,12,0.8541068351522114,155.26701384332847,0.0458931648477886,77.29464937916272
single,linear,0.4,4,0.4,0.3995433789954338,700,700,24,0.8235974551764026,155.30975270721993,0.07640254482359743,77.25289995695333
single,linear,0.4,4,0.4,0.3995433789954338,700,700,48,0.8240469208211144,150.20456763366735,0.07595307917888561,74.76059567118796
single,linear,0.4,5,0.4,0.3995433789954338,700,700,6,0.8340011448196909,153.95224708828215,0.06599885518030912,76.61884251452165
single,linear,0.4,5,0.4,0.3995433789954338,700,700,12,0.8248133256748995,149.14997863646784,0.07518667432510051,74.55188020024556
single,linear,0.4,5,0.4,0.3995433789954338,700,700,24,0.816657027183343,152.4267034299159,0.08334297281665703,76.15025708322645
single,linear,0.4,5,0.4,0.3995433789954338,700,700,48,0.829325513196481,151.79227874597768,0.07067448680351907,75.71992333396933
single,linear,0.4,6,0.4,0.3995433789954338,700,700,6,0.8385804235832857,155.00889570708557,0.06141957641671436,77.22703219330455
single,linear,0.4,6,0.4,0.3995433789954338,700,700,12,0.8253877082136704,149.2587882583213,0.07461229178632967,74.60151555226676
single,linear,0.4,6,0.4,0.3995433789954338,700,700,24,0.8207056101792944,154.1913411708114,0.07929438982070558,76.60745660621028
single,linear,0.4,6,0.4,0.3995433789954338,700,700,48,0.8334310850439882,153.86461656068423,0.0665689149560118,76.80325513157008
single,linear,0.4,7,0.4,0.3995433789954338,700,700,6,0.8340011448196909,153.95224708828215,0.06599885518030912,76.61468683938884
single,linear,0.4,7,0.4,0.3995433789954338,700,700,12,0.858701895462378,157.76687667193792,0.04129810453762206,78.85899288604612
single,linear,0.4,7,0.4,0.3995433789954338,700,700,24,0.8282244071717756,156.6451034991378,0.07177559282822443,78.05556399395479
single,linear,0.4,7,0.4,0.3995433789954338,700,700,48,0.8410557184750733,157.25173607573754,0.0589442815249267,78.43963742505052
single,linear,0.4,8,0.4,0.3995433789954338,700,700,6,0.8334287349742415,153.40731332763937,0.0665712650257585,76.59559001155276
single,linear,0.4,8,0.4,0.3995433789954338,700,700,12,0.8357265939115451,150.89950127718987,0.06427340608845489,75.36952028913393
single,linear,0.4,8,0.4,0.3995433789954338,700,700,24,0.8160786581839213,151.69422106362487,0.08392134181607869,75.2616565357108
single,linear,0.4,8,0.4,0.3995433789954338,700,700,48,0.829325513196481,151.85670078469562,0.07067448680351907,75.79835227927394
single,linear,0.4,9,0.4,0.3995433789954338,700,700,6,0.8340011448196909,153.95224708828215,0.06599885518030912,76.68455983598362
single,linear,0.4,9,0.4,0.3995433789954338,700,700,12,0.8368753589890867,151.0884636453302,0.06312464101091331,75.52597517320417
single,linear,0.4,9,0.4,0.3995433789954338,700,700,24,0.8160786581839213,151.69422106362487,0.08392134181607869,75.27471827467265
single,linear,0.4,9,0.4,0.3995433789954338,700,700,48,0.829325513196481,151.85670078469562,0.07067448680351907,75.79835227927394
single,linear,0.4,10,0.4,0.3995433789954338,700,700,6,0.8362907842014883,154.26677572684173,0.06370921579851174,77.01114668192454
single,linear,0.4,10,0.4,0.3995433789954338,700,700,12,0.8546812176909822,156.04392171107062,0.04531878230901787,77.6922072200287
single,linear,0.4,10,0.4,0.3995433789954338,700,700,24,0.8172353961827646,153.2196335967999,0.08276460381723538,76.55846937193365
single,linear,0.4,10,0.4,0.3995433789954338,700,700,48,0.8480938416422288,159.23764424027152,0.05190615835777124,79.47805651824585
single,linear,0.4,11,0.4,0.3995433789954338,700,700,6,0.8385804235832857,155.00889570708557,0.06141957641671436,77.22232826052084
single,linear,0.4,11,0.4,0.3995433789954338,700,700,12,0.8322802986789202,150.60668873872098,0.06771970132107985,75.24889232056546
single,linear,0.4,11,0.4,0.3995433789954338,700,700,24,0.8131868131868132,150.51831362205508,0.08681318681318684,75.14116278172038
single,linear,0.4,11,0.4,0.3995433789954338,700,700,48,0.8334310850439882,153.86461656068423,0.0665689149560118,76.55231300692103
single,linear,0.4,12,0.4,0.3995433789954338,700,700,6,0.8328563251287923,153.05143402991595,0.06714367487120776,76.39244211740268
single,linear,0.4,12,0.4,0.3995433789954338,700,700,12,0.8340034462952326,150.72121161172095,0.06599655370476742,75.3090705130105
single,linear,0.4,12,0.4,0.3995433789954338,700,700,24,0.8218623481781376,154.3100154433834,0.07813765182186239,76.74495948461116
single,linear,0.4,12,0.4,0.3995433789954338,700,700,48,0.8510263929618769,160.60836940664637,0.048973607038123146,80.08207901742585
single,linear,0.4,13,0.4,0.3995433789954338,700,700,6,0.8357183743560389,154.09233963941602,0.06428162564396112,76.83989010398038
single,linear,0.4,13,0.4,0.3995433789954338,700,700,12,0.8305571510626077,150.29956056174333,0.06944284893739228,74.84667566621769
single,linear,0.4,13,0.4,0.3995433789954338,700,700,24,0.8091382301908617,148.6032293408004,0.09086176980913829,74.03301090651524
single,linear,0.4,13,0.4,0.3995433789954338,700,700,48,0.8152492668621701,146.82521177619174,0.08475073313782988,73.36038782181748
single,linear,0.4,14,0.4,0.3995433789954338,700,700,6,0.8317115054378935,152.72271336393794,0.0682884945621065,75.86990813147153
single,linear,0.4,14,0.4,0.3995433789954338,700,700,12,0.8454910970706491,153.2994460192121,0.054508902929350955,75.97166413036851
single,linear,0.4,14,0.4,0.3995433789954338,700,700,24,0.8131868131868132,150.48099436787837,0.08681318681318684,74.44003030940726
single,linear,0.4,14,0.4,0.3995433789954338,700,700,48,0.829325513196481,151.76859181734258,0.07067448680351907,75.37410631721887
single,linear,0.4,15,0.4,0.3995433789954338,700,700,6,0.8322839152833429,152.84697951103126,0.06771608471665713,76.16731884190384
single,linear,0.4,15,0.4,0.3995433789954338,700,700,12,0.8541068351522114,155.31113585438916,0.0458931648477886,77.63571302221727
single,linear,0.4,15,0.4,0.3995433789954338,700,700,24,0.8172353961827646,153.17673487706062,0.08276460381723538,76.55708771123939
single,linear,0.4,15,0.4,0.3995433789954338,700,700,48,0.8363636363636363,155.2915660635774,0.06363636363636371,77.47628914633768
single,linear,0.4,16,0.4,0.3995433789954338,700,700,6,0.8357183743560389,154.09233963941602,0.06428162564396112,76.82079327614431
single,linear,0.4,16,0.4,0.3995433789954338,700,700,12,0.8500861573808156,153.91567892748012,0.04991384261918441,76.68053465501949
single,linear,0.4,16,0.4,0.3995433789954338,700,700,24,0.8207056101792944,154.12058483820806,0.07929438982070558,76.5948022464912
single,linear,0.4,16,0.4,0.3995433789954338,700,700,48,0.844574780058651,158.3383956895065,0.05542521994134897,78.82300682480182
single,linear,0.4,17,0.4,0.3995433789954338,700,700,6,0.8334287349742415,153.3309260162951,0.0665712650257585,76.4746033852368
single,linear,0.4,17,0.4,0.3995433789954338,700,700,12,0.8541068351522114,155.26701384332847,0.0458931648477886,77.29464937916272
single,linear,0.4,17,0.4,0.3995433789954338,700,700,24,0.8160786581839213,151.69422106362487,0.08392134181607869,75.37714783300278
single,linear,0.4,17,0.4,0.3995433789954338,700,700,48,0.8357771260997068,155.10997243350238,0.06422287390029324,77.21353284244354
single,linear,0.4,18,0.4,0.3995433789954338,700,700,6,0.8420148826559817,156.66999342076693,0.057985117344018344,78.00780883107385
single,linear,0.4,18,0.4,0.3995433789954338,700,700,12,0.8500861573808156,153.91567892748012,0.04991384261918441,76.74060629497633
single,linear,0.4,18,0.4,0.3995433789954338,700,700,24,0.8311162521688837,157.02033284545107,0.06888374783111628,78.21857697058965
single,linear,0.4,18,0.4,0.3995433789954338,700,700,48,0.852199413489736,160.76755990345896,0.047800586510263976,80.16808256215046
single,linear,0.4,19,0.4,0.3995433789954338,700,700,6,0.8322839152833429,152.84697951103126,0.06771608471665713,76.16731884190384
single,linear,0.4,19,0.4,0.3995433789954338,700,700,12,0.8500861573808156,153.91567892748012,0.04991384261918441,76.68053465501949
single,linear,0.4,19,0.4,0.3995433789954338,700,700,24,0.8131868131868132,150.48099436787837,0.08681318681318684,74.44003030940726
single,linear,0.4,19,0.4,0.3995433789954338,700,700,48,0.829325513196481,151.85670078469562,0.07067448680351907,75.89258633369357
single,linear,0.5,0,0.5,0.5,876,876,6,0.8036634230108758,142.51319148162025,0.09633657698912423,70.93884570976218
single,linear,0.5,0,0.5,0.5,876,876,12,0.7978173463526709,141.85529595105885,0.10218265364732915,70.45798198371604
single,linear,0.5,0,0.5,0.5,876,876,24,0.7773279352226721,139.75726660501294,0.12267206477732795,69.47783215157354
single,linear,0.5,0,0.5,0.5,876,876,48,0.8023460410557185,143.17313475018227,0.09765395894428153,71.47903004658204
single,linear,0.5,1,0.5,0.5,876,876,6,0.813966800228964,146.11007505301762,0.08603319977103607,72.68931824917965
single,linear,0.5,1,0.5,0.5,876,876,12,0.8259620907524411,149.27664962236344,0.07403790924755893,74.55859816074964
single,linear,0.5,1,0.5,0.5,876,876,24,0.8155002891844997,151.60145573318465,0.08449971081550034,75.53034883971402
single,linear,0.5,1,0.5,0.5,876,876,48,0.8175953079178886,147.97452043854008,0.08240469208211143,73.40647527866724
single,linear,0.5,2,0.5,0.5,876,876,6,0.8059530623926732,143.3300302981138,0.09404693760732685,71.42296974396899
single,linear,0.5,2,0.5,0.5,876,876,12,0.7983917288914417,142.0990022327693,0.1016082711085583,70.89069836309957
single,linear,0.5,2,0.5,0.5,876,876,24,0.7721226142278774,138.46437095126174,0.1278773857721226,69.13592330881099
single,linear,0.5,2,0.5,0.5,876,876,48,0.7859237536656891,138.6117221791035,0.1140762463343109,69.20501202367645
single,linear,0.5,3,0.5,0.5,876,876,6,0.8133943903835146,145.90653325922585,0.08660560961648545,72.51579099104681
single,linear,0.5,3,0.5,0.5,876,876,12,0.7995404939689833,142.5817543485186,0.10045950603101672,71.12582775254754
single,linear,0.5,3,0.5,0.5,876,876,24,0.7987275882012724,146.4306259151307,0.10127241179872759,73.03990075410702
single,linear,0.5,3,0.5,0.5,876,876,48,0.8175953079178886,147.86663938745554,0.08240469208211143,73.86320869558651
single,linear,0.5,4,0.5,0.5,876,876,6,0.8099599313108186,145.1740968637958,0.09004006868918146,72.36328768767757
single,linear,0.5,4,0.5,0.5,876,876,12,0.7995404939689833,142.80470437104904,0.10045950603101672,71.3132974953581
single,linear,0.5,4,0.5,0.5,876,876,24,0.7831116252168884,140.80466427445455,0.11688837478311165,69.67414619063388
single,linear,0.5,4,0.5,0.5,876,876,48,0.7859237536656891,138.4879742774403,0.1140762463343109,69.05335531318187
single,linear,0.5,5,0.5,0.5,876,876,6,0.8099599313108186,145.11442326029237,0.09004006868918146,72.35245561870721
single,linear,0.5,5,0.5,0.5,876,876,12,0.7949454336588168,140.23495623722198,0.10505456634118326,69.61960768841634
single,linear,0.5,5,0.5,0.5,876,876,24,0.7917871602082128,144.05793523745768,0.1082128397917872,71.39200398384662
single,linear,0.5,5,0.5,0.5,876,876,48,0.8105571847507331,145.47832919753697,0.0894428152492669,72.51412722479688
single,linear,0.5,6,0.5,0.5,876,876,6,0.8036634230108758,142.6118626394483,0.09633657698912423,71.12852489840216
single,linear,0.5,6,0.5,0.5,876,876,12,0.7978173463526709,141.85529595105885,0.10218265364732915,70.45798198371604
single,linear,0.5,6,0.5,0.5,876,876,24,0.7877385772122614,142.680769860012,0.11226142278773865,70.83421267552323
single,linear,0.5,6,0.5,0.5,876,876,48,0.8111436950146628,145.99942710958808,0.08885630498533725,72.7730299553457
single,linear,0.5,7,0.5,0.5,876,876,6,0.8070978820835718,143.97794326294968,0.09290211791642822,71.89973635253256
single,linear,0.5,7,0.5,0.5,876,876,12,0.8127512923607122,145.5466998457428,0.08724870763928783,72.56781486044889
single,linear,0.5,7,0.5,0.5,876,876,24,0.7964141122035859,145.49818352874945,0.10358588779641409,72.33382662125129
single,linear,0.5,7,0.5,0.5,876,876,48,0.807624633431085,144.50025679358643,0.09237536656891498,72.08119239378021
single,linear,0.5,8,0.5,0.5,876,876,6,0.8070978820835718,143.8579070836028,0.09290211791642822,71.76776715616029
single,linear,0.5,8,0.5,0.5,876,876,12,0.7972429638139,141.17618664760332,0.10275703618609999,70.42402651854322
single,linear,0.5,8,0.5,0.5,876,876,24,0.7750144592249856,139.45559321565582,0.12498554077501445,69.48844714005884
single,linear,0.5,8,0.5,0.5,876,876,48,0.782991202346041,136.41544102308166,0.117008797653959,67.92472853428632
single,linear,0.5,9,0.5,0.5,876,876,6,0.8070978820835718,143.97794326294968,0.09290211791642822,71.89973635253256
single,linear,0.5,9,0.5,0.5,876,876,12,0.8047099368179207,143.4052238567005,0.09529006318207933,71.58535382640429
single,linear,0.5,9,0.5,0.5,876,876,24,0.7975708502024291,145.7341071103803,0.1024291497975709,72.65773837183855
single,linear,0.5,9,0.5,0.5,876,876,48,0.7958944281524927,141.74011462943085,0.10410557184750735,70.65649499192249
single,linear,0.5,10,0.5,0.5,876,876,6,0.8042358328563252,142.77575702870783,0.09576416714367486,71.3084493322283
single,linear,0.5,10,0.5,0.5,876,876,12,0.7949454336588168,140.23495623722198,0.10505456634118326,70.02125516073028
single,linear,0.5,10,0.5,0.5,876,876,24,0.7773279352226721,139.75726660501294,0.12267206477732795,69.67414619063388
single,linear,0.5,10,0.5,0.5,876,876,48,0.7870967741935484,139.23988002652993,0.11290322580645162,69.45569974633578
single,linear,0.5,11,0.5,0.5,876,876,6,0.7996565540927304,141.7544747270603,0.10034344590726962,70.63224500674366
single,linear,0.5,11,0.5,0.5,876,876,12,0.7897759908098794,138.65897573918323,0.11022400919012065,69.26543609677313
single,linear,0.5,11,0.5,0.5,876,876,24,0.7669172932330827,136.83619516848594,0.13308270676691736,68.36170539463976
single,linear,0.5,11,0.5,0.5,876,876,48,0.782991202346041,136.3321034090125,0.117008797653959,68.08122706880616
single,linear,0.5,12,0.5,0.5,876,876,6,0.8133943903835146,145.90653325922585,0.08660560961648545,72.51579099104681
single,linear,0.5,12,0.5,0.5,876,876,12,0.7949454336588168,140.23495623722198,0.10505456634118326,69.61960768841634
single,linear,0.5,12,0.5,0.5,876,876,24,0.7975708502024291,145.77813319274696,0.1024291497975709,72.2389674241615
single,linear,0.5,12,0.5,0.5,876,876,48,0.8175953079178886,147.69457277838026,0.08240469208211143,73.66315845344154
single,linear,0.5,13,0.5,0.5,876,876,6,0.8070978820835718,143.8579070836028,0.09290211791642822,71.76776715616029
single,linear,0.5,13,0.5,0.5,876,876,12,0.7955198161975876,140.81159374702895,0.10448018380241242,70.30709465751814
single,linear,0.5,13,0.5,0.5,876,876,24,0.78368999421631,141.246167317262,0.11631000578369,70.03574295292269
single,linear,0.5,13,0.5,0.5,876,876,48,0.7865102639296188,139.03983262705785,0.11348973607038126,69.28729890430228
single,linear,0.5,14,0.5,0.5,876,876,6,0.8036634230108758,142.51319148162025,0.09633657698912423,70.93884570976218
single,linear,0.5,14,0.5,0.5,876,876,12,0.8087306145893165,144.51773624598886,0.09126938541068352,72.15254936451817
single,linear,0.5,14,0.5,0.5,876,876,24,0.7750144592249856,139.45559321565582,0.12498554077501445,69.22942250695661
single,linear,0.5,14,0.5,0.5,876,876,48,0.8175953079178886,147.86663938745554,0.08240469208211143,73.86320869558651
single,linear,0.5,15,0.5,0.5,876,876,6,0.8070978820835718,143.97794326294968,0.09290211791642822,71.89973635253256
single,linear,0.5,15,0.5,0.5,876,876,12,0.7995404939689833,142.5817543485186,0.10045950603101672,71.01811762177779
single,linear,0.5,15,0.5,0.5,876,876,24,0.7750144592249856,139.45559321565582,0.12498554077501445,69.48844714005884
single,linear,0.5,15,0.5,0.5,876,876,48,0.782991202346041,136.51780774505386,0.117008797653959,68.15672809384087
single,linear,0.5,16,0.5,0.5,876,876,6,0.8036634230108758,142.6118626394483,0.09633657698912423,71.12852489840216
single,linear,0.5,16,0.5,0.5,876,876,12,0.8052843193566915,143.8518214516862,0.09471568064330849,71.92355619753104
single,linear,0.5,16,0.5,0.5,876,876,24,0.7993059572006941,146.75131464111087,0.10069404279930594,73.03990075410702
single,linear,0.5,16,0.5,0.5,876,876,48,0.832258064516129,153.48136206715344,0.06774193548387097,76.55231300692103
single,linear,0.5,17,0.5,0.5,876,876,6,0.8036634230108758,142.51319148162025,0.09633657698912423,70.93884570976218
single,linear,0.5,17,0.5,0.5,876,876,12,0.8064330844342332,144.14425904925702,0.0935669155657668,72.04669508996925
single,linear,0.5,17,0.5,0.5,876,876,24,0.7813765182186235,140.26269486080542,0.1186234817813765,69.77304761623148
single,linear,0.5,17,0.5,0.5,876,876,48,0.8117302052785924,146.11534832001837,0.08826979472140761,72.92154886798639
single,linear,0.5,18,0.5,0.5,876,876,6,0.8076702919290212,144.21449021010565,0.09232970807097884,72.08387408147908
single,linear,0.5,18,0.5,0.5,876,876,12,0.8035611717403791,143.14465029682054,0.09643882825962091,71.31902197167443
single,linear,0.5,18,0.5,0.5,876,876,24,0.7987275882012724,146.482304271132,0.10127241179872759,73.03990075410702
single,linear,0.5,18,0.5,0.5,876,876,48,0.8175953079178886,147.97452043854008,0.08240469208211143,73.66533939325758
single,linear,0.5,19,0.5,0.5,876,876,6,0.8036634230108758,142.51319148162025,0.09633657698912423,70.93884570976218
single,linear,0.5,19,0.5,0.5,876,876,12,0.8047099368179207,143.713499451637,0.09529006318207933,71.7180257080971
single,linear,0.5,19,0.5,0.5,876,876,24,0.7721226142278774,138.33774613919218,0.1278773857721226,68.87090515777881
single,linear,0.5,19,0.5,0.5,876,876,48,0.7917888563049853,140.3358099164388,0.10821114369501472,69.98615705217411
single,ffill,0.0,0,0.0,0.0,0,0,6,0.9107040641099027,184.51546580978544,0.010704064109902656,91.93317010364271
single,ffill,0.0,0,0.0,0.0,0,0,12,0.9126938541068351,180.21297386954228,0.0126938541068351,89.99882550417082
single,ffill,0.0,0,0.0,0.0,0,0,24,0.8837478311162522,179.09690038815052,0.01625216888374781,89.4281193996245
single,ffill,0.0,0,0.0,0.0,0,0,48,0.9020527859237537,180.37481308589946,0.002052785923753686,89.8818789254163
single,ffill,0.0,1,0.0,0.0,0,0,6,0.9107040641099027,184.51546580978544,0.010704064109902656,91.93317010364271
single,ffill,0.0,1,0.0,0.0,0,0,12,0.9126938541068351,180.21297386954228,0.0126938541068351,89.99882550417082
single,ffill,0.0,1,0.0,0.0,0,0,24,0.8837478311162522,179.09690038815052,0.01625216888374781,89.4281193996245
single,ffill,0.0,1,0.0,0.0,0,0,48,0.9020527859237537,180.37481308589946,0.002052785923753686,89.8818789254163
single,ffill,0.0,2,0.0,0.0,0,0,6,0.9107040641099027,184.51546580978544,0.010704064109902656,91.93317010364271
single,ffill,0.0,2,0.0,0.0,0,0,12,0.9126938541068351,180.21297386954228,0.0126938541068351,89.99882550417082
single,ffill,0.0,2,0.0,0.0,0,0,24,0.8837478311162522,179.09690038815052,0.01625216888374781,89.4281193996245
single,ffill,0.0,2,0.0,0.0,0,0,48,0.9020527859237537,180.37481308589946,0.002052785923753686,89.8818789254163
single,ffill,0.0,3,0.0,0.0,0,0,6,0.9107040641099027,184.51546580978544,0.010704064109902656,91.93317010364271
single,ffill,0.0,3,0.0,0.0,0,0,12,0.9126938541068351,180.21297386954228,0.0126938541068351,89.99882550417082
single,ffill,0.0,3,0.0,0.0,0,0,24,0.8837478311162522,179.09690038815052,0.01625216888374781,89.4281193996245
single,ffill,0.0,3,0.0,0.0,0,0,48,0.9020527859237537,180.37481308589946,0.002052785923753686,89.8818789254163
single,ffill,0.0,4,0.0,0.0,0,0,6,0.9107040641099027,184.51546580978544,0.010704064109902656,91.93317010364271
single,ffill,0.0,4,0.0,0.0,0,0,12,0.9126938541068351,180.21297386954228,0.0126938541068351,89.99882550417082
single,ffill,0.0,4,0.0,0.0,0,0,24,0.8837478311162522,179.09690038815052,0.01625216888374781,89.4281193996245
single,ffill,0.0,4,0.0,0.0,0,0,48,0.9020527859237537,180.37481308589946,0.002052785923753686,89.8818789254163
single,ffill,0.0,5,0.0,0.0,0,0,6,0.9107040641099027,184.51546580978544,0.010704064109902656,91.93317010364271
single,ffill,0.0,5,0.0,0.0,0,0,12,0.9126938541068351,180.21297386954228,0.0126938541068351,89.99882550417082
single,ffill,0.0,5,0.0,0.0,0,0,24,0.8837478311162522,179.09690038815052,0.01625216888374781,89.4281193996245
single,ffill,0.0,5,0.0,0.0,0,0,48,0.9020527859237537,180.37481308589946,0.002052785923753686,89.8818789254163
single,ffill,0.0,6,0.0,0.0,0,0,6,0.9107040641099027,184.51546580978544,0.010704064109902656,91.93317010364271
single,ffill,0.0,6,0.0,0.0,0,0,12,0.9126938541068351,180.21297386954228,0.0126938541068351,89.99882550417082
single,ffill,0.0,6,0.0,0.0,0,0,24,0.8837478311162522,179.09690038815052,0.01625216888374781,89.4281193996245
single,ffill,0.0,6,0.0,0.0,0,0,48,0.9020527859237537,180.37481308589946,0.002052785923753686,89.8818789254163
single,ffill,0.0,7,0.0,0.0,0,0,6,0.9107040641099027,184.51546580978544,0.010704064109902656,91.93317010364271
single,ffill,0.0,7,0.0,0.0,0,0,12,0.9126938541068351,180.21297386954228,0.0126938541068351,89.99882550417082
single,ffill,0.0,7,0.0,0.0,0,0,24,0.8837478311162522,179.09690038815052,0.01625216888374781,89.4281193996245
single,ffill,0.0,7,0.0,0.0,0,0,48,0.9020527859237537,180.37481308589946,0.002052785923753686,89.8818789254163
single,ffill,0.0,8,0.0,0.0,0,0,6,0.9107040641099027,184.51546580978544,0.010704064109902656,91.93317010364271
single,ffill,0.0,8,0.0,0.0,0,0,12,0.9126938541068351,180.21297386954228,0.0126938541068351,89.99882550417082
single,ffill,0.0,8,0.0,0.0,0,0,24,0.8837478311162522,179.09690038815052,0.01625216888374781,89.4281193996245
single,ffill,0.0,8,0.0,0.0,0,0,48,0.9020527859237537,180.37481308589946,0.002052785923753686,89.8818789254163
single,ffill,0.0,9,0.0,0.0,0,0,6,0.9107040641099027,184.51546580978544,0.010704064109902656,91.93317010364271
single,ffill,0.0,9,0.0,0.0,0,0,12,0.9126938541068351,180.21297386954228,0.0126938541068351,89.99882550417082
single,ffill,0.0,9,0.0,0.0,0,0,24,0.8837478311162522,179.09690038815052,0.01625216888374781,89.4281193996245
single,ffill,0.0,9,0.0,0.0,0,0,48,0.9020527859237537,180.37481308589946,0.002052785923753686,89.8818789254163
single,ffill,0.0,10,0.0,0.0,0,0,6,0.9107040641099027,184.51546580978544,0.010704064109902656,91.93317010364271
single,ffill,0.0,10,0.0,0.0,0,0,12,0.9126938541068351,180.21297386954228,0.0126938541068351,89.99882550417082
single,ffill,0.0,10,0.0,0.0,0,0,24,0.8837478311162522,179.09690038815052,0.01625216888374781,89.4281193996245
single,ffill,0.0,10,0.0,0.0,0,0,48,0.9020527859237537,180.37481308589946,0.002052785923753686,89.8818789254163
single,ffill,0.0,11,0.0,0.0,0,0,6,0.9107040641099027,184.51546580978544,0.010704064109902656,91.93317010364271
single,ffill,0.0,11,0.0,0.0,0,0,12,0.9126938541068351,180.21297386954228,0.0126938541068351,89.99882550417082
single,ffill,0.0,11,0.0,0.0,0,0,24,0.8837478311162522,179.09690038815052,0.01625216888374781,89.4281193996245
single,ffill,0.0,11,0.0,0.0,0,0,48,0.9020527859237537,180.37481308589946,0.002052785923753686,89.8818789254163
single,ffill,0.0,12,0.0,0.0,0,0,6,0.9107040641099027,184.51546580978544,0.010704064109902656,91.93317010364271
single,ffill,0.0,12,0.0,0.0,0,0,12,0.9126938541068351,180.21297386954228,0.0126938541068351,89.99882550417082
single,ffill,0.0,12,0.0,0.0,0,0,24,0.8837478311162522,179.09690038815052,0.01625216888374781,89.4281193996245
single,ffill,0.0,12,0.0,0.0,0,0,48,0.9020527859237537,180.37481308589946,0.002052785923753686,89.8818789254163
single,ffill,0.0,13,0.0,0.0,0,0,6,0.9107040641099027,184.51546580978544,0.010704064109902656,91.93317010364271
single,ffill,0.0,13,0.0,0.0,0,0,12,0.9126938541068351,180.21297386954228,0.0126938541068351,89.99882550417082
single,ffill,0.0,13,0.0,0.0,0,0,24,0.8837478311162522,179.09690038815052,0.01625216888374781,89.4281193996245
single,ffill,0.0,13,0.0,0.0,0,0,48,0.9020527859237537,180.37481308589946,0.002052785923753686,89.8818789254163
single,ffill,0.0,14,0.0,0.0,0,0,6,0.9107040641099027,184.51546580978544,0.010704064109902656,91.93317010364271
single,ffill,0.0,14,0.0,0.0,0,0,12,0.9126938541068351,180.21297386954228,0.0126938541068351,89.99882550417082
single,ffill,0.0,14,0.0,0.0,0,0,24,0.8837478311162522,179.09690038815052,0.01625216888374781,89.4281193996245
single,ffill,0.0,14,0.0,0.0,0,0,48,0.9020527859237537,180.37481308589946,0.002052785923753686,89.8818789254163
single,ffill,0.0,15,0.0,0.0,0,0,6,0.9107040641099027,184.51546580978544,0.010704064109902656,91.93317010364271
single,ffill,0.0,15,0.0,0.0,0,0,12,0.9126938541068351,180.21297386954228,0.0126938541068351,89.99882550417082
single,ffill,0.0,15,0.0,0.0,0,0,24,0.8837478311162522,179.09690038815052,0.01625216888374781,89.4281193996245
single,ffill,0.0,15,0.0,0.0,0,0,48,0.9020527859237537,180.37481308589946,0.002052785923753686,89.8818789254163
single,ffill,0.0,16,0.0,0.0,0,0,6,0.9107040641099027,184.51546580978544,0.010704064109902656,91.93317010364271
single,ffill,0.0,16,0.0,0.0,0,0,12,0.9126938541068351,180.21297386954228,0.0126938541068351,89.99882550417082
single,ffill,0.0,16,0.0,0.0,0,0,24,0.8837478311162522,179.09690038815052,0.01625216888374781,89.4281193996245
single,ffill,0.0,16,0.0,0.0,0,0,48,0.9020527859237537,180.37481308589946,0.002052785923753686,89.8818789254163
single,ffill,0.0,17,0.0,0.0,0,0,6,0.9107040641099027,184.51546580978544,0.010704064109902656,91.93317010364271
single,ffill,0.0,17,0.0,0.0,0,0,12,0.9126938541068351,180.21297386954228,0.0126938541068351,89.99882550417082
single,ffill,0.0,17,0.0,0.0,0,0,24,0.8837478311162522,179.09690038815052,0.01625216888374781,89.4281193996245
single,ffill,0.0,17,0.0,0.0,0,0,48,0.9020527859237537,180.37481308589946,0.002052785923753686,89.8818789254163
single,ffill,0.0,18,0.0,0.0,0,0,6,0.9107040641099027,184.51546580978544,0.010704064109902656,91.93317010364271
single,ffill,0.0,18,0.0,0.0,0,0,12,0.9126938541068351,180.21297386954228,0.0126938541068351,89.99882550417082
single,ffill,0.0,18,0.0,0.0,0,0,24,0.8837478311162522,179.09690038815052,0.01625216888374781,89.4281193996245
single,ffill,0.0,18,0.0,0.0,0,0,48,0.9020527859237537,180.37481308589946,0.002052785923753686,89.8818789254163
single,ffill,0.0,19,0.0,0.0,0,0,6,0.9107040641099027,184.51546580978544,0.010704064109902656,91.93317010364271
single,ffill,0.0,19,0.0,0.0,0,0,12,0.9126938541068351,180.21297386954228,0.0126938541068351,89.99882550417082
single,ffill,0.0,19,0.0,0.0,0,0,24,0.8837478311162522,179.09690038815052,0.01625216888374781,89.4281193996245
single,ffill,0.0,19,0.0,0.0,0,0,48,0.9020527859237537,180.37481308589946,0.002052785923753686,89.8818789254163
single,ffill,0.1,0,0.1,0.09988584474885845,175,175,6,0.9055523755008587,181.6634136139425,0.005552375500858631,90.09539355251636
single,ffill,0.1,0,0.1,0.09988584474885845,175,175,12,0.9017805858701895,175.9521242771005,0.0017805858701894772,87.87680396801575
single,ffill,0.1,0,0.1,0.09988584474885845,175,175,24,0.8704453441295547,171.68527008667547,0.029554655870445368,85.77814314432904
single,ffill,0.1,0,0.1,0.09988584474885845,175,175,48,0.8944281524926686,177.6044550914578,0.005571847507331418,88.33655361020685
single,ffill,0.1,1,0.1,0.09988584474885845,175,175,6,0.9015455065827133,179.4411042440128,0.0015455065827132408,89.69772489465831
single,ffill,0.1,1,0.1,0.09988584474885845,175,175,12,0.9075244112578977,178.26693214437665,0.007524411257897712,89.13176484810072
single,ffill,0.1,1,0.1,0.09988584474885845,175,175,24,0.8710237131289763,172.35970947259818,0.028976286871023715,86.16273010562836
single,ffill,0.1,1,0.1,0.09988584474885845,175,175,48,0.9008797653958944,179.74088699511253,0.0008797653958944052,89.78567973981339
single,ffill,0.1,2,0.1,0.09988584474885845,175,175,6,0.9015455065827133,179.5927030752469,0.0015455065827132408,89.71113254093619
single,ffill,0.1,2,0.1,0.09988584474885845,175,175,12,0.9017805858701895,175.9521242771005,0.0017805858701894772,87.87680396801575
single,ffill,0.1,2,0.1,0.09988584474885845,175,175,24,0.8704453441295547,171.44584812652067,0.029554655870445368,85.5231886315459
single,ffill,0.1,2,0.1,0.09988584474885845,175,175,48,0.8885630498533724,174.40054403096275,0.0114369501466276,86.91817713339753
single,ffill,0.1,3,0.1,0.09988584474885845,175,175,6,0.9055523755008587,181.5582587289428,0.005552375500858631,90.25974782516218
single,ffill,0.1,3,0.1,0.09988584474885845,175,175,12,0.9046524985640436,176.94634648810415,0.0046524985640435945,88.34324141096117
single,ffill,0.1,3,0.1,0.09988584474885845,175,175,24,0.8820127241179873,178.55000352486348,0.017987275882012765,89.10766360465307
single,ffill,0.1,3,0.1,0.09988584474885845,175,175,48,0.9049853372434018,181.76111616920548,0.004985337243401777,90.74817719988968
single,ffill,0.1,4,0.1,0.09988584474885845,175,175,6,0.9026903262736119,180.11027253039327,0.002690326273611876,89.90638357167288
single,ffill,0.1,4,0.1,0.09988584474885845,175,175,12,0.9040781160252729,176.65760908123542,0.00407811602527286,88.20472073049294
single,ffill,0.1,4,0.1,0.09988584474885845,175,175,24,0.8704453441295547,171.41156785471813,0.029554655870445368,85.31899111834066
single,ffill,0.1,4,0.1,0.09988584474885845,175,175,48,0.8885630498533724,174.40054403096275,0.0114369501466276,86.91817713339753
single,ffill,0.1,5,0.1,0.09988584474885845,175,175,6,0.9009730967372639,178.84425432253207,0.0009730967372638677,88.84607525585848
single,ffill,0.1,5,0.1,0.09988584474885845,175,175,12,0.9000574382538771,174.86423128864678,5.743825387705126e-05,87.32076963688979
single,ffill,0.1,5,0.1,0.09988584474885845,175,175,24,0.8669751301330249,169.73120280060368,0.03302486986697517,84.76661657807868
single,ffill,0.1,5,0.1,0.09988584474885845,175,175,48,0.8932551319648094,176.6384501130189,0.006744868035190588,88.07357292451105
single,ffill,0.1,6,0.1,0.09988584474885845,175,175,6,0.8952489982827705,177.73133245562218,0.0047510017172295305,88.7405481846555
single,ffill,0.1,6,0.1,0.09988584474885845,175,175,12,0.9017805858701895,175.9521242771005,0.0017805858701894772,87.87680396801575
single,ffill,0.1,6,0.1,0.09988584474885845,175,175,24,0.8704453441295547,171.44584812652067,0.029554655870445368,85.31899111834066
single,ffill,0.1,6,0.1,0.09988584474885845,175,175,48,0.8944281524926686,177.9532952078951,0.005571847507331418,88.83360341476128
single,ffill,0.1,7,0.1,0.09988584474885845,175,175,6,0.9015455065827133,179.1283395526857,0.0015455065827132408,89.14389669453857
single,ffill,0.1,7,0.1,0.09988584474885845,175,175,12,0.9075244112578977,178.26693214437665,0.007524411257897712,89.13176484810072
single,ffill,0.1,7,0.1,0.09988584474885845,175,175,24,0.8820127241179873,178.54500825699492,0.017987275882012765,89.10402992018886
single,ffill,0.1,7,0.1,0.09988584474885845,175,175,48,0.9008797653958944,179.74541937350523,0.0008797653958944052,89.85442542550689
single,ffill,0.1,8,0.1,0.09988584474885845,175,175,6,0.9055523755008587,181.5582587289428,0.005552375500858631,90.09539355251636
single,ffill,0.1,8,0.1,0.09988584474885845,175,175,12,0.9000574382538771,174.86423128864678,5.743825387705126e-05,87.32076963688979
single,ffill,0.1,8,0.1,0.09988584474885845,175,175,24,0.8704453441295547,171.56795526001468,0.029554655870445368,85.7387396394223
single,ffill,0.1,8,0.1,0.09988584474885845,175,175,48,0.8885630498533724,174.4363912338574,0.0114369501466276,86.91817713339753
single,ffill,0.1,9,0.1,0.09988584474885845,175,175,6,0.9055523755008587,181.6634136139425,0.005552375500858631,90.44876856842261
single,ffill,0.1,9,0.1,0.09988584474885845,175,175,12,0.9017805858701895,175.99531266989408,0.0017805858701894772,87.87896338765543
single,ffill,0.1,9,0.1,0.09988584474885845,175,175,24,0.8710237131289763,172.3357279213209,0.028976286871023715,85.9053962160688
single,ffill,0.1,9,0.1,0.09988584474885845,175,175,48,0.8909090909090909,175.53591996627745,0.00909090909090915,87.72156847547012
single,ffill,0.1,10,0.1,0.09988584474885845,175,175,6,0.9061247853463079,182.58015268839893,0.006124785346307893,90.92859318452642
single,ffill,0.1,10,0.1,0.09988584474885845,175,175,12,0.9040781160252729,176.65760908123542,0.00407811602527286,88.20472073049294
single,ffill,0.1,10,0.1,0.09988584474885845,175,175,24,0.8820127241179873,178.54500825699492,0.017987275882012765,88.83885291106813
single,ffill,0.1,10,0.1,0.09988584474885845,175,175,48,0.9008797653958944,179.74541937350523,0.0008797653958944052,89.78567973981339
single,ffill,0.1,11,0.1,0.09988584474885845,175,175,6,0.9015455065827133,179.5927030752469,0.0015455065827132408,89.71113254093619
single,ffill,0.1,11,0.1,0.09988584474885845,175,175,12,0.9069500287191269,177.9958316995383,0.006950028719126866,88.60210728038098
single,ffill,0.1,11,0.1,0.09988584474885845,175,175,24,0.8704453441295547,171.68527008667547,0.029554655870445368,85.77814314432904
single,ffill,0.1,11,0.1,0.09988584474885845,175,175,48,0.8897360703812317,175.41284893532514,0.01026392961876832,87.69128591640879
single,ffill,0.1,12,0.1,0.09988584474885845,175,175,6,0.9015455065827133,179.38747365890123,0.0015455065827132408,89.49314846880443
single,ffill,0.1,12,0.1,0.09988584474885845,175,175,12,0.8989086731763355,173.67961669950998,0.001091326823664529,86.30150693332315
single,ffill,0.1,12,0.1,0.09988584474885845,175,175,24,0.8692886061307113,170.8898670095377,0.030711393869288672,85.2225989379008
single,ffill,0.1,12,0.1,0.09988584474885845,175,175,48,0.886217008797654,172.02564234944535,0.013782991202346051,85.82802801156011
single,ffill,0.1,13,0.1,0.09988584474885845,175,175,6,0.9026903262736119,180.11027253039327,0.002690326273611876,89.90638357167288
single,ffill,0.1,13,0.1,0.09988584474885845,175,175,12,0.9006318207926479,175.49516325605248,0.0006318207926478969,87.68838252304765
single,ffill,0.1,13,0.1,0.09988584474885845,175,175,24,0.8675534991324465,170.4088405569696,0.03244650086755352,84.85035081155046
single,ffill,0.1,13,0.1,0.09988584474885845,175,175,48,0.8868035190615836,173.17467446095543,0.01319648093841641,86.3832976206334
single,ffill,0.1,14,0.1,0.09988584474885845,175,175,6,0.9015455065827133,179.4411042440128,0.0015455065827132408,89.69772489465831
single,ffill,0.1,14,0.1,0.09988584474885845,175,175,12,0.9012062033314188,175.73155056480158,0.0012062033314187426,87.75940099346371
single,ffill,0.1,14,0.1,0.09988584474885845,175,175,24,0.8669751301330249,170.0762144764417,0.03302486986697517,84.79859906017477
single,ffill,0.1,14,0.1,0.09988584474885845,175,175,48,0.8885630498533724,174.4363912338574,0.0114369501466276,86.91817713339753
single,ffill,0.1,15,0.1,0.09988584474885845,175,175,6,0.9015455065827133,179.38747365890123,0.0015455065827132408,89.14389669453857
single,ffill,0.1,15,0.1,0.09988584474885845,175,175,12,0.8994830557151062,173.88906685222082,0.0005169442848937944,86.85028085739054
single,ffill,0.1,15,0.1,0.09988584474885845,175,175,24,0.8663967611336032,169.53043270461148,0.03360323886639682,84.44546050205516
single,ffill,0.1,15,0.1,0.09988584474885845,175,175,48,0.8873900293255131,173.7219110360976,0.012609970674486881,86.55528566508553
single,ffill,0.1,16,0.1,0.09988584474885845,175,175,6,0.9026903262736119,180.23681554474763,0.002690326273611876,90.06375779892777
single,ffill,0.1,16,0.1,0.09988584474885845,175,175,12,0.9017805858701895,175.9521242771005,0.0017805858701894772,87.87680396801575
single,ffill,0.1,16,0.1,0.09988584474885845,175,175,24,0.871602082128398,172.72103388534373,0.028397917871602063,86.1237319318877
single,ffill,0.1,16,0.1,0.09988584474885845,175,175,48,0.9049853372434018,181.76111616920548,0.004985337243401777,90.44774367949829
single,ffill,0.1,17,0.1,0.09988584474885845,175,175,6,0.9015455065827133,179.6065109048663,0.0015455065827132408,89.71113254093619
single,ffill,0.1,17,0.1,0.09988584474885845,175,175,12,0.9017805858701895,175.9521242771005,0.0017805858701894772,87.87680396801575
single,ffill,0.1,17,0.1,0.09988584474885845,175,175,24,0.8704453441295547,171.44584812652067,0.029554655870445368,85.5231886315459
single,ffill,0.1,17,0.1,0.09988584474885845,175,175,48,0.8885630498533724,174.8542527476476,0.0114369501466276,87.26874762381806
single,ffill,0.1,18,0.1,0.09988584474885845,175,175,6,0.9015455065827133,179.1283395526857,0.0015455065827132408,89.14389669453857
single,ffill,0.1,18,0.1,0.09988584474885845,175,175,12,0.9000574382538771,174.86423128864678,5.743825387705126e-05,87.32076963688979
single,ffill,0.1,18,0.1,0.09988584474885845,175,175,24,0.8704453441295547,171.44584812652067,0.029554655870445368,85.5231886315459
single,ffill,0.1,18,0.1,0.09988584474885845,175,175,48,0.8873900293255131,173.7219110360976,0.012609970674486881,86.3832976206334
single,ffill,0.1,19,0.1,0.09988584474885845,175,175,6,0.9015455065827133,179.6065109048663,0.0015455065827132408,89.71113254093619
single,ffill,0.1,19,0.1,0.09988584474885845,175,175,12,0.9017805858701895,175.9521242771005,0.0017805858701894772,87.87680396801575
single,ffill,0.1,19,0.1,0.09988584474885845,175,175,24,0.8704453441295547,171.44584812652067,0.029554655870445368,85.5231886315459
single,ffill,0.1,19,0.1,0.09988584474885845,175,175,48,0.8897360703812317,175.36974378526173,0.01026392961876832,87.386112292565
single,ffill,0.2,0,0.2,0.1997716894977169,350,350,6,0.8912421293646251,174.55890248677414,0.00875787063537492,87.22188067349364
single,ffill,0.2,0,0.2,0.1997716894977169,350,350,12,0.887421022400919,168.20768187716413,0.012578977599080998,83.92799201827816
single,ffill,0.2,0,0.2,0.1997716894977169,350,350,24,0.8617698091382302,166.19070304343765,0.03823019086176982,83.03668158951868
single,ffill,0.2,0,0.2,0.1997716894977169,350,350,48,0.886217008797654,172.02564234944535,0.013782991202346051,85.74733563979419
single,ffill,0.2,1,0.2,0.1997716894977169,350,350,6,0.8912421293646251,174.54457854829798,0.00875787063537492,86.71657292758036
single,ffill,0.2,1,0.2,0.1997716894977169,350,350,12,0.8994830557151062,174.09676719746642,0.0005169442848937944,86.9549184433727
single,ffill,0.2,1,0.2,0.1997716894977169,350,350,24,0.8669751301330249,169.73120280060368,0.03302486986697517,84.44546050205516
single,ffill,0.2,1,0.2,0.1997716894977169,350,350,48,0.8873900293255131,173.7219110360976,0.012609970674486881,86.40242778082359
single,ffill,0.2,2,0.2,0.1997716894977169,350,350,6,0.882655981682885,171.47404742362028,0.017344018317115073,85.06759557759588
single,ffill,0.2,2,0.2,0.1997716894977169,350,350,12,0.8793796668581275,164.76085880590085,0.020620333141872504,82.30214868674567
single,ffill,0.2,2,0.2,0.1997716894977169,350,350,24,0.858877964141122,165.02629753008196,0.04112203585887797,82.33913484099884
single,ffill,0.2,2,0.2,0.1997716894977169,350,350,48,0.8592375366568915,164.08122438955803,0.04076246334310851,81.97255430345997
single,ffill,0.2,3,0.2,0.1997716894977169,350,350,6,0.8912421293646251,174.34294414567657,0.00875787063537492,86.71657292758036
single,ffill,0.2,3,0.2,0.1997716894977169,350,350,12,0.8765077541642734,164.0810840848987,0.02349224583572662,81.9620789159391
single,ffill,0.2,3,0.2,0.1997716894977169,350,350,24,0.8646616541353384,168.41767281895076,0.03533834586466167,84.04550211300496
single,ffill,0.2,3,0.2,0.1997716894977169,350,350,48,0.8885630498533724,174.58082553925556,0.0114369501466276,87.2290927392966
single,ffill,0.2,4,0.2,0.1997716894977169,350,350,6,0.8912421293646251,174.34294414567657,0.00875787063537492,86.71657292758036
single,ffill,0.2,4,0.2,0.1997716894977169,350,350,12,0.8879954049396899,168.58459303879243,0.012004595060310153,84.23668965938879
single,ffill,0.2,4,0.2,0.1997716894977169,350,350,24,0.8617698091382302,166.47425895205646,0.03823019086176982,83.08687512498926
single,ffill,0.2,4,0.2,0.1997716894977169,350,350,48,0.8633431085043989,164.9041875077282,0.03665689149560114,82.32390708605425
single,ffill,0.2,5,0.2,0.1997716894977169,350,350,6,0.8866628506010303,172.51601098704305,0.013337149398969683,85.83490978258376
single,ffill,0.2,5,0.2,0.1997716894977169,350,350,12,0.893739230327398,171.5993838941177,0.006260769672602029,85.26581892694607
single,ffill,0.2,5,0.2,0.1997716894977169,350,350,24,0.8629265471370735,166.97699032039318,0.037073452862926515,83.37002089407476
single,ffill,0.2,5,0.2,0.1997716894977169,350,350,48,0.8868035190615836,173.17467446095543,0.01319648093841641,86.11339295791636
single,ffill,0.2,6,0.2,0.1997716894977169,350,350,6,0.8838008013737836,171.86559170671475,0.016199198626216438,85.61731990835713
single,ffill,0.2,6,0.2,0.1997716894977169,350,350,12,0.8960367604824814,172.08175553678495,0.003963239517518646,85.82381052919224
single,ffill,0.2,6,0.2,0.1997716894977169,350,350,24,0.8629265471370735,166.94046026144724,0.037073452862926515,83.30490570054363
single,ffill,0.2,6,0.2,0.1997716894977169,350,350,48,0.8873900293255131,173.7219110360976,0.012609970674486881,86.41498241375123
single,ffill,0.2,7,0.2,0.1997716894977169,350,350,6,0.8866628506010303,172.51601098704305,0.013337149398969683,86.22534963505048
single,ffill,0.2,7,0.2,0.1997716894977169,350,350,12,0.8994830557151062,173.83620814266175,0.0005169442848937944,86.8476379219126
single,ffill,0.2,7,0.2,0.1997716894977169,350,350,24,0.8675534991324465,170.53003161974289,0.03244650086755352,85.1846732203846
single,ffill,0.2,7,0.2,0.1997716894977169,350,350,48,0.8897360703812317,175.38806956748437,0.01026392961876832,87.53949192948605
single,ffill,0.2,8,0.2,0.1997716894977169,350,350,6,0.8912421293646251,174.55890248677414,0.00875787063537492,87.22188067349364
single,ffill,0.2,8,0.2,0.1997716894977169,350,350,12,0.8868466398621482,167.81690649871095,0.013153360137851844,83.68407894013815
single,ffill,0.2,8,0.2,0.1997716894977169,350,350,24,0.8617698091382302,166.15540204005183,0.03823019086176982,83.00856003181681
single,ffill,0.2,8,0.2,0.1997716894977169,350,350,48,0.8651026392961877,165.23839239639773,0.03489736070381233,82.53477406533668
single,ffill,0.2,9,0.2,0.1997716894977169,350,350,6,0.8918145392100744,174.97100083774765,0.008185460789925658,87.34630527001268
single,ffill,0.2,9,0.2,0.1997716894977169,350,350,12,0.8960367604824814,172.08175553678495,0.003963239517518646,85.93504048096312
single,ffill,0.2,9,0.2,0.1997716894977169,350,350,24,0.8646616541353384,168.41767281895076,0.03533834586466167,84.01244222575407
single,ffill,0.2,9,0.2,0.1997716894977169,350,350,48,0.8768328445747801,169.8684761775629,0.023167155425219965,84.72698975814208
single,ffill,0.2,10,0.2,0.1997716894977169,350,350,6,0.8918145392100744,174.72490719797202,0.008185460789925658,87.27587025876804
single,ffill,0.2,10,0.2,0.1997716894977169,350,350,12,0.8759333716255026,163.95048743043034,0.024066628374497467,81.95554908321567
single,ffill,0.2,10,0.2,0.1997716894977169,350,350,24,0.8629265471370735,166.97699032039318,0.037073452862926515,83.34785251625027
single,ffill,0.2,10,0.2,0.1997716894977169,350,350,48,0.8850439882697947,171.69047844417042,0.014956011730205332,85.63421575936285
single,ffill,0.2,11,0.2,0.1997716894977169,350,350,6,0.8918145392100744,174.82631859327657,0.008185460789925658,87.32095242118655
single,ffill,0.2,11,0.2,0.1997716894977169,350,350,12,0.8960367604824814,172.08175553678495,0.003963239517518646,85.82381052919224
single,ffill,0.2,11,0.2,0.1997716894977169,350,350,24,0.8640832851359167,168.03946714908193,0.03591671486408332,83.93384804597008
single,ffill,0.2,11,0.2,0.1997716894977169,350,350,48,0.8674486803519061,167.18437905949025,0.03255131964809388,83.40571917286097
single,ffill,0.2,12,0.2,0.1997716894977169,350,350,6,0.8889524899828277,173.28117093985833,0.011047510017172302,86.24307790852562
single,ffill,0.2,12,0.2,0.1997716894977169,350,350,12,0.8730614589316484,162.88320747774685,0.026938541068351585,81.29461439045328
single,ffill,0.2,12,0.2,0.1997716894977169,350,350,24,0.8617698091382302,166.15540204005183,0.03823019086176982,82.81998487612034
single,ffill,0.2,12,0.2,0.1997716894977169,350,350,48,0.8651026392961877,165.07859778506634,0.03489736070381233,82.50257942080731
single,ffill,0.2,13,0.2,0.1997716894977169,350,350,6,0.8895248998282771,173.5851207704631,0.010475100171722929,86.29756710309961
single,ffill,0.2,13,0.2,0.1997716894977169,350,350,12,0.8931648477886273,171.40611629537173,0.006835152211372764,84.71443684523092
single,ffill,0.2,13,0.2,0.1997716894977169,350,350,24,0.8623481781376519,166.59080993438056,0.03765182186234817,83.12940851128208
single,ffill,0.2,13,0.2,0.1997716894977169,350,350,48,0.8674486803519061,166.96040283463492,0.03255131964809388,83.29214544333686
single,ffill,0.2,14,0.2,0.1997716894977169,350,350,6,0.8912421293646251,174.54457854829798,0.00875787063537492,86.90602877138372
single,ffill,0.2,14,0.2,0.1997716894977169,350,350,12,0.8862722573233773,167.31829692267237,0.01372774267662269,83.55680765054527
single,ffill,0.2,14,0.2,0.1997716894977169,350,350,24,0.8577212261422787,164.51926191786674,0.042278773857721275,82.1929372459557
single,ffill,0.2,14,0.2,0.1997716894977169,350,350,48,0.8715542521994135,168.1394991983858,0.028445747800586507,83.91147343207768
single,ffill,0.2,15,0.2,0.1997716894977169,350,350,6,0.8912421293646251,174.55890248677414,0.00875787063537492,87.22188067349364
single,ffill,0.2,15,0.2,0.1997716894977169,350,350,12,0.887421022400919,168.2531066129645,0.012578977599080998,84.10611217537209
single,ffill,0.2,15,0.2,0.1997716894977169,350,350,24,0.8629265471370735,166.94046026144724,0.037073452862926515,83.2641128567302
single,ffill,0.2,15,0.2,0.1997716894977169,350,350,48,0.886217008797654,172.3129903014273,0.013782991202346051,85.94533537840634
single,ffill,0.2,16,0.2,0.1997716894977169,350,350,6,0.8918145392100744,174.97100083774765,0.008185460789925658,87.32095242118655
single,ffill,0.2,16,0.2,0.1997716894977169,350,350,12,0.8902929350947731,170.412999404978,0.009707064905226881,84.91934871411435
single,ffill,0.2,16,0.2,0.1997716894977169,350,350,24,0.8629265471370735,167.58526110452243,0.037073452862926515,83.47570963956551
single,ffill,0.2,16,0.2,0.1997716894977169,350,350,48,0.8932551319648094,176.6384501130189,0.006744868035190588,88.03418643351161
single,ffill,0.2,17,0.2,0.1997716894977169,350,350,6,0.8912421293646251,174.54457854829798,0.00875787063537492,86.90602877138372
single,ffill,0.2,17,0.2,0.1997716894977169,350,350,12,0.8862722573233773,167.31829692267237,0.01372774267662269,83.55680765054527
single,ffill,0.2,17,0.2,0.1997716894977169,350,350,24,0.8611914401388086,165.86886792485197,0.03880855986119147,82.42757295187793
single,ffill,0.2,17,0.2,0.1997716894977169,350,350,48,0.8715542521994135,168.24382737628804,0.028445747800586507,84.09021719025019
single,ffill,0.2,18,0.2,0.1997716894977169,350,350,6,0.8912421293646251,174.34294414567657,0.00875787063537492,86.71657292758036
single,ffill,0.2,18,0.2,0.1997716894977169,350,350,12,0.8753589890867317,163.8179404979,0.024641010913268313,81.5226975456797
single,ffill,0.2,18,0.2,0.1997716894977169,350,350,24,0.8617698091382302,166.15540204005183,0.03823019086176982,82.95531640872991
single,ffill,0.2,18,0.2,0.1997716894977169,350,350,48,0.8656891495601173,165.95075352662437,0.03431085043988269,82.53477406533668
single,ffill,0.2,19,0.2,0.1997716894977169,350,350,6,0.8912421293646251,174.54457854829798,0.00875787063537492,86.90602877138372
single,ffill,0.2,19,0.2,0.1997716894977169,350,350,12,0.8856978747846066,167.0908728986925,0.014302125215393424,83.38650845592392
single,ffill,0.2,19,0.2,0.1997716894977169,350,350,24,0.8611914401388086,165.86886792485197,0.03880855986119147,82.68922289205904
single,ffill,0.2,19,0.2,0.1997716894977169,350,350,48,0.8762463343108504,169.73031109967525,0.023753665689149606,84.09021719025019
single,ffill,0.3,0,0.3,0.2996575342465753,525,525,6,0.8586147681740126,161.3425157276932,0.04138523182598741,80.26251005254562
single,ffill,0.3,0,0.3,0.2996575342465753,525,525,12,0.8724870763928777,161.9217943025061,0.02751292360712232,80.95497338832166
single,ffill,0.3,0,0.3,0.2996575342465753,525,525,24,0.8397917871602082,159.2561045386141,0.06020821283979183,79.3378341546728
single,ffill,0.3,0,0.3,0.2996575342465753,525,525,48,0.8586510263929619,163.83549362923117,0.04134897360703815,81.7174163901527
single,ffill,0.3,1,0.3,0.2996575342465753,525,525,6,0.866056096164854,163.73647005187837,0.033943903835146005,81.66173165149976
single,ffill,0.3,1,0.3,0.2996575342465753,525,525,12,0.871338311315336,161.17600845603516,0.02866168868466401,80.57844906246257
single,ffill,0.3,1,0.3,0.2996575342465753,525,525,24,0.858877964141122,165.02629753008196,0.04112203585887797,82.33913484099884
single,ffill,0.3,1,0.3,0.2996575342465753,525,525,48,0.8656891495601173,165.95075352662437,0.03431085043988269,82.53477406533668
single,ffill,0.3,2,0.3,0.2996575342465753,525,525,6,0.8689181453921008,164.67424080612523,0.03108185460789925,82.21693865435515
single,ffill,0.3,2,0.3,0.2996575342465753,525,525,12,0.8650201033888569,158.9516261535839,0.03497989661114309,79.28728380760388
single,ffill,0.3,2,0.3,0.2996575342465753,525,525,24,0.8415268941584731,159.90715545060397,0.05847310584152687,79.50169681325713
single,ffill,0.3,2,0.3,0.2996575342465753,525,525,48,0.8463343108504399,158.50579003295172,0.05366568914956016,79.06461471569331
single,ffill,0.3,3,0.3,0.2996575342465753,525,525,6,0.8528906697195192,160.36281798062478,0.04710933028048081,80.07621507198127
single,ffill,0.3,3,0.3,0.2996575342465753,525,525,12,0.867892016082711,159.90896223472174,0.032107983917288974,79.84482165514079
single,ffill,0.3,3,0.3,0.2996575342465753,525,525,24,0.8478889531521111,161.17294799088728,0.05211104684788892,80.39666368344963
single,ffill,0.3,3,0.3,0.2996575342465753,525,525,48,0.8510263929618769,160.3626449931475,0.048973607038123146,79.917493918863
single,ffill,0.3,4,0.3,0.2996575342465753,525,525,6,0.8689181453921008,164.6970913721797,0.03108185460789925,82.24161641983005
single,ffill,0.3,4,0.3,0.2996575342465753,525,525,12,0.8598506605399195,157.99236605060176,0.04014933946008048,78.89471280490217
single,ffill,0.3,4,0.3,0.2996575342465753,525,525,24,0.8426836321573163,160.32450930316733,0.05731636784268368,79.96340652316815
single,ffill,0.3,4,0.3,0.2996575342465753,525,525,48,0.8480938416422288,158.92341869448902,0.05190615835777124,79.2322958378726
single,ffill,0.3,5,0.3,0.2996575342465753,525,525,6,0.8654836863194046,163.2682262999697,0.03451631368059538,81.1617656928517
single,ffill,0.3,5,0.3,0.2996575342465753,525,525,12,0.8730614589316484,162.53529882990713,0.026938541068351585,81.09230368462227
single,ffill,0.3,5,0.3,0.2996575342465753,525,525,24,0.8484673221515326,161.41373564175086,0.05153267784846738,80.52494750430638
single,ffill,0.3,5,0.3,0.2996575342465753,525,525,48,0.8592375366568915,163.9472706217931,0.04076246334310851,81.96941924830753
single,ffill,0.3,6,0.3,0.2996575342465753,525,525,6,0.859187178019462,161.5433458157023,0.04081282198053804,80.48002284991972
single,ffill,0.3,6,0.3,0.2996575342465753,525,525,12,0.8724870763928777,162.0351024023994,0.02751292360712232,80.90108671108864
single,ffill,0.3,6,0.3,0.2996575342465753,525,525,24,0.8490456911509543,162.01294438076673,0.050954308849045726,80.76243189392885
single,ffill,0.3,6,0.3,0.2996575342465753,525,525,48,0.8592375366568915,163.93597920910196,0.04076246334310851,81.74010531516731
single,ffill,0.3,7,0.3,0.2996575342465753,525,525,6,0.866056096164854,163.58264822715472,0.033943903835146005,81.719249057824
single,ffill,0.3,7,0.3,0.2996575342465753,525,525,12,0.8811028144744399,165.53348889387087,0.01889718552556008,82.41906090734898
single,ffill,0.3,7,0.3,0.2996575342465753,525,525,24,0.8623481781376519,166.65414815673623,0.03765182186234817,83.14689115863068
single,ffill,0.3,7,0.3,0.2996575342465753,525,525,48,0.8686217008797654,167.3968847451506,0.0313782991202346,83.6247383030789
single,ffill,0.3,8,0.3,0.2996575342465753,525,525,6,0.866056096164854,163.73647005187837,0.033943903835146005,81.76762158297583
single,ffill,0.3,8,0.3,0.2996575342465753,525,525,12,0.8650201033888569,158.9516261535839,0.03497989661114309,79.33141022634298
single,ffill,0.3,8,0.3,0.2996575342465753,525,525,24,0.8340080971659919,157.5617688177614,0.06599190283400813,78.64782775514087
single,ffill,0.3,8,0.3,0.2996575342465753,525,525,48,0.8463343108504399,158.55763370163777,0.05366568914956016,79.05409144556177
single,ffill,0.3,9,0.3,0.2996575342465753,525,525,6,0.866056096164854,163.73647005187837,0.033943903835146005,81.76762158297583
single,ffill,0.3,9,0.3,0.2996575342465753,525,525,12,0.8724870763928777,162.09967356009042,0.02751292360712232,81.02077975908425
single,ffill,0.3,9,0.3,0.2996575342465753,525,525,24,0.849624060150376,162.54107474026125,0.050375939849624074,81.06297055966692
single,ffill,0.3,9,0.3,0.2996575342465753,525,525,48,0.8480938416422288,159.49702904238444,0.05190615835777124,79.47805651824585
single,ffill,0.3,10,0.3,0.2996575342465753,525,525,6,0.8689181453921008,164.6970913721797,0.03108185460789925,82.24161641983005
single,ffill,0.3,10,0.3,0.2996575342465753,525,525,12,0.8598506605399195,157.99236605060176,0.04014933946008048,78.89471280490217
single,ffill,0.3,10,0.3,0.2996575342465753,525,525,24,0.8426836321573163,160.32450930316733,0.05731636784268368,79.96340652316815
single,ffill,0.3,10,0.3,0.2996575342465753,525,525,48,0.8480938416422288,158.92341869448902,0.05190615835777124,79.2322958378726
single,ffill,0.3,11,0.3,0.2996575342465753,525,525,6,0.866056096164854,163.58264822715472,0.033943903835146005,81.66173165149976
single,ffill,0.3,11,0.3,0.2996575342465753,525,525,12,0.8598506605399195,157.99236605060176,0.04014933946008048,78.89471280490217
single,ffill,0.3,11,0.3,0.2996575342465753,525,525,24,0.8478889531521111,160.99715801620943,0.05211104684788892,80.21947396225922
single,ffill,0.3,11,0.3,0.2996575342465753,525,525,48,0.8510263929618769,160.3626449931475,0.048973607038123146,79.917493918863
single,ffill,0.3,12,0.3,0.2996575342465753,525,525,6,0.8689181453921008,164.90276837216845,0.03108185460789925,82.00717373126835
single,ffill,0.3,12,0.3,0.2996575342465753,525,525,12,0.8724870763928777,162.14564165139308,0.02751292360712232,81.05213518461035
single,ffill,0.3,12,0.3,0.2996575342465753,525,525,24,0.8611914401388086,165.86886792485197,0.03880855986119147,82.58936406333703
single,ffill,0.3,12,0.3,0.2996575342465753,525,525,48,0.8785923753665689,170.70360431810934,0.021407624633431155,85.2364896626981
single,ffill,0.3,13,0.3,0.2996575342465753,525,525,6,0.866056096164854,163.48783810474862,0.033943903835146005,81.68051267157026
single,ffill,0.3,13,0.3,0.2996575342465753,525,525,12,0.8724870763928777,161.7762924243748,0.02751292360712232,80.73011911475717
single,ffill,0.3,13,0.3,0.2996575342465753,525,525,24,0.8409485251590515,159.60790093019546,0.059051474840948526,79.5583862316841
single,ffill,0.3,13,0.3,0.2996575342465753,525,525,48,0.844574780058651,158.3383956895065,0.05542521994134897,78.75656288409371
single,ffill,0.3,14,0.3,0.2996575342465753,525,525,6,0.8517458500286205,159.45681944925263,0.048254149971379556,79.64376279804925
single,ffill,0.3,14,0.3,0.2996575342465753,525,525,12,0.8724870763928777,161.7682402793768,0.02751292360712232,80.72971650750728
single,ffill,0.3,14,0.3,0.2996575342465753,525,525,24,0.8334297281665702,157.34466517123755,0.06657027183342978,78.64327562041395
single,ffill,0.3,14,0.3,0.2996575342465753,525,525,48,0.8574780058651026,163.30228199693533,0.042521994134897434,81.48935614036282
single,ffill,0.3,15,0.3,0.2996575342465753,525,525,6,0.8528906697195192,160.10401927352814,0.04710933028048081,79.72992174001098
single,ffill,0.3,15,0.3,0.2996575342465753,525,525,12,0.8724870763928777,162.0351024023994,0.02751292360712232,80.96656255624772
single,ffill,0.3,15,0.3,0.2996575342465753,525,525,24,0.8444187391555813,160.70597137433776,0.05558126084441872,79.9068490061173
single,ffill,0.3,15,0.3,0.2996575342465753,525,525,48,0.8668621700879765,166.5508354554189,0.03313782991202352,83.06277282839454
single,ffill,0.3,16,0.3,0.2996575342465753,525,525,6,0.8649112764739554,162.93285413507613,0.03508872352604464,80.72146538584889
single,ffill,0.3,16,0.3,0.2996575342465753,525,525,12,0.8730614589316484,162.55396786503013,0.026938541068351585,81.26858286670972
single,ffill,0.3,16,0.3,0.2996575342465753,525,525,24,0.8490456911509543,162.06127950957296,0.050954308849045726,81.00938144376133
single,ffill,0.3,16,0.3,0.2996575342465753,525,525,48,0.886217008797654,172.3129903014273,0.013782991202346051,85.94533537840634
single,ffill,0.3,17,0.3,0.2996575342465753,525,525,6,0.8517458500286205,159.46286751079126,0.048254149971379556,79.69247168794728
single,ffill,0.3,17,0.3,0.2996575342465753,525,525,12,0.8724870763928777,161.7762924243748,0.02751292360712232,80.8845227469383
single,ffill,0.3,17,0.3,0.2996575342465753,525,525,24,0.8340080971659919,158.16265104706764,0.06599190283400813,78.70489813259735
single,ffill,0.3,17,0.3,0.2996575342465753,525,525,48,0.8592375366568915,163.94006390554927,0.04076246334310851,81.90133876201958
single,ffill,0.3,18,0.3,0.2996575342465753,525,525,6,0.8654836863194046,163.31403404626545,0.03451631368059538,81.202893028918
single,ffill,0.3,18,0.3,0.2996575342465753,525,525,12,0.8730614589316484,162.51910758593982,0.026938541068351585,81.0914941224239
single,ffill,0.3,18,0.3,0.2996575342465753,525,525,24,0.8484673221515326,161.78416279544035,0.05153267784846738,80.03452194994802
single,ffill,0.3,18,0.3,0.2996575342465753,525,525,48,0.8451612903225807,158.36846217559662,0.05483870967741933,79.14178515627638
single,ffill,0.3,19,0.3,0.2996575342465753,525,525,6,0.8517458500286205,159.46286751079126,0.048254149971379556,79.69247168794728
single,ffill,0.3,19,0.3,0.2996575342465753,525,525,12,0.8724870763928777,161.7762924243748,0.02751292360712232,80.8845227469383
single,ffill,0.3,19,0.3,0.2996575342465753,525,525,24,0.8351648351648352,158.5122152775648,0.06483516483516483,78.87101674327661
single,ffill,0.3,19,0.3,0.2996575342465753,525,525,48,0.8592375366568915,163.9472706217931,0.04076246334310851,81.94706459986683
single,ffill,0.4,0,0.4,0.3995433789954338,700,700,6,0.8391528334287349,155.07577514539105,0.0608471665712651,77.4078582555818
single,ffill,0.4,0,0.4,0.3995433789954338,700,700,12,0.8541068351522114,155.31113585438916,0.0458931648477886,77.63571302221727
single,ffill,0.4,0,0.4,0.3995433789954338,700,700,24,0.8172353961827646,153.17673487706062,0.08276460381723538,76.55708771123939
single,ffill,0.4,0,0.4,0.3995433789954338,700,700,48,0.8375366568914956,156.4519861587446,0.06246334310850443,77.82887272826409
single,ffill,0.4,1,0.4,0.3995433789954338,700,700,6,0.8391528334287349,155.07577514539105,0.0608471665712651,77.22232826052084
single,ffill,0.4,1,0.4,0.3995433789954338,700,700,12,0.8454910970706491,153.2994460192121,0.054508902929350955,76.1343519249503
single,ffill,0.4,1,0.4,0.3995433789954338,700,700,24,0.8235974551764026,155.30975270721993,0.07640254482359743,77.25289995695333
single,ffill,0.4,1,0.4,0.3995433789954338,700,700,48,0.8363636363636363,155.31172654830635,0.06363636363636371,77.61765320187105
single,ffill,0.4,2,0.4,0.3995433789954338,700,700,6,0.8385804235832857,154.62253731524166,0.06141957641671436,77.08977884156444
single,ffill,0.4,2,0.4,0.3995433789954338,700,700,12,0.8546812176909822,156.05651172614296,0.04531878230901787,78.02259035628893
single,ffill,0.4,2,0.4,0.3995433789954338,700,700,24,0.816657027183343,153.09131182964163,0.08334297281665703,76.41633195783777
single,ffill,0.4,2,0.4,0.3995433789954338,700,700,48,0.839882697947214,156.55608369629087,0.06011730205278598,77.90965866906744
single,ffill,0.4,3,0.4,0.3995433789954338,700,700,6,0.8362907842014883,154.28559145797655,0.06370921579851174,76.82079327614431
single,ffill,0.4,3,0.4,0.3995433789954338,700,700,12,0.8236645605973578,149.07307048518655,0.0763354394026422,74.52759511204555
single,ffill,0.4,3,0.4,0.3995433789954338,700,700,24,0.8160786581839213,152.3530010871245,0.08392134181607869,75.9346803380506
single,ffill,0.4,3,0.4,0.3995433789954338,700,700,48,0.8222873900293255,149.31861560926168,0.07771260997067453,74.57844366902967
single,ffill,0.4,4,0.4,0.3995433789954338,700,700,6,0.8328563251287923,153.05143402991595,0.06714367487120776,76.36137558062936
single,ffill,0.4,4,0.4,0.3995433789954338,700,700,12,0.8523836875358989,154.34027152238662,0.04761631246410114,76.9790690934854
single,ffill,0.4,4,0.4,0.3995433789954338,700,700,24,0.8207056101792944,154.12058483820806,0.07929438982070558,76.53237819582623
single,ffill,0.4,4,0.4,0.3995433789954338,700,700,48,0.8175953079178886,147.73198586052672,0.08240469208211143,73.40647527866724
single,ffill,0.4,5,0.4,0.3995433789954338,700,700,6,0.8362907842014883,154.28559145797655,0.06370921579851174,76.82079327614431
single,ffill,0.4,5,0.4,0.3995433789954338,700,700,12,0.8253877082136704,149.2587882583213,0.07461229178632967,74.5804297993266
single,ffill,0.4,5,0.4,0.3995433789954338,700,700,24,0.8172353961827646,153.16752380576548,0.08276460381723538,76.44643967468089
single,ffill,0.4,5,0.4,0.3995433789954338,700,700,48,0.8316715542521994,153.21749335530532,0.06832844574780061,76.41290685482765
single,ffill,0.4,6,0.4,0.3995433789954338,700,700,6,0.8391528334287349,155.07577514539105,0.0608471665712651,77.4078582555818
single,ffill,0.4,6,0.4,0.3995433789954338,700,700,12,0.8317059161401493,150.37027979374108,0.0682940838598507,75.0284802961022
single,ffill,0.4,6,0.4,0.3995433789954338,700,700,24,0.8230190861769809,154.7197536972796,0.07698091382301908,77.16431242253886
single,ffill,0.4,6,0.4,0.3995433789954338,700,700,48,0.8351906158357771,154.58532529741225,0.06480938416422288,77.07852291025284
single,ffill,0.4,7,0.4,0.3995433789954338,700,700,6,0.8340011448196909,153.95224708828215,0.06599885518030912,76.61468683938884
single,ffill,0.4,7,0.4,0.3995433789954338,700,700,12,0.858701895462378,157.76687667193792,0.04129810453762206,78.85899288604612
single,ffill,0.4,7,0.4,0.3995433789954338,700,700,24,0.8340080971659919,158.16265104706764,0.06599190283400813,78.56799886806868
single,ffill,0.4,7,0.4,0.3995433789954338,700,700,48,0.8480938416422288,159.49702904238444,0.05190615835777124,79.47805651824585
single,ffill,0.4,8,0.4,0.3995433789954338,700,700,6,0.8334287349742415,153.40731332763937,0.0665712650257585,76.59559001155276
single,ffill,0.4,8,0.4,0.3995433789954338,700,700,12,0.8368753589890867,151.0478933131948,0.06312464101091331,75.37693989093418
single,ffill,0.4,8,0.4,0.3995433789954338,700,700,24,0.8160786581839213,152.27801977187937,0.08392134181607869,75.66861262452844
single,ffill,0.4,8,0.4,0.3995433789954338,700,700,48,0.8304985337243401,152.29023349356314,0.0695014662756599,75.91513404724486
single,ffill,0.4,9,0.4,0.3995433789954338,700,700,6,0.8334287349742415,153.3309260162951,0.0665712650257585,76.44355574712387
single,ffill,0.4,9,0.4,0.3995433789954338,700,700,12,0.8368753589890867,151.0478933131948,0.06312464101091331,75.37693989093418
single,ffill,0.4,9,0.4,0.3995433789954338,700,700,24,0.8131868131868132,150.48099436787837,0.08681318681318684,74.823108256126
single,ffill,0.4,9,0.4,0.3995433789954338,700,700,48,0.8263929618768329,150.67277465266272,0.07360703812316716,75.0085031853639
single,ffill,0.4,10,0.4,0.3995433789954338,700,700,6,0.8385804235832857,154.62253731524166,0.06141957641671436,77.08977884156444
single,ffill,0.4,10,0.4,0.3995433789954338,700,700,12,0.8546812176909822,156.05651172614296,0.04531878230901787,78.02259035628893
single,ffill,0.4,10,0.4,0.3995433789954338,700,700,24,0.816657027183343,153.09131182964163,0.08334297281665703,76.41633195783777
single,ffill,0.4,10,0.4,0.3995433789954338,700,700,48,0.839882697947214,156.55608369629087,0.06011730205278598,77.90965866906744
single,ffill,0.4,11,0.4,0.3995433789954338,700,700,6,0.8385804235832857,155.00889570708557,0.06141957641671436,77.22232826052084
single,ffill,0.4,11,0.4,0.3995433789954338,700,700,12,0.8368753589890867,151.0478933131948,0.06312464101091331,75.46475618730398
single,ffill,0.4,11,0.4,0.3995433789954338,700,700,24,0.816657027183343,152.8078368578133,0.08334297281665703,76.17408838040002
single,ffill,0.4,11,0.4,0.3995433789954338,700,700,48,0.844574780058651,158.3383956895065,0.05542521994134897,78.75105705884734
single,ffill,0.4,12,0.4,0.3995433789954338,700,700,6,0.8334287349742415,153.3309260162951,0.0665712650257585,76.4746033852368
single,ffill,0.4,12,0.4,0.3995433789954338,700,700,12,0.8374497415278576,151.22883204638003,0.06255025847214246,75.5512502427176
single,ffill,0.4,12,0.4,0.3995433789954338,700,700,24,0.8247541931752458,155.6619714564624,0.07524580682475424,77.68188119364926
single,ffill,0.4,12,0.4,0.3995433789954338,700,700,48,0.8574780058651026,163.34612328469552,0.042521994134897434,81.61837023345115
single,ffill,0.4,13,0.4,0.3995433789954338,700,700,6,0.8362907842014883,154.26677572684173,0.06370921579851174,77.01114668192454
single,ffill,0.4,13,0.4,0.3995433789954338,700,700,12,0.8322802986789202,150.48406795113442,0.06771970132107985,75.15900565034123
single,ffill,0.4,13,0.4,0.3995433789954338,700,700,24,0.8091382301908617,148.7264575780593,0.09086176980913829,74.30951854336857
single,ffill,0.4,13,0.4,0.3995433789954338,700,700,48,0.8211143695014663,149.2472087304714,0.0788856304985337,74.06542996231977
single,ffill,0.4,14,0.4,0.3995433789954338,700,700,6,0.8317115054378935,152.72271336393794,0.0682884945621065,75.86990813147153
single,ffill,0.4,14,0.4,0.3995433789954338,700,700,12,0.8397472716829408,151.79264850979513,0.06025272831705919,75.67343691444593
single,ffill,0.4,14,0.4,0.3995433789954338,700,700,24,0.8091382301908617,148.6032293408004,0.09086176980913829,74.03301090651524
single,ffill,0.4,14,0.4,0.3995433789954338,700,700,48,0.8228739002932551,149.5793634238688,0.07712609970674489,74.6546561932531
single,ffill,0.4,15,0.4,0.3995433789954338,700,700,6,0.8322839152833429,152.84697951103126,0.06771608471665713,76.16731884190384
single,ffill,0.4,15,0.4,0.3995433789954338,700,700,12,0.8541068351522114,155.31113585438916,0.0458931648477886,77.63571302221727
single,ffill,0.4,15,0.4,0.3995433789954338,700,700,24,0.8172353961827646,153.2196335967999,0.08276460381723538,76.585143563577
single,ffill,0.4,15,0.4,0.3995433789954338,700,700,48,0.839882697947214,156.68063908952644,0.06011730205278598,78.1785050922327
single,ffill,0.4,16,0.4,0.3995433789954338,700,700,6,0.8362907842014883,154.28559145797655,0.06370921579851174,77.01114668192454
single,ffill,0.4,16,0.4,0.3995433789954338,700,700,12,0.8541068351522114,155.31113585438916,0.0458931648477886,77.63571302221727
single,ffill,0.4,16,0.4,0.3995433789954338,700,700,24,0.8235974551764026,155.30975270721993,0.07640254482359743,77.37152824819718
single,ffill,0.4,16,0.4,0.3995433789954338,700,700,48,0.8551319648093841,162.7334837320489,0.044868035190615885,81.17359545137089
single,ffill,0.4,17,0.4,0.3995433789954338,700,700,6,0.8322839152833429,152.84697951103126,0.06771608471665713,76.16731884190384
single,ffill,0.4,17,0.4,0.3995433789954338,700,700,12,0.8500861573808156,153.91567892748012,0.04991384261918441,76.68053465501949
single,ffill,0.4,17,0.4,0.3995433789954338,700,700,24,0.8131868131868132,150.6220567130225,0.08681318681318684,74.89197476960047
single,ffill,0.4,17,0.4,0.3995433789954338,700,700,48,0.829325513196481,151.85670078469562,0.07067448680351907,75.89258633369357
single,ffill,0.4,18,0.4,0.3995433789954338,700,700,6,0.8397252432741843,155.26996522010114,0.060274756725815726,77.52116771311915
single,ffill,0.4,18,0.4,0.3995433789954338,700,700,12,0.8368753589890867,151.0478933131948,0.06312464101091331,75.37693989093418
single,ffill,0.4,18,0.4,0.3995433789954338,700,700,24,0.8160786581839213,152.27801977187937,0.08392134181607869,75.86674198001552
single,ffill,0.4,18,0.4,0.3995433789954338,700,700,48,0.8228739002932551,149.5793634238688,0.07712609970674489,74.6780504999572
single,ffill,0.4,19,0.4,0.3995433789954338,700,700,6,0.8328563251287923,153.05143402991595,0.06714367487120776,76.3924232187423
single,ffill,0.4,19,0.4,0.3995433789954338,700,700,12,0.8541068351522114,154.51399708221388,0.0458931648477886,76.98775537147678
single,ffill,0.4,19,0.4,0.3995433789954338,700,700,24,0.8143435511856565,151.06285322296617,0.08565644881434353,75.2616565357108
single,ffill,0.4,19,0.4,0.3995433789954338,700,700,48,0.8316715542521994,152.78975163674195,0.06832844574780061,76.08008684045144
single,ffill,0.5,0,0.5,0.5,876,876,6,0.8036634230108758,142.6118626394483,0.09633657698912423,71.12852489840216
single,ffill,0.5,0,0.5,0.5,876,876,12,0.8047099368179207,143.4052238567005,0.09529006318207933,71.58535382640429
single,ffill,0.5,0,0.5,0.5,876,876,24,0.7871602082128398,142.23866772646076,0.11283979178716019,70.696065598059
single,ffill,0.5,0,0.5,0.5,876,876,48,0.8152492668621701,146.78434104666758,0.08475073313782988,73.32788637297742
single,ffill,0.5,1,0.5,0.5,876,876,6,0.8151116199198626,147.10913594114868,0.08488838008013744,73.34834941081598
single,ffill,0.5,1,0.5,0.5,876,876,12,0.8322802986789202,150.48568418584313,0.06771970132107985,75.24211478730264
single,ffill,0.5,1,0.5,0.5,876,876,24,0.8235974551764026,155.48978497414856,0.07640254482359743,77.08870700988032
single,ffill,0.5,1,0.5,0.5,876,876,48,0.8363636363636363,155.89250532353918,0.06363636363636371,77.61765320187105
single,ffill,0.5,2,0.5,0.5,876,876,6,0.8059530623926732,143.3300302981138,0.09404693760732685,71.42296974396899
single,ffill,0.5,2,0.5,0.5,876,876,12,0.7995404939689833,142.80470437104904,0.10045950603101672,71.08478622329868
single,ffill,0.5,2,0.5,0.5,876,876,24,0.7721226142278774,138.46437095126174,0.1278773857721226,69.13592330881099
single,ffill,0.5,2,0.5,0.5,876,876,48,0.7865102639296188,139.03983262705785,0.11348973607038126,69.28729890430228
single,ffill,0.5,3,0.5,0.5,876,876,6,0.8133943903835146,145.90653325922585,0.08660560961648545,72.57672667785779
single,ffill,0.5,3,0.5,0.5,876,876,12,0.7995404939689833,142.5817543485186,0.10045950603101672,71.23029603373467
single,ffill,0.5,3,0.5,0.5,876,876,24,0.7987275882012724,146.55720359483047,0.10127241179872759,73.1585902293626
single,ffill,0.5,3,0.5,0.5,876,876,48,0.8175953079178886,147.86663938745554,0.08240469208211143,73.86320869558651
single,ffill,0.5,4,0.5,0.5,876,876,6,0.8099599313108186,145.1740968637958,0.09004006868918146,72.36328768767757
single,ffill,0.5,4,0.5,0.5,876,876,12,0.7995404939689833,142.80470437104904,0.10045950603101672,71.32340958122322
single,ffill,0.5,4,0.5,0.5,876,876,24,0.7831116252168884,140.80466427445455,0.11688837478311165,69.67414619063388
single,ffill,0.5,4,0.5,0.5,876,876,48,0.7853372434017595,138.2281401771489,0.11466275659824055,68.89068357015928
single,ffill,0.5,5,0.5,0.5,876,876,6,0.8099599313108186,145.11442326029237,0.09004006868918146,72.35245561870721
single,ffill,0.5,5,0.5,0.5,876,876,12,0.7949454336588168,140.23495623722198,0.10505456634118326,69.61960768841634
single,ffill,0.5,5,0.5,0.5,876,876,24,0.7917871602082128,144.05793523745768,0.1082128397917872,71.39200398384662
single,ffill,0.5,5,0.5,0.5,876,876,48,0.8105571847507331,145.47832919753697,0.0894428152492669,72.51412722479688
single,ffill,0.5,6,0.5,0.5,876,876,6,0.8036634230108758,142.6118626394483,0.09633657698912423,71.12852489840216
single,ffill,0.5,6,0.5,0.5,876,876,12,0.7978173463526709,141.85529595105885,0.10218265364732915,70.45798198371604
single,ffill,0.5,6,0.5,0.5,876,876,24,0.7877385772122614,142.680769860012,0.11226142278773865,70.83421267552323
single,ffill,0.5,6,0.5,0.5,876,876,48,0.8175953079178886,147.7400650823699,0.08240469208211143,73.71075162943325
single,ffill,0.5,7,0.5,0.5,876,876,6,0.8076702919290212,144.1733224624528,0.09232970807097884,72.07595999409234
single,ffill,0.5,7,0.5,0.5,876,876,12,0.8196438828259621,147.94420411653982,0.0803561171740379,73.74204524306043
single,ffill,0.5,7,0.5,0.5,876,876,24,0.7987275882012724,146.482304271132,0.10127241179872759,73.03990075410702
single,ffill,0.5,7,0.5,0.5,876,876,48,0.8304985337243401,152.29023349356314,0.0695014662756599,75.83094816122635
single,ffill,0.5,8,0.5,0.5,876,876,6,0.8070978820835718,143.97794326294968,0.09290211791642822,71.89973635253256
single,ffill,0.5,8,0.5,0.5,876,876,12,0.7983917288914417,141.9756220096707,0.1016082711085583,70.74039108909328
single,ffill,0.5,8,0.5,0.5,876,876,24,0.7831116252168884,140.80466427445455,0.11688837478311165,69.77304761623148
single,ffill,0.5,8,0.5,0.5,876,876,48,0.782991202346041,137.0413336848561,0.117008797653959,68.2435488642311
single,ffill,0.5,9,0.5,0.5,876,876,6,0.8070978820835718,143.7410383265274,0.09290211791642822,71.52644683170541
single,ffill,0.5,9,0.5,0.5,876,876,12,0.8035611717403791,143.14465029682054,0.09643882825962091,71.31902197167443
single,ffill,0.5,9,0.5,0.5,876,876,24,0.78368999421631,141.246167317262,0.11631000578369,70.03574295292269
single,ffill,0.5,9,0.5,0.5,876,876,48,0.7835777126099707,137.08306846143728,0.11642228739002936,68.44213795145772
single,ffill,0.5,10,0.5,0.5,876,876,6,0.8042358328563252,142.77575702870783,0.09576416714367486,71.3084493322283
single,ffill,0.5,10,0.5,0.5,876,876,12,0.7949454336588168,140.23495623722198,0.10505456634118326,70.02125516073028
single,ffill,0.5,10,0.5,0.5,876,876,24,0.7773279352226721,139.75726660501294,0.12267206477732795,69.67414619063388
single,ffill,0.5,10,0.5,0.5,876,876,48,0.7912023460410558,140.0907351234435,0.10879765395894425,69.84566808080916
single,ffill,0.5,11,0.5,0.5,876,876,6,0.7996565540927304,141.7544747270603,0.10034344590726962,70.63224500674366
single,ffill,0.5,11,0.5,0.5,876,876,12,0.7897759908098794,138.65897573918323,0.11022400919012065,69.26543609677313
single,ffill,0.5,11,0.5,0.5,876,876,24,0.7692307692307693,137.08855789263868,0.13076923076923075,68.39643501425519
single,ffill,0.5,11,0.5,0.5,876,876,48,0.7853372434017595,138.14510975436474,0.11466275659824055,68.73948043888025
single,ffill,0.5,12,0.5,0.5,876,876,6,0.813966800228964,146.16587308287225,0.08603319977103607,72.75523912987956
single,ffill,0.5,12,0.5,0.5,876,876,12,0.7978173463526709,141.85529595105885,0.10218265364732915,70.89575263278235
single,ffill,0.5,12,0.5,0.5,876,876,24,0.7987275882012724,146.4306259151307,0.10127241179872759,73.03990075410702
single,ffill,0.5,12,0.5,0.5,876,876,48,0.8193548387096774,148.41737856803508,0.08064516129032262,73.91433354796493
single,ffill,0.5,13,0.5,0.5,876,876,6,0.8070978820835718,143.8579070836028,0.09290211791642822,71.76776715616029
single,ffill,0.5,13,0.5,0.5,876,876,12,0.7978173463526709,141.35829072083615,0.10218265364732915,70.43313172220488
single,ffill,0.5,13,0.5,0.5,876,876,24,0.772700983227299,138.74140905492908,0.12729901677270106,69.18786679140652
single,ffill,0.5,13,0.5,0.5,876,876,48,0.782991202346041,136.41544102308166,0.117008797653959,68.06716799223268
single,ffill,0.5,14,0.5,0.5,876,876,6,0.7996565540927304,141.7544747270603,0.10034344590726962,70.63224500674366
single,ffill,0.5,14,0.5,0.5,876,876,12,0.8047099368179207,143.49396383801837,0.09529006318207933,71.70704892741615
single,ffill,0.5,14,0.5,0.5,876,876,24,0.7669172932330827,136.774302111378,0.13308270676691736,68.28892304747156
single,ffill,0.5,14,0.5,0.5,876,876,48,0.7865102639296188,139.03983262705785,0.11348973607038126,69.19255746025883
single,ffill,0.5,15,0.5,0.5,876,876,6,0.8070978820835718,143.97794326294968,0.09290211791642822,71.89973635253256
single,ffill,0.5,15,0.5,0.5,876,876,12,0.7995404939689833,142.5817543485186,0.10045950603101672,71.01811762177779
single,ffill,0.5,15,0.5,0.5,876,876,24,0.7750144592249856,139.45559321565582,0.12498554077501445,69.48844714005884
single,ffill,0.5,15,0.5,0.5,876,876,48,0.782991202346041,136.41544102308166,0.117008797653959,67.92472853428632
single,ffill,0.5,16,0.5,0.5,876,876,6,0.8036634230108758,142.6118626394483,0.09633657698912423,71.12852489840216
single,ffill,0.5,16,0.5,0.5,876,876,12,0.8047099368179207,143.713499451637,0.09529006318207933,71.7180257080971
single,ffill,0.5,16,0.5,0.5,876,876,24,0.7854251012145749,141.42403576158324,0.11457489878542515,70.64292723267948
single,ffill,0.5,16,0.5,0.5,876,876,48,0.8117302052785924,146.11534832001837,0.08826979472140761,72.93606259223377
single,ffill,0.5,17,0.5,0.5,876,876,6,0.7996565540927304,141.7544747270603,0.10034344590726962,70.63224500674366
single,ffill,0.5,17,0.5,0.5,876,876,12,0.8052843193566915,143.83928071790788,0.09471568064330849,71.86303878913206
single,ffill,0.5,17,0.5,0.5,876,876,24,0.7698091382301908,137.5121979787274,0.1301908617698092,68.74443737813982
single,ffill,0.5,17,0.5,0.5,876,876,48,0.8005865102639296,142.6723339107525,0.09941348973607045,70.90526511798268
single,ffill,0.5,18,0.5,0.5,876,876,6,0.8088151116199198,144.63101099771586,0.09118488838008021,72.20884445419213
single,ffill,0.5,18,0.5,0.5,876,876,12,0.8047099368179207,143.713499451637,0.09529006318207933,71.7180257080971
single,ffill,0.5,18,0.5,0.5,876,876,24,0.7987275882012724,146.56595391038655,0.10127241179872759,73.1663419827628
single,ffill,0.5,18,0.5,0.5,876,876,48,0.8187683284457478,148.1978625615393,0.08123167155425226,74.01582101100657
single,ffill,0.5,19,0.5,0.5,876,876,6,0.8059530623926732,143.32095427037717,0.09404693760732685,71.52331903031214
single,ffill,0.5,19,0.5,0.5,876,876,12,0.8064330844342332,144.2814723382638,0.0935669155657668,72.07899018907885
single,ffill,0.5,19,0.5,0.5,876,876,24,0.7958357432041643,145.23717383578898,0.10416425679583574,72.11692729702872
single,ffill,0.5,19,0.5,0.5,876,876,48,0.8175953079178886,147.7400650823699,0.08240469208211143,73.71688223886187
single,spline,0.0,0,0.0,0.0,0,0,6,0.9107040641099027,184.51546580978544,0.010704064109902656,91.93317010364271
single,spline,0.0,0,0.0,0.0,0,0,12,0.9126938541068351,180.21297386954228,0.0126938541068351,89.99882550417082
single,spline,0.0,0,0.0,0.0,0,0,24,0.8837478311162522,179.09690038815052,0.01625216888374781,89.4281193996245
single,spline,0.0,0,0.0,0.0,0,0,48,0.9020527859237537,180.37481308589946,0.002052785923753686,89.8818789254163
single,spline,0.0,1,0.0,0.0,0,0,6,0.9107040641099027,184.51546580978544,0.010704064109902656,91.93317010364271
single,spline,0.0,1,0.0,0.0,0,0,12,0.9126938541068351,180.21297386954228,0.0126938541068351,89.99882550417082
single,spline,0.0,1,0.0,0.0,0,0,24,0.8837478311162522,179.09690038815052,0.01625216888374781,89.4281193996245
single,spline,0.0,1,0.0,0.0,0,0,48,0.9020527859237537,180.37481308589946,0.002052785923753686,89.8818789254163
single,spline,0.0,2,0.0,0.0,0,0,6,0.9107040641099027,184.51546580978544,0.010704064109902656,91.93317010364271
single,spline,0.0,2,0.0,0.0,0,0,12,0.9126938541068351,180.21297386954228,0.0126938541068351,89.99882550417082
single,spline,0.0,2,0.0,0.0,0,0,24,0.8837478311162522,179.09690038815052,0.01625216888374781,89.4281193996245
single,spline,0.0,2,0.0,0.0,0,0,48,0.9020527859237537,180.37481308589946,0.002052785923753686,89.8818789254163
single,spline,0.0,3,0.0,0.0,0,0,6,0.9107040641099027,184.51546580978544,0.010704064109902656,91.93317010364271
single,spline,0.0,3,0.0,0.0,0,0,12,0.9126938541068351,180.21297386954228,0.0126938541068351,89.99882550417082
single,spline,0.0,3,0.0,0.0,0,0,24,0.8837478311162522,179.09690038815052,0.01625216888374781,89.4281193996245
single,spline,0.0,3,0.0,0.0,0,0,48,0.9020527859237537,180.37481308589946,0.002052785923753686,89.8818789254163
single,spline,0.0,4,0.0,0.0,0,0,6,0.9107040641099027,184.51546580978544,0.010704064109902656,91.93317010364271
single,spline,0.0,4,0.0,0.0,0,0,12,0.9126938541068351,180.21297386954228,0.0126938541068351,89.99882550417082
single,spline,0.0,4,0.0,0.0,0,0,24,0.8837478311162522,179.09690038815052,0.01625216888374781,89.4281193996245
single,spline,0.0,4,0.0,0.0,0,0,48,0.9020527859237537,180.37481308589946,0.002052785923753686,89.8818789254163
single,spline,0.0,5,0.0,0.0,0,0,6,0.9107040641099027,184.51546580978544,0.010704064109902656,91.93317010364271
single,spline,0.0,5,0.0,0.0,0,0,12,0.9126938541068351,180.21297386954228,0.0126938541068351,89.99882550417082
single,spline,0.0,5,0.0,0.0,0,0,24,0.8837478311162522,179.09690038815052,0.01625216888374781,89.4281193996245
single,spline,0.0,5,0.0,0.0,0,0,48,0.9020527859237537,180.37481308589946,0.002052785923753686,89.8818789254163
single,spline,0.0,6,0.0,0.0,0,0,6,0.9107040641099027,184.51546580978544,0.010704064109902656,91.93317010364271
single,spline,0.0,6,0.0,0.0,0,0,12,0.9126938541068351,180.21297386954228,0.0126938541068351,89.99882550417082
single,spline,0.0,6,0.0,0.0,0,0,24,0.8837478311162522,179.09690038815052,0.01625216888374781,89.4281193996245
single,spline,0.0,6,0.0,0.0,0,0,48,0.9020527859237537,180.37481308589946,0.002052785923753686,89.8818789254163
single,spline,0.0,7,0.0,0.0,0,0,6,0.9107040641099027,184.51546580978544,0.010704064109902656,91.93317010364271
single,spline,0.0,7,0.0,0.0,0,0,12,0.9126938541068351,180.21297386954228,0.0126938541068351,89.99882550417082
single,spline,0.0,7,0.0,0.0,0,0,24,0.8837478311162522,179.09690038815052,0.01625216888374781,89.4281193996245
single,spline,0.0,7,0.0,0.0,0,0,48,0.9020527859237537,180.37481308589946,0.002052785923753686,89.8818789254163
single,spline,0.0,8,0.0,0.0,0,0,6,0.9107040641099027,184.51546580978544,0.010704064109902656,91.93317010364271
single,spline,0.0,8,0.0,0.0,0,0,12,0.9126938541068351,180.21297386954228,0.0126938541068351,89.99882550417082
single,spline,0.0,8,0.0,0.0,0,0,24,0.8837478311162522,179.09690038815052,0.01625216888374781,89.4281193996245
single,spline,0.0,8,0.0,0.0,0,0,48,0.9020527859237537,180.37481308589946,0.002052785923753686,89.8818789254163
single,spline,0.0,9,0.0,0.0,0,0,6,0.9107040641099027,184.51546580978544,0.010704064109902656,91.93317010364271
single,spline,0.0,9,0.0,0.0,0,0,12,0.9126938541068351,180.21297386954228,0.0126938541068351,89.99882550417082
single,spline,0.0,9,0.0,0.0,0,0,24,0.8837478311162522,179.09690038815052,0.01625216888374781,89.4281193996245
single,spline,0.0,9,0.0,0.0,0,0,48,0.9020527859237537,180.37481308589946,0.002052785923753686,89.8818789254163
single,spline,0.0,10,0.0,0.0,0,0,6,0.9107040641099027,184.51546580978544,0.010704064109902656,91.93317010364271
single,spline,0.0,10,0.0,0.0,0,0,12,0.9126938541068351,180.21297386954228,0.0126938541068351,89.99882550417082
single,spline,0.0,10,0.0,0.0,0,0,24,0.8837478311162522,179.09690038815052,0.01625216888374781,89.4281193996245
single,spline,0.0,10,0.0,0.0,0,0,48,0.9020527859237537,180.37481308589946,0.002052785923753686,89.8818789254163
single,spline,0.0,11,0.0,0.0,0,0,6,0.9107040641099027,184.51546580978544,0.010704064109902656,91.93317010364271
single,spline,0.0,11,0.0,0.0,0,0,12,0.9126938541068351,180.21297386954228,0.0126938541068351,89.99882550417082
single,spline,0.0,11,0.0,0.0,0,0,24,0.8837478311162522,179.09690038815052,0.01625216888374781,89.4281193996245
single,spline,0.0,11,0.0,0.0,0,0,48,0.9020527859237537,180.37481308589946,0.002052785923753686,89.8818789254163
single,spline,0.0,12,0.0,0.0,0,0,6,0.9107040641099027,184.51546580978544,0.010704064109902656,91.93317010364271
single,spline,0.0,12,0.0,0.0,0,0,12,0.9126938541068351,180.21297386954228,0.0126938541068351,89.99882550417082
single,spline,0.0,12,0.0,0.0,0,0,24,0.8837478311162522,179.09690038815052,0.01625216888374781,89.4281193996245
single,spline,0.0,12,0.0,0.0,0,0,48,0.9020527859237537,180.37481308589946,0.002052785923753686,89.8818789254163
single,spline,0.0,13,0.0,0.0,0,0,6,0.9107040641099027,184.51546580978544,0.010704064109902656,91.93317010364271
single,spline,0.0,13,0.0,0.0,0,0,12,0.9126938541068351,180.21297386954228,0.0126938541068351,89.99882550417082
single,spline,0.0,13,0.0,0.0,0,0,24,0.8837478311162522,179.09690038815052,0.01625216888374781,89.4281193996245
single,spline,0.0,13,0.0,0.0,0,0,48,0.9020527859237537,180.37481308589946,0.002052785923753686,89.8818789254163
single,spline,0.0,14,0.0,0.0,0,0,6,0.9107040641099027,184.51546580978544,0.010704064109902656,91.93317010364271
single,spline,0.0,14,0.0,0.0,0,0,12,0.9126938541068351,180.21297386954228,0.0126938541068351,89.99882550417082
single,spline,0.0,14,0.0,0.0,0,0,24,0.8837478311162522,179.09690038815052,0.01625216888374781,89.4281193996245
single,spline,0.0,14,0.0,0.0,0,0,48,0.9020527859237537,180.37481308589946,0.002052785923753686,89.8818789254163
single,spline,0.0,15,0.0,0.0,0,0,6,0.9107040641099027,184.51546580978544,0.010704064109902656,91.93317010364271
single,spline,0.0,15,0.0,0.0,0,0,12,0.9126938541068351,180.21297386954228,0.0126938541068351,89.99882550417082
single,spline,0.0,15,0.0,0.0,0,0,24,0.8837478311162522,179.09690038815052,0.01625216888374781,89.4281193996245
single,spline,0.0,15,0.0,0.0,0,0,48,0.9020527859237537,180.37481308589946,0.002052785923753686,89.8818789254163
single,spline,0.0,16,0.0,0.0,0,0,6,0.9107040641099027,184.51546580978544,0.010704064109902656,91.93317010364271
single,spline,0.0,16,0.0,0.0,0,0,12,0.9126938541068351,180.21297386954228,0.0126938541068351,89.99882550417082
single,spline,0.0,16,0.0,0.0,0,0,24,0.8837478311162522,179.09690038815052,0.01625216888374781,89.4281193996245
single,spline,0.0,16,0.0,0.0,0,0,48,0.9020527859237537,180.37481308589946,0.002052785923753686,89.8818789254163
single,spline,0.0,17,0.0,0.0,0,0,6,0.9107040641099027,184.51546580978544,0.010704064109902656,91.93317010364271
single,spline,0.0,17,0.0,0.0,0,0,12,0.9126938541068351,180.21297386954228,0.0126938541068351,89.99882550417082
single,spline,0.0,17,0.0,0.0,0,0,24,0.8837478311162522,179.09690038815052,0.01625216888374781,89.4281193996245
single,spline,0.0,17,0.0,0.0,0,0,48,0.9020527859237537,180.37481308589946,0.002052785923753686,89.8818789254163
single,spline,0.0,18,0.0,0.0,0,0,6,0.9107040641099027,184.51546580978544,0.010704064109902656,91.93317010364271
single,spline,0.0,18,0.0,0.0,0,0,12,0.9126938541068351,180.21297386954228,0.0126938541068351,89.99882550417082
single,spline,0.0,18,0.0,0.0,0,0,24,0.8837478311162522,179.09690038815052,0.01625216888374781,89.4281193996245
single,spline,0.0,18,0.0,0.0,0,0,48,0.9020527859237537,180.37481308589946,0.002052785923753686,89.8818789254163
single,spline,0.0,19,0.0,0.0,0,0,6,0.9107040641099027,184.51546580978544,0.010704064109902656,91.93317010364271
single,spline,0.0,19,0.0,0.0,0,0,12,0.9126938541068351,180.21297386954228,0.0126938541068351,89.99882550417082
single,spline,0.0,19,0.0,0.0,0,0,24,0.8837478311162522,179.09690038815052,0.01625216888374781,89.4281193996245
single,spline,0.0,19,0.0,0.0,0,0,48,0.9020527859237537,180.37481308589946,0.002052785923753686,89.8818789254163
single,spline,0.1,0,0.1,0.09988584474885845,175,175,6,0.9221522610188895,190.8851268268414,0.022152261018889452,95.10354705036215
single,spline,0.1,0,0.1,0.09988584474885845,175,175,12,0.9569213095921884,215.4866269426984,0.05692130959218833,107.48345960731754
single,spline,0.1,0,0.1,0.09988584474885845,175,175,24,0.9762868710237131,252.14434775993982,0.07628687102371312,125.36131398745398
single,spline,0.1,0,0.1,0.09988584474885845,175,175,48,1.0,412.80333463371676,0.09999999999999998,199.05642634180276
single,spline,0.1,1,0.1,0.09988584474885845,175,175,6,0.9696622781911849,232.3871013502212,0.06966227819118487,114.44267297089942
single,spline,0.1,1,0.1,0.09988584474885845,175,175,12,0.9902354968408961,261.00158248277876,0.09023549684089605,130.2704073443779
single,spline,0.1,1,0.1,0.09988584474885845,175,175,24,1.0,371.9009276812176,0.09999999999999998,164.82602358342538
single,spline,0.1,1,0.1,0.09988584474885845,175,175,48,1.0,734.3886608111164,0.09999999999999998,361.3870240614112
single,spline,0.1,2,0.1,0.09988584474885845,175,175,6,0.9490555237550086,212.08478669907925,0.049055523755008545,105.70756752364215
single,spline,0.1,2,0.1,0.09988584474885845,175,175,12,0.9798966111430213,239.7669980833021,0.07989661114302127,119.45089213349827
single,spline,0.1,2,0.1,0.09988584474885845,175,175,24,0.9947946790052054,301.59547233313924,0.09479467900520533,147.55589999741372
single,spline,0.1,2,0.1,0.09988584474885845,175,175,48,1.0,692.8357558633036,0.09999999999999998,327.5250777691527
single,spline,0.1,3,0.1,0.09988584474885845,175,175,6,0.9759587864911277,242.8065938019723,0.07595878649112764,120.0498238058704
single,spline,0.1,3,0.1,0.09988584474885845,175,175,12,0.9902354968408961,261.0378481124444,0.09023549684089605,129.72873180028017
single,spline,0.1,3,0.1,0.09988584474885845,175,175,24,0.9976865240023135,318.91033178682005,0.09768652400231348,156.41256642618703
single,spline,0.1,3,0.1,0.09988584474885845,175,175,48,1.0,998.2568348310979,0.09999999999999998,469.963116368731
single,spline,0.1,4,0.1,0.09988584474885845,175,175,6,0.936462507155123,199.30388280795756,0.036462507155123,99.35258929285382
single,spline,0.1,4,0.1,0.09988584474885845,175,175,12,0.9638139000574383,221.99050240094547,0.06381390005743826,110.7516231390325
single,spline,0.1,4,0.1,0.09988584474885845,175,175,24,0.979757085020243,256.77879068739344,0.07975708502024292,126.75084929892157
single,spline,0.1,4,0.1,0.09988584474885845,175,175,48,1.0,460.76711181547853,0.09999999999999998,223.82213972439743
single,spline,0.1,5,0.1,0.09988584474885845,175,175,6,0.9627933600457927,225.2164853782105,0.06279336004579272,112.15066570945018
single,spline,0.1,5,0.1,0.09988584474885845,175,175,12,0.9885123492245835,256.271291614156,0.08851234922458351,127.9424852272903
single,spline,0.1,5,0.1,0.09988584474885845,175,175,24,0.9976865240023135,321.2988236909541,0.09768652400231348,158.5219968836633
single,spline,0.1,5,0.1,0.09988584474885845,175,175,48,1.0,840.386763502725,0.09999999999999998,404.7143349695088
single,spline,0.1,6,0.1,0.09988584474885845,175,175,6,0.9479107040641099,210.17537314100844,0.04791070406410991,104.47176199061056
single,spline,0.1,6,0.1,0.09988584474885845,175,175,12,0.9816197587593337,247.332915362057,0.0816197587593337,123.46061449809183
single,spline,0.1,6,0.1,0.09988584474885845,175,175,24,0.995373048004627,305.5781602175117,0.09537304800462698,151.6096210307802
single,spline,0.1,6,0.1,0.09988584474885845,175,175,48,1.0,668.0240368943544,0.09999999999999998,327.3876622862556
single,spline,0.1,7,0.1,0.09988584474885845,175,175,6,0.9748139668002289,241.22176315133083,0.07481396680022889,120.23799964928135
single,spline,0.1,7,0.1,0.09988584474885845,175,175,12,0.9931074095347502,275.11008136096365,0.09310740953475016,137.13216354369507
single,spline,0.1,7,0.1,0.09988584474885845,175,175,24,1.0,449.69845674167664,0.09999999999999998,216.25944805879726
single,spline,0.1,7,0.1,0.09988584474885845,175,175,48,1.0,1416.5759977676944,0.09999999999999998,703.5594802214636
single,spline,0.1,8,0.1,0.09988584474885845,175,175,6,0.9759587864911277,242.8065938019723,0.07595878649112764,120.5140173371142
single,spline,0.1,8,0.1,0.09988584474885845,175,175,12,0.9919586444572085,272.084238594999,0.09195864445720847,134.84939616423486
single,spline,0.1,8,0.1,0.09988584474885845,175,175,24,1.0,437.2915598295226,0.09999999999999998,206.95224921472632
single,spline,0.1,8,0.1,0.09988584474885845,175,175,48,1.0,1334.3456653992962,0.09999999999999998,650.2126333299693
single,spline,0.1,9,0.1,0.09988584474885845,175,175,6,0.9868345735546652,263.6510884374585,0.08683457355466517,131.5918192705696
single,spline,0.1,9,0.1,0.09988584474885845,175,175,12,0.9931074095347502,285.4665227361593,0.09310740953475016,142.66826689899824
single,spline,0.1,9,0.1,0.09988584474885845,175,175,24,1.0,572.8159272372868,0.09999999999999998,267.164268263663
single,spline,0.1,9,0.1,0.09988584474885845,175,175,48,1.0,1722.7389671381416,0.09999999999999998,848.5354939401177
single,spline,0.1,10,0.1,0.09988584474885845,175,175,6,0.9942759015455066,283.1512483423032,0.09427590154550658,141.39725260959213
single,spline,0.1,10,0.1,0.09988584474885845,175,175,12,0.9959793222286043,314.53052006673533,0.09597932222860428,156.62298259079543
single,spline,0.1,10,0.1,0.09988584474885845,175,175,24,1.0,860.3124767002282,0.09999999999999998,387.6039723754377
single,spline,0.1,10,0.1,0.09988584474885845,175,175,48,1.0,2309.218110923506,0.09999999999999998,1142.7896081249771
single,spline,0.1,11,0.1,0.09988584474885845,175,175,6,0.9793932455638237,252.0499346859242,0.07939324556382366,124.88760564583336
single,spline,0.1,11,0.1,0.09988584474885845,175,175,12,0.9931074095347502,282.9919178002392,0.09310740953475016,141.44748231434045
single,spline,0.1,11,0.1,0.09988584474885845,175,175,24,1.0,488.8028725451842,0.09999999999999998,234.2829165741607
single,spline,0.1,11,0.1,0.09988584474885845,175,175,48,1.0,1466.7953970110402,0.09999999999999998,723.4127610568744
single,spline,0.1,12,0.1,0.09988584474885845,175,175,6,0.9164281625643961,187.28261890958387,0.016428162564396054,93.1175787082264
single,spline,0.1,12,0.1,0.09988584474885845,175,175,12,0.9638139000574383,222.0124000038959,0.06381390005743826,110.99634608062026
single,spline,0.1,12,0.1,0.09988584474885845,175,175,24,0.9814921920185078,258.6147832197854,0.08149219201850777,129.11993412434776
single,spline,0.1,12,0.1,0.09988584474885845,175,175,48,1.0,434.2003839037998,0.09999999999999998,214.70310330166376
single,spline,0.1,13,0.1,0.09988584474885845,175,175,6,0.9639381797366915,227.27966559410459,0.06393817973669147,113.59209719861244
single,spline,0.1,13,0.1,0.09988584474885845,175,175,12,0.9885123492245835,255.4842695263807,0.08851234922458351,127.28101868172595
single,spline,0.1,13,0.1,0.09988584474885845,175,175,24,0.9994216310005783,339.1865159432181,0.09942163100057833,162.2052290227486
single,spline,0.1,13,0.1,0.09988584474885845,175,175,48,1.0,936.2727519641435,0.09999999999999998,465.1498353059773
single,spline,0.1,14,0.1,0.09988584474885845,175,175,6,0.909559244419004,184.4637099772467,0.00955924441900402,91.93317010364271
single,spline,0.1,14,0.1,0.09988584474885845,175,175,12,0.9448592762780011,203.1918334702134,0.044859276278001126,101.56204248867533
single,spline,0.1,14,0.1,0.09988584474885845,175,175,24,0.9699248120300752,239.555103654076,0.06992481203007517,119.49873342392769
single,spline,0.1,14,0.1,0.09988584474885845,175,175,48,0.9994134897360704,337.95057063082095,0.09941348973607034,163.42466302571506
single,spline,0.1,15,0.1,0.09988584474885845,175,175,6,0.9885518030910132,266.8210269648989,0.08855180309101318,132.51498266655352
single,spline,0.1,15,0.1,0.09988584474885845,175,175,12,0.9954049396898335,310.6662072094753,0.09540493968983343,153.81522485192616
single,spline,0.1,15,0.1,0.09988584474885845,175,175,24,1.0,746.1371016398007,0.09999999999999998,350.1058230581066
single,spline,0.1,15,0.1,0.09988584474885845,175,175,48,1.0,2293.830305357722,0.09999999999999998,1122.1605359651653
single,spline,0.1,16,0.1,0.09988584474885845,175,175,6,0.9370349170005724,201.39976303219407,0.037034917000572376,100.37761935332551
single,spline,0.1,16,0.1,0.09988584474885845,175,175,12,0.9643882825962091,222.71646083400287,0.0643882825962091,111.33775507658493
single,spline,0.1,16,0.1,0.09988584474885845,175,175,24,0.9855407750144592,270.15305653644947,0.08554077501445922,132.01463140136735
single,spline,0.1,16,0.1,0.09988584474885845,175,175,48,1.0,516.3936579093556,0.09999999999999998,254.0180486583841
single,spline,0.1,17,0.1,0.09988584474885845,175,175,6,0.9805380652547224,255.98741936199502,0.0805380652547224,126.32499448496523
single,spline,0.1,17,0.1,0.09988584474885845,175,175,12,0.9931074095347502,282.9919178002392,0.09310740953475016,141.44748231434045
single,spline,0.1,17,0.1,0.09988584474885845,175,175,24,1.0,414.5495771331771,0.09999999999999998,177.62200828968815
single,spline,0.1,17,0.1,0.09988584474885845,175,175,48,1.0,1441.1722271997496,0.09999999999999998,717.0511712224592
single,spline,0.1,18,0.1,0.09988584474885845,175,175,6,0.9805380652547224,255.98741936199502,0.0805380652547224,125.5356343940932
single,spline,0.1,18,0.1,0.09988584474885845,175,175,12,0.9931074095347502,275.11008136096365,0.09310740953475016,136.4125561839072
single,spline,0.1,18,0.1,0.09988584474885845,175,175,24,1.0,511.2823011871942,0.09999999999999998,249.1338020556469
single,spline,0.1,18,0.1,0.09988584474885845,175,175,48,1.0,1422.6892577312665,0.09999999999999998,690.3769850603375
single,spline,0.1,19,0.1,0.09988584474885845,175,175,6,0.978248425872925,248.12160336308443,0.07824842587292502,123.72337274109566
single,spline,0.1,19,0.1,0.09988584474885845,175,175,12,0.9931074095347502,279.096999347761,0.09310740953475016,138.1655603681973
single,spline,0.1,19,0.1,0.09988584474885845,175,175,24,1.0,436.83513280438456,0.09999999999999998,216.1608390400915
single,spline,0.1,19,0.1,0.09988584474885845,175,175,48,1.0,1314.9258912064429,0.09999999999999998,646.2151498852946
single,spline,0.2,0,0.2,0.1997716894977169,350,350,6,0.9129937034917001,186.0458666124823,0.012993703491700037,92.86411217485605
single,spline,0.2,0,0.2,0.1997716894977169,350,350,12,0.9827685238368754,249.7094392552376,0.08276852383687539,124.62825300728572
single,spline,0.2,0,0.2,0.1997716894977169,350,350,24,1.0,440.8834202358546,0.09999999999999998,217.95013656258465
single,spline,0.2,0,0.2,0.1997716894977169,350,350,48,1.0,873.5721934187131,0.09999999999999998,435.50424811965974
single,spline,0.2,1,0.2,0.1997716894977169,350,350,6,0.9994275901545506,358.167087340109,0.0994275901545506,178.37207975448746
single,spline,0.2,1,0.2,0.1997716894977169,350,350,12,1.0,720.0490753564591,0.09999999999999998,358.14000120854644
single,spline,0.2,1,0.2,0.1997716894977169,350,350,24,1.0,1455.2628920222705,0.09999999999999998,724.414164338155
single,spline,0.2,1,0.2,0.1997716894977169,350,350,48,1.0,2933.948627859101,0.09999999999999998,1459.120194770027
single,spline,0.2,2,0.2,0.1997716894977169,350,350,6,1.0,630.548216584448,0.09999999999999998,314.5025803310054
single,spline,0.2,2,0.2,0.1997716894977169,350,350,12,1.0,1259.6020275020364,0.09999999999999998,627.4681778421943
single,spline,0.2,2,0.2,0.1997716894977169,350,350,24,1.0,2494.372084260749,0.09999999999999998,1242.0722371651734
single,spline,0.2,2,0.2,0.1997716894977169,350,350,48,1.0,4891.614392441719,0.09999999999999998,2433.471853623875
single,spline,0.2,3,0.2,0.1997716894977169,350,350,6,0.9524899828277046,215.14781494353974,0.05248998282770456,107.49748833453191
single,spline,0.2,3,0.2,0.1997716894977169,350,350,12,1.0,382.9014126317352,0.09999999999999998,191.37213752288633
single,spline,0.2,3,0.2,0.1997716894977169,350,350,24,1.0,772.4079923633456,0.09999999999999998,384.09486299129685
single,spline,0.2,3,0.2,0.1997716894977169,350,350,48,1.0,1547.8495067773251,0.09999999999999998,772.4677060337399
single,spline,0.2,4,0.2,0.1997716894977169,350,350,6,1.0,478.7121564392164,0.09999999999999998,238.65788054899429
single,spline,0.2,4,0.2,0.1997716894977169,350,350,12,1.0,956.8634704562846,0.09999999999999998,478.041556119392
single,spline,0.2,4,0.2,0.1997716894977169,350,350,24,1.0,1935.9291368617291,0.09999999999999998,963.4747390646806
single,spline,0.2,4,0.2,0.1997716894977169,350,350,48,1.0,3891.488827272493,0.09999999999999998,1938.1327954263493
single,spline,0.2,5,0.2,0.1997716894977169,350,350,6,0.9542072123640527,216.23759390716805,0.05420721236405268,107.91937732888967
single,spline,0.2,5,0.2,0.1997716894977169,350,350,12,0.9988512349224583,356.19543270875147,0.09885123492245829,177.21022174919858
single,spline,0.2,5,0.2,0.1997716894977169,350,350,24,1.0,696.9215933435389,0.09999999999999998,346.81982236054336
single,spline,0.2,5,0.2,0.1997716894977169,350,350,48,1.0,1369.041442629547,0.09999999999999998,679.483516149239
single,spline,0.2,6,0.2,0.1997716894977169,350,350,6,0.9977103606182026,313.48208842502646,0.0977103606182026,155.82147360026534
single,spline,0.2,6,0.2,0.1997716894977169,350,350,12,1.0,620.6813280813412,0.09999999999999998,309.19068802539744
single,spline,0.2,6,0.2,0.1997716894977169,350,350,24,1.0,1250.5728214031797,0.09999999999999998,619.0535565071431
single,spline,0.2,6,0.2,0.1997716894977169,350,350,48,1.0,2482.2385015158543,0.09999999999999998,1239.3957530552138
single,spline,0.2,7,0.2,0.1997716894977169,350,350,6,0.994848311390956,296.15445890159754,0.09484831139095595,147.64417607215591
single,spline,0.2,7,0.2,0.1997716894977169,350,350,12,1.0,575.6327645565543,0.09999999999999998,287.6658437067064
single,spline,0.2,7,0.2,0.1997716894977169,350,350,24,1.0,1164.609216520883,0.09999999999999998,578.2869818777311
single,spline,0.2,7,0.2,0.1997716894977169,350,350,48,1.0,2350.076404137577,0.09999999999999998,1167.7733191508844
single,spline,0.2,8,0.2,0.1997716894977169,350,350,6,1.0,420.4658443469016,0.09999999999999998,208.08549055735148
single,spline,0.2,8,0.2,0.1997716894977169,350,350,12,1.0,842.1910264046201,0.09999999999999998,420.11162071797145
single,spline,0.2,8,0.2,0.1997716894977169,350,350,24,1.0,1695.8721532579839,0.09999999999999998,840.6768670444369
single,spline,0.2,8,0.2,0.1997716894977169,350,350,48,1.0,3369.4001058412396,0.09999999999999998,1676.2222757370298
single,spline,0.2,9,0.2,0.1997716894977169,350,350,6,1.0,455.65061151052396,0.09999999999999998,226.9928802321997
single,spline,0.2,9,0.2,0.1997716894977169,350,350,12,1.0,904.1690626714626,0.09999999999999998,449.76562607016456
single,spline,0.2,9,0.2,0.1997716894977169,350,350,24,1.0,1790.2784448177263,0.09999999999999998,887.1906870848622
single,spline,0.2,9,0.2,0.1997716894977169,350,350,48,1.0,3582.0124559452743,0.09999999999999998,1777.5041317459618
single,spline,0.2,10,0.2,0.1997716894977169,350,350,6,1.0,774.7541591650006,0.09999999999999998,386.3357436571123
single,spline,0.2,10,0.2,0.1997716894977169,350,350,12,1.0,1555.7948011315311,0.09999999999999998,774.7340226309019
single,spline,0.2,10,0.2,0.1997716894977169,350,350,24,1.0,3121.619655318518,0.09999999999999998,1555.446613586824
single,spline,0.2,10,0.2,0.1997716894977169,350,350,48,1.0,6278.77366617386,0.09999999999999998,3126.2351249585454
single,spline,0.2,11,0.2,0.1997716894977169,350,350,6,0.8918145392100744,174.82631859327657,0.008185460789925658,87.32095242118655
single,spline,0.2,11,0.2,0.1997716894977169,350,350,12,0.9080987937966686,178.3811618730917,0.008098793796668557,89.13747633453649
single,spline,0.2,11,0.2,0.1997716894977169,350,350,24,0.913823019086177,191.68977180243414,0.013823019086177002,95.48815953205548
single,spline,0.2,11,0.2,0.1997716894977169,350,350,48,0.9935483870967742,286.6527183452373,0.09354838709677415,142.24305041670587
single,spline,0.2,12,0.2,0.1997716894977169,350,350,6,0.9994275901545506,358.39944292996825,0.0994275901545506,177.89364579433436
single,spline,0.2,12,0.2,0.1997716894977169,350,350,12,1.0,709.9889506882819,0.09999999999999998,352.2683547481076
single,spline,0.2,12,0.2,0.1997716894977169,350,350,24,1.0,1419.475898375319,0.09999999999999998,703.338345830325
single,spline,0.2,12,0.2,0.1997716894977169,350,350,48,1.0,2835.162540247811,0.09999999999999998,1415.3390679126978
single,spline,0.2,13,0.2,0.1997716894977169,350,350,6,0.9942759015455066,283.1512483423032,0.09427590154550658,141.2428502940435
single,spline,0.2,13,0.2,0.1997716894977169,350,350,12,1.0,528.3298551366934,0.09999999999999998,263.5767004875185
single,spline,0.2,13,0.2,0.1997716894977169,350,350,24,1.0,1062.1493890837519,0.09999999999999998,527.4814482848428
single,spline,0.2,13,0.2,0.1997716894977169,350,350,48,1.0,2016.76459337688,0.09999999999999998,1002.5723416872778
single,spline,0.2,14,0.2,0.1997716894977169,350,350,6,0.9250143102461362,194.8605162643534,0.025014310246136207,97.29611606252968
single,spline,0.2,14,0.2,0.1997716894977169,350,350,12,0.9931074095347502,292.27364619507443,0.09310740953475016,145.90706117329626
single,spline,0.2,14,0.2,0.1997716894977169,350,350,24,1.0,568.3668027479034,0.09999999999999998,282.21981872554585
single,spline,0.2,14,0.2,0.1997716894977169,350,350,48,1.0,1093.9555590423058,0.09999999999999998,545.0898155615604
single,spline,0.2,15,0.2,0.1997716894977169,350,350,6,0.9994275901545506,353.99131518943614,0.0994275901545506,176.13228029946367
single,spline,0.2,15,0.2,0.1997716894977169,350,350,12,1.0,707.3779466215019,0.09999999999999998,353.5422528771293
single,spline,0.2,15,0.2,0.1997716894977169,350,350,24,1.0,1435.4360699901918,0.09999999999999998,713.2056976919669
single,spline,0.2,15,0.2,0.1997716894977169,350,350,48,1.0,2904.694094878356,0.09999999999999998,1448.3921807005536
single,spline,0.2,16,0.2,0.1997716894977169,350,350,6,0.9702346880366343,234.22557493202476,0.07023468803663424,117.06574531907006
single,spline,0.2,16,0.2,0.1997716894977169,350,350,12,1.0,402.32801280961206,0.09999999999999998,200.52247075816567
single,spline,0.2,16,0.2,0.1997716894977169,350,350,24,1.0,784.3632340208005,0.09999999999999998,391.78110543058943
single,spline,0.2,16,0.2,0.1997716894977169,350,350,48,1.0,1585.0153200679742,0.09999999999999998,789.4397792351996
single,spline,0.2,17,0.2,0.1997716894977169,350,350,6,1.0,613.6479145142293,0.09999999999999998,304.5887441285331
single,spline,0.2,17,0.2,0.1997716894977169,350,350,12,1.0,1233.082475446783,0.09999999999999998,615.0388031482353
single,spline,0.2,17,0.2,0.1997716894977169,350,350,24,1.0,2492.7507501692835,0.09999999999999998,1238.8514557340548
single,spline,0.2,17,0.2,0.1997716894977169,350,350,48,1.0,5039.1376546403235,0.09999999999999998,2511.105300789978
single,spline,0.2,18,0.2,0.1997716894977169,350,350,6,0.9690898683457355,231.26336348888617,0.0690898683457355,115.3170170788203
single,spline,0.2,18,0.2,0.1997716894977169,350,350,12,1.0,389.87307073474767,0.09999999999999998,194.44207098414927
single,spline,0.2,18,0.2,0.1997716894977169,350,350,24,1.0,771.2913368374084,0.09999999999999998,383.87667018429
single,spline,0.2,18,0.2,0.1997716894977169,350,350,48,1.0,1515.841622885221,0.09999999999999998,757.3195835256142
single,spline,0.2,19,0.2,0.1997716894977169,350,350,6,1.0,521.7035653212588,0.09999999999999998,259.59901085085585
single,spline,0.2,19,0.2,0.1997716894977169,350,350,12,1.0,1045.5009709915357,0.09999999999999998,522.1865624502318
single,spline,0.2,19,0.2,0.1997716894977169,350,350,24,1.0,2123.7653992203614,0.09999999999999998,1055.1769108425792
single,spline,0.2,19,0.2,0.1997716894977169,350,350,48,1.0,4293.209105008833,0.09999999999999998,2138.945677613813
single,spline,0.3,0,0.3,0.2996575342465753,525,525,6,1.0,637.2523660919378,0.09999999999999998,318.0227923799416
single,spline,0.3,0,0.3,0.2996575342465753,525,525,12,1.0,1274.2933439012631,0.09999999999999998,637.0847064674324
single,spline,0.3,0,0.3,0.2996575342465753,525,525,24,1.0,2555.2494303548774,0.09999999999999998,1275.9584740816795
single,spline,0.3,0,0.3,0.2996575342465753,525,525,48,1.0,5113.732876693355,0.09999999999999998,2552.841295919743
single,spline,0.3,1,0.3,0.2996575342465753,525,525,6,0.9994275901545506,404.800449791499,0.0994275901545506,202.34123426043334
single,spline,0.3,1,0.3,0.2996575342465753,525,525,12,1.0,811.958976637332,0.09999999999999998,404.873392983885
single,spline,0.3,1,0.3,0.2996575342465753,525,525,24,1.0,1632.0079771454111,0.09999999999999998,813.4282992803298
single,spline,0.3,1,0.3,0.2996575342465753,525,525,48,1.0,3264.8032810680324,0.09999999999999998,1631.936214469605
single,spline,0.3,2,0.3,0.2996575342465753,525,525,6,0.9868345735546652,263.3445484205022,0.08683457355466517,131.6506396026051
single,spline,0.3,2,0.3,0.2996575342465753,525,525,12,1.0,514.2879363436896,0.09999999999999998,257.11312789281266
single,spline,0.3,2,0.3,0.2996575342465753,525,525,24,1.0,1030.1280568481889,0.09999999999999998,514.6797371429817
single,spline,0.3,2,0.3,0.2996575342465753,525,525,48,1.0,2039.88875579062,0.09999999999999998,1016.8887640384262
single,spline,0.3,3,0.3,0.2996575342465753,525,525,6,0.9994275901545506,340.2159566722157,0.0994275901545506,169.58948428655617
single,spline,0.3,3,0.3,0.2996575342465753,525,525,12,1.0,680.6696212545667,0.09999999999999998,340.11324900809853
single,spline,0.3,3,0.3,0.2996575342465753,525,525,24,1.0,1368.2188066368744,0.09999999999999998,682.4283605264302
single,spline,0.3,3,0.3,0.2996575342465753,525,525,48,1.0,2743.766488715509,0.09999999999999998,1370.773407910903
single,spline,0.3,4,0.3,0.2996575342465753,525,525,6,1.0,610.0271772791248,0.09999999999999998,304.4410521194875
single,spline,0.3,4,0.3,0.2996575342465753,525,525,12,1.0,1221.2333886422566,0.09999999999999998,609.8952921837032
single,spline,0.3,4,0.3,0.2996575342465753,525,525,24,1.0,2449.5729805040255,0.09999999999999998,1223.1991528653557
single,spline,0.3,4,0.3,0.2996575342465753,525,525,48,1.0,4918.860096724093,0.09999999999999998,2454.6198086291156
single,spline,0.3,5,0.3,0.2996575342465753,525,525,6,0.996565540927304,309.3149793639832,0.09656554092730396,154.51630438176835
single,spline,0.3,5,0.3,0.2996575342465753,525,525,12,1.0,617.8829294648394,0.09999999999999998,308.67489174588496
single,spline,0.3,5,0.3,0.2996575342465753,525,525,24,1.0,1236.2728646519718,0.09999999999999998,617.5107169456642
single,spline,0.3,5,0.3,0.2996575342465753,525,525,48,1.0,2471.1519691393814,0.09999999999999998,1234.4655476550724
single,spline,0.3,6,0.3,0.2996575342465753,525,525,6,1.0,680.7476830885607,0.09999999999999998,339.88238550038704
single,spline,0.3,6,0.3,0.2996575342465753,525,525,12,1.0,1359.068048256966,0.09999999999999998,678.4912782764645
single,spline,0.3,6,0.3,0.2996575342465753,525,525,24,1.0,2698.088382205976,0.09999999999999998,1346.8085513727915
single,spline,0.3,6,0.3,0.2996575342465753,525,525,48,1.0,5326.596057287715,0.09999999999999998,2656.4364774730893
single,spline,0.3,7,0.3,0.2996575342465753,525,525,6,1.0,587.5537400523681,0.09999999999999998,292.9967202694834
single,spline,0.3,7,0.3,0.2996575342465753,525,525,12,1.0,1169.5029608482673,0.09999999999999998,583.4635476769324
single,spline,0.3,7,0.3,0.2996575342465753,525,525,24,1.0,2319.0721749873373,0.09999999999999998,1155.738960181179
single,spline,0.3,7,0.3,0.2996575342465753,525,525,48,1.0,4556.413047235288,0.09999999999999998,2267.9949707583246
single,spline,0.3,8,0.3,0.2996575342465753,525,525,6,0.9988551803091014,328.1058227702015,0.09885518030910134,163.9717074626924
single,spline,0.3,8,0.3,0.2996575342465753,525,525,12,1.0,655.9639206908087,0.09999999999999998,327.9125785893667
single,spline,0.3,8,0.3,0.2996575342465753,525,525,24,1.0,1314.58146359885,0.09999999999999998,656.6741655770688
single,spline,0.3,8,0.3,0.2996575342465753,525,525,48,1.0,2629.1494486596966,0.09999999999999998,1313.3233716279735
single,spline,0.3,9,0.3,0.2996575342465753,525,525,6,1.0,609.3910202614425,0.09999999999999998,304.2551457756199
single,spline,0.3,9,0.3,0.2996575342465753,525,525,12,1.0,1218.9845856651154,0.09999999999999998,609.1774632068687
single,spline,0.3,9,0.3,0.2996575342465753,525,525,24,1.0,2432.593318563875,0.09999999999999998,1212.305281622517
single,spline,0.3,9,0.3,0.2996575342465753,525,525,48,1.0,4784.588252416521,0.09999999999999998,2388.720930960673
single,spline,0.3,10,0.3,0.2996575342465753,525,525,6,0.994848311390956,293.7141513045199,0.09484831139095595,146.42711160544786
single,spline,0.3,10,0.3,0.2996575342465753,525,525,12,1.0,581.8256720152058,0.09999999999999998,290.86255698473195
single,spline,0.3,10,0.3,0.2996575342465753,525,525,24,1.0,1161.5246462763162,0.09999999999999998,578.8655525024085
single,spline,0.3,10,0.3,0.2996575342465753,525,525,48,1.0,2300.0985248013967,0.09999999999999998,1146.246198772526
single,spline,0.3,11,0.3,0.2996575342465753,525,525,6,0.866056096164854,163.58264822715472,0.033943903835146005,81.66173165149976
single,spline,0.3,11,0.3,0.2996575342465753,525,525,12,0.8960367604824814,172.10073851764173,0.003963239517518646,86.04182691743532
single,spline,0.3,11,0.3,0.2996575342465753,525,525,24,0.9340659340659341,202.9454805944738,0.034065934065934056,101.43230692327381
single,spline,0.3,11,0.3,0.2996575342465753,525,525,48,1.0,373.48661587464403,0.09999999999999998,186.43408305923447
single,spline,0.3,12,0.3,0.2996575342465753,525,525,6,0.9994275901545506,408.63357233699844,0.0994275901545506,203.47124925384128
single,spline,0.3,12,0.3,0.2996575342465753,525,525,12,1.0,812.6605605434697,0.09999999999999998,405.3431613883496
single,spline,0.3,12,0.3,0.2996575342465753,525,525,24,1.0,1611.6529093855888,0.09999999999999998,801.8627794519269
single,spline,0.3,12,0.3,0.2996575342465753,525,525,48,1.0,3167.6296327085574,0.09999999999999998,1577.8260405985852
single,spline,0.3,13,0.3,0.2996575342465753,525,525,6,1.0,541.246621061784,0.09999999999999998,270.1554700667548
single,spline,0.3,13,0.3,0.2996575342465753,525,525,12,1.0,1082.0176709598818,0.09999999999999998,539.3575806898426
single,spline,0.3,13,0.3,0.2996575342465753,525,525,24,1.0,2160.523847106375,0.09999999999999998,1077.4022867382907
single,spline,0.3,13,0.3,0.2996575342465753,525,525,48,1.0,4247.300441641193,0.09999999999999998,2121.010149128715
single,spline,0.3,14,0.3,0.2996575342465753,525,525,6,0.9061247853463079,182.92914114796815,0.006124785346307893,91.38934910590584
single,spline,0.3,14,0.3,0.2996575342465753,525,525,12,0.951751866743251,210.32119432249783,0.05175186674325094,105.14088566234307
single,spline,0.3,14,0.3,0.2996575342465753,525,525,24,1.0,411.80242777412786,0.09999999999999998,205.7100168961349
single,spline,0.3,14,0.3,0.2996575342465753,525,525,48,1.0,823.4252708948643,0.09999999999999998,411.4825922662175
single,spline,0.3,15,0.3,0.2996575342465753,525,525,6,1.0,602.6657694344613,0.09999999999999998,300.7095199876794
single,spline,0.3,15,0.3,0.2996575342465753,525,525,12,1.0,1204.8351356173953,0.09999999999999998,601.9539770403649
single,spline,0.3,15,0.3,0.2996575342465753,525,525,24,1.0,2411.389489931258,0.09999999999999998,1202.1283814161036
single,spline,0.3,15,0.3,0.2996575342465753,525,525,48,1.0,4779.628282347465,0.09999999999999998,2387.2566923170393
single,spline,0.3,16,0.3,0.2996575342465753,525,525,6,1.0,527.8360733471181,0.09999999999999998,263.59648177002805
single,spline,0.3,16,0.3,0.2996575342465753,525,525,12,1.0,1056.2943254380652,0.09999999999999998,527.7526849145139
single,spline,0.3,16,0.3,0.2996575342465753,525,525,24,1.0,2117.0535626007213,0.09999999999999998,1057.1635445219003
single,spline,0.3,16,0.3,0.2996575342465753,525,525,48,1.0,4232.706001251827,0.09999999999999998,2114.5037716295724
single,spline,0.3,17,0.3,0.2996575342465753,525,525,6,0.8517458500286205,159.46286751079126,0.048254149971379556,79.69247168794728
single,spline,0.3,17,0.3,0.2996575342465753,525,525,12,0.8730614589316484,162.55656448125757,0.026938541068351585,81.27711376332644
single,spline,0.3,17,0.3,0.2996575342465753,525,525,24,0.9109311740890689,190.6917623071372,0.010931174089068851,95.21749434870281
single,spline,0.3,17,0.3,0.2996575342465753,525,525,48,0.9988269794721407,309.36165576491226,0.0988269794721407,154.46353072949256
single,spline,0.3,18,0.3,0.2996575342465753,525,525,6,1.0,605.5898458615084,0.09999999999999998,302.48678869063383
single,spline,0.3,18,0.3,0.2996575342465753,525,525,12,1.0,1211.118884464821,0.09999999999999998,605.5049796163793
single,spline,0.3,18,0.3,0.2996575342465753,525,525,24,1.0,2425.478471682276,0.09999999999999998,1211.5602352317876
single,spline,0.3,18,0.3,0.2996575342465753,525,525,48,1.0,4848.547841419698,0.09999999999999998,2422.1605415164317
single,spline,0.3,19,0.3,0.2996575342465753,525,525,6,0.911276473955352,184.67515221824493,0.011276473955352029,92.22848253147005
single,spline,0.3,19,0.3,0.2996575342465753,525,525,12,0.9603676048248133,218.36914251116445,0.06036760482481329,109.18422216364387
single,spline,0.3,19,0.3,0.2996575342465753,525,525,24,1.0,421.31082022186945,0.09999999999999998,210.13263144948536
single,spline,0.3,19,0.3,0.2996575342465753,525,525,48,1.0,842.1908616608308,0.09999999999999998,420.1129879045222
single,spline,0.4,0,0.4,0.3995433789954338,700,700,6,1.0,470.0060295691346,0.09999999999999998,234.8963819535702
single,spline,0.4,0,0.4,0.3995433789954338,700,700,12,1.0,939.8397877925308,0.09999999999999998,469.91489644551245
single,spline,0.4,0,0.4,0.3995433789954338,700,700,24,1.0,1882.8746460770399,0.09999999999999998,940.7127185825191
single,spline,0.4,0,0.4,0.3995433789954338,700,700,48,1.0,3760.1196362718565,0.09999999999999998,1879.6575594807093
single,spline,0.4,1,0.4,0.3995433789954338,700,700,6,0.9994275901545506,362.0958351562367,0.0994275901545506,180.83562020914223
single,spline,0.4,1,0.4,0.3995433789954338,700,700,12,1.0,723.2736216375179,0.09999999999999998,361.5588913352157
single,spline,0.4,1,0.4,0.3995433789954338,700,700,24,1.0,1445.3037520511698,0.09999999999999998,721.9251215980466
single,spline,0.4,1,0.4,0.3995433789954338,700,700,48,1.0,2860.9390944651823,0.09999999999999998,1429.8760606932763
single,spline,0.4,2,0.4,0.3995433789954338,700,700,6,0.998282770463652,319.9575290376483,0.09828277046365197,159.68464398689616
single,spline,0.4,2,0.4,0.3995433789954338,700,700,12,1.0,633.6311758187294,0.09999999999999998,315.9246031661031
single,spline,0.4,2,0.4,0.3995433789954338,700,700,24,1.0,1257.745981361948,0.09999999999999998,626.5553059374447
single,spline,0.4,2,0.4,0.3995433789954338,700,700,48,1.0,2467.16985767028,0.09999999999999998,1229.0144380804022
single,spline,0.4,3,0.4,0.3995433789954338,700,700,6,0.8929593589009731,176.33484782916665,0.007040641099026912,88.13655950840459
single,spline,0.4,3,0.4,0.3995433789954338,700,700,12,0.9488799540493968,205.98540164888843,0.04887995404939682,102.5547312039052
single,spline,0.4,3,0.4,0.3995433789954338,700,700,24,1.0,379.71714551978994,0.09999999999999998,189.69894254922755
single,spline,0.4,3,0.4,0.3995433789954338,700,700,48,1.0,759.0528508022999,0.09999999999999998,379.3099556335205
single,spline,0.4,4,0.4,0.3995433789954338,700,700,6,0.9988551803091014,330.56570152417044,0.09885518030910134,165.19720518768213
single,spline,0.4,4,0.4,0.3995433789954338,700,700,12,1.0,660.775873861262,0.09999999999999998,330.2986127950641
single,spline,0.4,4,0.4,0.3995433789954338,700,700,24,1.0,1322.7585775834032,0.09999999999999998,661.0402551329698
single,spline,0.4,4,0.4,0.3995433789954338,700,700,48,1.0,2641.746597301315,0.09999999999999998,1320.4739506665528
single,spline,0.4,5,0.4,0.3995433789954338,700,700,6,0.911276473955352,184.85265412096396,0.011276473955352029,92.29765450700759
single,spline,0.4,5,0.4,0.3995433789954338,700,700,12,0.9913842619184376,266.6658364431787,0.09138426191843763,133.33186266679687
single,spline,0.4,5,0.4,0.3995433789954338,700,700,24,1.0,531.2188371215616,0.09999999999999998,265.44115931261206
single,spline,0.4,5,0.4,0.3995433789954338,700,700,48,1.0,1056.8760356183939,0.09999999999999998,528.090069490499
single,spline,0.4,6,0.4,0.3995433789954338,700,700,6,0.9942759015455066,286.9721385632474,0.09427590154550658,143.46884616124862
single,spline,0.4,6,0.4,0.3995433789954338,700,700,12,1.0,573.4759710020735,0.09999999999999998,286.67941296941916
single,spline,0.4,6,0.4,0.3995433789954338,700,700,24,1.0,1146.8714686872845,0.09999999999999998,573.3294415218072
single,spline,0.4,6,0.4,0.3995433789954338,700,700,48,1.0,2291.441828992429,0.09999999999999998,1145.623624122944
single,spline,0.4,7,0.4,0.3995433789954338,700,700,6,0.9994275901545506,378.3355662146787,0.0994275901545506,188.95472283728304
single,spline,0.4,7,0.4,0.3995433789954338,700,700,12,1.0,755.6635727437388,0.09999999999999998,377.75682831397427
single,spline,0.4,7,0.4,0.3995433789954338,700,700,24,1.0,1507.6030567310445,0.09999999999999998,752.8200805436385
single,spline,0.4,7,0.4,0.3995433789954338,700,700,48,1.0,2998.8629905212047,0.09999999999999998,1498.512195316184
single,spline,0.4,8,0.4,0.3995433789954338,700,700,6,0.9977103606182026,313.45571132759505,0.0977103606182026,156.67183247415414
single,spline,0.4,8,0.4,0.3995433789954338,700,700,12,1.0,626.3565663123518,0.09999999999999998,313.13120835288754
single,spline,0.4,8,0.4,0.3995433789954338,700,700,24,1.0,1253.3952248479036,0.09999999999999998,626.4725825058637
single,spline,0.4,8,0.4,0.3995433789954338,700,700,48,1.0,2502.5951964648157,0.09999999999999998,1250.9823087194839
single,spline,0.4,9,0.4,0.3995433789954338,700,700,6,1.0,523.6206564568056,0.09999999999999998,261.6432971993636
single,spline,0.4,9,0.4,0.3995433789954338,700,700,12,1.0,1047.0584594438624,0.09999999999999998,523.2874248314965
single,spline,0.4,9,0.4,0.3995433789954338,700,700,24,1.0,2095.6059026286384,0.09999999999999998,1047.155936645997
single,spline,0.4,9,0.4,0.3995433789954338,700,700,48,1.0,4187.145594559137,0.09999999999999998,2092.655968082687
single,spline,0.4,10,0.4,0.3995433789954338,700,700,6,0.998282770463652,319.9575290376483,0.09828277046365197,159.68464398689616
single,spline,0.4,10,0.4,0.3995433789954338,700,700,12,1.0,633.6311758187294,0.09999999999999998,315.9246031661031
single,spline,0.4,10,0.4,0.3995433789954338,700,700,24,1.0,1257.745981361948,0.09999999999999998,626.5553059374447
single,spline,0.4,10,0.4,0.3995433789954338,700,700,48,1.0,2467.16985767028,0.09999999999999998,1229.0144380804022
single,spline,0.4,11,0.4,0.3995433789954338,700,700,6,1.0,509.5966472132932,0.09999999999999998,254.74168183487564
single,spline,0.4,11,0.4,0.3995433789954338,700,700,12,1.0,1019.2131216699927,0.09999999999999998,509.56403342209234
single,spline,0.4,11,0.4,0.3995433789954338,700,700,24,1.0,2038.337361067599,0.09999999999999998,1018.9641109641012
single,spline,0.4,11,0.4,0.3995433789954338,700,700,48,1.0,4073.4232091753584,0.09999999999999998,2036.37339835962
single,spline,0.4,12,0.4,0.3995433789954338,700,700,6,1.0,782.8647508247304,0.09999999999999998,391.3617532244248
single,spline,0.4,12,0.4,0.3995433789954338,700,700,12,1.0,1565.5655999160754,0.09999999999999998,782.7312910434085
single,spline,0.4,12,0.4,0.3995433789954338,700,700,24,1.0,3131.4035033157124,0.09999999999999998,1565.408767970405
single,spline,0.4,12,0.4,0.3995433789954338,700,700,48,1.0,6254.901568677264,0.09999999999999998,3127.1610573427424
single,spline,0.4,13,0.4,0.3995433789954338,700,700,6,0.9988551803091014,327.63208310240225,0.09885518030910134,163.68942040215597
single,spline,0.4,13,0.4,0.3995433789954338,700,700,12,1.0,653.5934152721857,0.09999999999999998,326.736182742155
single,spline,0.4,13,0.4,0.3995433789954338,700,700,24,1.0,1305.7906492302063,0.09999999999999998,652.0579994199597
single,spline,0.4,13,0.4,0.3995433789954338,700,700,48,1.0,2583.7285720779764,0.09999999999999998,1290.0222784326656
single,spline,0.4,14,0.4,0.3995433789954338,700,700,6,0.9015455065827133,179.40342591973197,0.0015455065827132408,89.62895330289673
single,spline,0.4,14,0.4,0.3995433789954338,700,700,12,0.9488799540493968,205.98540164888843,0.04887995404939682,102.44153715178105
single,spline,0.4,14,0.4,0.3995433789954338,700,700,24,1.0,353.7857260951414,0.09999999999999998,176.773804586522
single,spline,0.4,14,0.4,0.3995433789954338,700,700,48,1.0,707.4846164636774,0.09999999999999998,353.59242678179794
single,spline,0.4,15,0.4,0.3995433789954338,700,700,6,1.0,430.0155197635613,0.09999999999999998,214.93982142339155
single,spline,0.4,15,0.4,0.3995433789954338,700,700,12,1.0,859.8957962533896,0.09999999999999998,429.9257798830764
single,spline,0.4,15,0.4,0.3995433789954338,700,700,24,1.0,1721.2352622395047,0.09999999999999998,860.2232676180556
single,spline,0.4,15,0.4,0.3995433789954338,700,700,48,1.0,3436.8475997552523,0.09999999999999998,1718.170039985834
single,spline,0.4,16,0.4,0.3995433789954338,700,700,6,0.9107040641099027,184.51546580978544,0.010704064109902656,91.93317010364271
single,spline,0.4,16,0.4,0.3995433789954338,700,700,12,0.9885123492245835,255.8017099770923,0.08851234922458351,127.85436321660983
single,spline,0.4,16,0.4,0.3995433789954338,700,700,24,1.0,507.8116921872097,0.09999999999999998,253.67017530744081
single,spline,0.4,16,0.4,0.3995433789954338,700,700,48,1.0,1013.0289407604641,0.09999999999999998,506.1403679475163
single,spline,0.4,17,0.4,0.3995433789954338,700,700,6,0.9839725243274184,257.64573805798136,0.08397252432741842,128.79930957403212
single,spline,0.4,17,0.4,0.3995433789954338,700,700,12,1.0,513.7252784096763,0.09999999999999998,256.8382638222603
single,spline,0.4,17,0.4,0.3995433789954338,700,700,24,1.0,1027.8359453129979,0.09999999999999998,513.7302558489165
single,spline,0.4,17,0.4,0.3995433789954338,700,700,48,1.0,2052.9358546715894,0.09999999999999998,1026.128319130573
single,spline,0.4,18,0.4,0.3995433789954338,700,700,6,1.0,524.3620140163457,0.09999999999999998,261.58778268403216
single,spline,0.4,18,0.4,0.3995433789954338,700,700,12,1.0,1045.7468170925022,0.09999999999999998,522.635011781105
single,spline,0.4,18,0.4,0.3995433789954338,700,700,24,1.0,2079.58972938452,0.09999999999999998,1038.511291017915
single,spline,0.4,18,0.4,0.3995433789954338,700,700,48,1.0,4098.996986725858,0.09999999999999998,2045.0175216866976
single,spline,0.4,19,0.4,0.3995433789954338,700,700,6,0.9994275901545506,396.67142451351356,0.0994275901545506,198.26632031864665
single,spline,0.4,19,0.4,0.3995433789954338,700,700,12,1.0,793.6819019701088,0.09999999999999998,396.81559167770945
single,spline,0.4,19,0.4,0.3995433789954338,700,700,24,1.0,1588.0383877003605,0.09999999999999998,793.7173618181844
single,spline,0.4,19,0.4,0.3995433789954338,700,700,48,1.0,3171.9813080296663,0.09999999999999998,1585.3930767609459
single,spline,0.5,0,0.5,0.5,876,876,6,0.9914138523182598,278.39377185856574,0.09141385231825983,138.6357597015694
single,spline,0.5,0,0.5,0.5,876,876,12,1.0,521.2098053515656,0.09999999999999998,258.84166363560536
single,spline,0.5,0,0.5,0.5,876,876,24,1.0,1058.4173951986086,0.09999999999999998,522.5267084989327
single,spline,0.5,0,0.5,0.5,876,876,48,1.0,2198.1991806775695,0.09999999999999998,1088.775985684642
single,spline,0.5,1,0.5,0.5,876,876,6,1.0,758.6819545481412,0.09999999999999998,378.7131199776145
single,spline,0.5,1,0.5,0.5,876,876,12,1.0,1511.721102292462,0.09999999999999998,754.7834560540906
single,spline,0.5,1,0.5,0.5,876,876,24,1.0,2995.646886040011,0.09999999999999998,1494.442190342459
single,spline,0.5,1,0.5,0.5,876,876,48,1.0,5887.454361927841,0.09999999999999998,2939.537283531033
single,spline,0.5,2,0.5,0.5,876,876,6,0.9988551803091014,328.952008637998,0.09885518030910134,164.44469787877142
single,spline,0.5,2,0.5,0.5,876,876,12,1.0,657.717872383324,0.09999999999999998,328.84192463092376
single,spline,0.5,2,0.5,0.5,876,876,24,1.0,1315.2626049425235,0.09999999999999998,657.5149197468443
single,spline,0.5,2,0.5,0.5,876,876,48,1.0,2626.5076374798327,0.09999999999999998,1313.135486552649
single,spline,0.5,3,0.5,0.5,876,876,6,1.0,498.3166939986986,0.09999999999999998,249.1128886331935
single,spline,0.5,3,0.5,0.5,876,876,12,1.0,995.91851874844,0.09999999999999998,497.90859515165124
single,spline,0.5,3,0.5,0.5,876,876,24,1.0,1989.3266303073033,0.09999999999999998,994.3458844987775
single,spline,0.5,3,0.5,0.5,876,876,48,1.0,3956.0784580582076,0.09999999999999998,1977.3792042058976
single,spline,0.5,4,0.5,0.5,876,876,6,0.9582140812821981,221.21251960688323,0.05821408128219807,110.09738801559322
single,spline,0.5,4,0.5,0.5,876,876,12,1.0,376.685985639906,0.09999999999999998,188.3359442298941
single,spline,0.5,4,0.5,0.5,876,876,24,1.0,753.0732599582752,0.09999999999999998,376.4640127212495
single,spline,0.5,4,0.5,0.5,876,876,48,1.0,1502.5237736550243,0.09999999999999998,751.1878770636451
single,spline,0.5,5,0.5,0.5,876,876,6,1.0,497.21880746172246,0.09999999999999998,248.57259974396948
single,spline,0.5,5,0.5,0.5,876,876,12,1.0,994.5338212140668,0.09999999999999998,497.16906313307055
single,spline,0.5,5,0.5,0.5,876,876,24,1.0,1987.0684792637094,0.09999999999999998,993.2460964705158
single,spline,0.5,5,0.5,0.5,876,876,48,1.0,3959.3457222181823,0.09999999999999998,1978.872216390666
single,spline,0.5,6,0.5,0.5,876,876,6,0.9026903262736119,180.01902338182524,0.002690326273611876,89.7998034950283
single,spline,0.5,6,0.5,0.5,876,876,12,0.9885123492245835,254.92965822059523,0.08851234922458351,127.46477745902612
single,spline,0.5,6,0.5,0.5,876,876,24,1.0,509.13735248642024,0.09999999999999998,254.52419663186188
single,spline,0.5,6,0.5,0.5,876,876,48,1.0,1015.7583958058894,0.09999999999999998,507.83406452810317
single,spline,0.5,7,0.5,0.5,876,876,6,1.0,701.2795260487255,0.09999999999999998,350.59448817676275
single,spline,0.5,7,0.5,0.5,876,876,12,1.0,1402.366610577381,0.09999999999999998,701.0335610829545
single,spline,0.5,7,0.5,0.5,876,876,24,1.0,2803.4564709725746,0.09999999999999998,1401.3639090659003
single,spline,0.5,7,0.5,0.5,876,876,48,1.0,5588.513636582364,0.09999999999999998,2793.664844367977
single,spline,0.5,8,0.5,0.5,876,876,6,1.0,552.4829494386067,0.09999999999999998,276.1869193140319
single,spline,0.5,8,0.5,0.5,876,876,12,1.0,1104.923556542788,0.09999999999999998,552.4114362924809
single,spline,0.5,8,0.5,0.5,876,876,24,1.0,2208.613405896089,0.09999999999999998,1104.086452271175
single,spline,0.5,8,0.5,0.5,876,876,48,1.0,4406.909670019188,0.09999999999999998,2203.0691066498575
single,spline,0.5,9,0.5,0.5,876,876,6,1.0,582.7428407989864,0.09999999999999998,291.2435716005257
single,spline,0.5,9,0.5,0.5,876,876,12,1.0,1164.2828344974332,0.09999999999999998,582.0685707933404
single,spline,0.5,9,0.5,0.5,876,876,24,1.0,2328.250657295961,0.09999999999999998,1163.5516038605806
single,spline,0.5,9,0.5,0.5,876,876,48,1.0,4651.7235819930065,0.09999999999999998,2325.3449799469363
single,spline,0.5,10,0.5,0.5,876,876,6,0.9479107040641099,210.82112958729,0.04791070406410991,105.25263126839886
single,spline,0.5,10,0.5,0.5,876,876,12,0.9959793222286043,312.1614232820675,0.09597932222860428,156.07362874744513
single,spline,0.5,10,0.5,0.5,876,876,24,1.0,624.0872647402848,0.09999999999999998,312.0015630222824
single,spline,0.5,10,0.5,0.5,876,876,48,1.0,1246.0681526073472,0.09999999999999998,622.9882602903125
single,spline,0.5,11,0.5,0.5,876,876,6,1.0,685.9780047931308,0.09999999999999998,342.21452154835015
single,spline,0.5,11,0.5,0.5,876,876,12,1.0,1362.2072494337772,0.09999999999999998,680.0394649102818
single,spline,0.5,11,0.5,0.5,876,876,24,1.0,2703.5474418677513,0.09999999999999998,1348.6596928537217
single,spline,0.5,11,0.5,0.5,876,876,48,1.0,5310.328748017571,0.09999999999999998,2648.014782476443
single,spline,0.5,12,0.5,0.5,876,876,6,1.0,718.5004880565102,0.09999999999999998,359.2476267522834
single,spline,0.5,12,0.5,0.5,876,876,12,1.0,1436.9462602147833,0.09999999999999998,718.470392332298
single,spline,0.5,12,0.5,0.5,876,876,24,1.0,2887.0884044719264,0.09999999999999998,1438.7363338750868
single,spline,0.5,12,0.5,0.5,876,876,48,1.0,5848.498318429003,0.09999999999999998,2905.5063294327815
single,spline,0.5,13,0.5,0.5,876,876,6,0.998282770463652,325.405641379577,0.09828277046365197,162.6579912759753
single,spline,0.5,13,0.5,0.5,876,876,12,1.0,650.6446551620647,0.09999999999999998,325.2320013740884
single,spline,0.5,13,0.5,0.5,876,876,24,1.0,1299.5881556404056,0.09999999999999998,649.543955533732
single,spline,0.5,13,0.5,0.5,876,876,48,1.0,2589.079123665866,0.09999999999999998,1293.9320051673708
single,spline,0.5,14,0.5,0.5,876,876,6,1.0,810.958306668239,0.09999999999999998,400.2480127450108
single,spline,0.5,14,0.5,0.5,876,876,12,1.0,1650.0692714337783,0.09999999999999998,818.724707372844
single,spline,0.5,14,0.5,0.5,876,876,24,1.0,3357.52918029984,0.09999999999999998,1664.7435575486074
single,spline,0.5,14,0.5,0.5,876,876,48,1.0,7007.531181483675,0.09999999999999998,3466.762465439581
single,spline,0.5,15,0.5,0.5,876,876,6,1.0,723.0616213194153,0.09999999999999998,356.93717177315193
single,spline,0.5,15,0.5,0.5,876,876,12,1.0,1458.5300265930273,0.09999999999999998,723.7364898062625
single,spline,0.5,15,0.5,0.5,876,876,24,1.0,2992.0662458355073,0.09999999999999998,1475.0291063386337
single,spline,0.5,15,0.5,0.5,876,876,48,1.0,6190.827160316912,0.09999999999999998,3062.9970664178854
single,spline,0.5,16,0.5,0.5,876,876,6,0.9994275901545506,336.08398260747526,0.0994275901545506,167.99844019469174
single,spline,0.5,16,0.5,0.5,876,876,12,1.0,672.0059230972638,0.09999999999999998,335.91542403650027
single,spline,0.5,16,0.5,0.5,876,876,24,1.0,1344.7658805120955,0.09999999999999998,672.1824952630485
single,spline,0.5,16,0.5,0.5,876,876,48,1.0,2685.110362706584,0.09999999999999998,1342.3607473277857
single,spline,0.5,17,0.5,0.5,876,876,6,1.0,583.2937316329335,0.09999999999999998,291.63980755666034
single,spline,0.5,17,0.5,0.5,876,876,12,1.0,1166.489204689602,0.09999999999999998,583.2323988320799
single,spline,0.5,17,0.5,0.5,876,876,24,1.0,2386.2013730043836,0.09999999999999998,1173.6526128512148
single,spline,0.5,17,0.5,0.5,876,876,48,1.0,4964.765624588734,0.09999999999999998,2464.5861873268423
single,spline,0.5,18,0.5,0.5,876,876,6,0.9484831139095592,211.20235889420292,0.04848311390955917,105.33071298878204
single,spline,0.5,18,0.5,0.5,876,876,12,0.9954049396898335,310.26477420613446,0.09540493968983343,153.95597086650886
single,spline,0.5,18,0.5,0.5,876,876,24,1.0,610.2923674101075,0.09999999999999998,301.84346794754345
single,spline,0.5,18,0.5,0.5,876,876,48,1.0,1274.651860921269,0.09999999999999998,630.4872026630909
single,spline,0.5,19,0.5,0.5,876,876,6,1.0,678.5543310245557,0.09999999999999998,338.46170575311635
single,spline,0.5,19,0.5,0.5,876,876,12,1.0,1352.693659326861,0.09999999999999998,675.8700973023888
single,spline,0.5,19,0.5,0.5,876,876,24,1.0,2691.577124307535,0.09999999999999998,1341.903906468094
single,spline,0.5,19,0.5,0.5,876,876,48,1.0,5298.576200398435,0.09999999999999998,2643.432701509733
single,none,0.0,0,0.0,0.0,0,0,6,0.9107040641099027,184.51546580978544,0.010704064109902656,91.93317010364271
single,none,0.0,0,0.0,0.0,0,0,12,0.9126938541068351,180.21297386954228,0.0126938541068351,89.99882550417082
single,none,0.0,0,0.0,0.0,0,0,24,0.8837478311162522,179.09690038815052,0.01625216888374781,89.4281193996245
single,none,0.0,0,0.0,0.0,0,0,48,0.9020527859237537,180.37481308589946,0.002052785923753686,89.8818789254163
single,none,0.0,1,0.0,0.0,0,0,6,0.9107040641099027,184.51546580978544,0.010704064109902656,91.93317010364271
single,none,0.0,1,0.0,0.0,0,0,12,0.9126938541068351,180.21297386954228,0.0126938541068351,89.99882550417082
single,none,0.0,1,0.0,0.0,0,0,24,0.8837478311162522,179.09690038815052,0.01625216888374781,89.4281193996245
single,none,0.0,1,0.0,0.0,0,0,48,0.9020527859237537,180.37481308589946,0.002052785923753686,89.8818789254163
single,none,0.0,2,0.0,0.0,0,0,6,0.9107040641099027,184.51546580978544,0.010704064109902656,91.93317010364271
single,none,0.0,2,0.0,0.0,0,0,12,0.9126938541068351,180.21297386954228,0.0126938541068351,89.99882550417082
single,none,0.0,2,0.0,0.0,0,0,24,0.8837478311162522,179.09690038815052,0.01625216888374781,89.4281193996245
single,none,0.0,2,0.0,0.0,0,0,48,0.9020527859237537,180.37481308589946,0.002052785923753686,89.8818789254163
single,none,0.0,3,0.0,0.0,0,0,6,0.9107040641099027,184.51546580978544,0.010704064109902656,91.93317010364271
single,none,0.0,3,0.0,0.0,0,0,12,0.9126938541068351,180.21297386954228,0.0126938541068351,89.99882550417082
single,none,0.0,3,0.0,0.0,0,0,24,0.8837478311162522,179.09690038815052,0.01625216888374781,89.4281193996245
single,none,0.0,3,0.0,0.0,0,0,48,0.9020527859237537,180.37481308589946,0.002052785923753686,89.8818789254163
single,none,0.0,4,0.0,0.0,0,0,6,0.9107040641099027,184.51546580978544,0.010704064109902656,91.93317010364271
single,none,0.0,4,0.0,0.0,0,0,12,0.9126938541068351,180.21297386954228,0.0126938541068351,89.99882550417082
single,none,0.0,4,0.0,0.0,0,0,24,0.8837478311162522,179.09690038815052,0.01625216888374781,89.4281193996245
single,none,0.0,4,0.0,0.0,0,0,48,0.9020527859237537,180.37481308589946,0.002052785923753686,89.8818789254163
single,none,0.0,5,0.0,0.0,0,0,6,0.9107040641099027,184.51546580978544,0.010704064109902656,91.93317010364271
single,none,0.0,5,0.0,0.0,0,0,12,0.9126938541068351,180.21297386954228,0.0126938541068351,89.99882550417082
single,none,0.0,5,0.0,0.0,0,0,24,0.8837478311162522,179.09690038815052,0.01625216888374781,89.4281193996245
single,none,0.0,5,0.0,0.0,0,0,48,0.9020527859237537,180.37481308589946,0.002052785923753686,89.8818789254163
single,none,0.0,6,0.0,0.0,0,0,6,0.9107040641099027,184.51546580978544,0.010704064109902656,91.93317010364271
single,none,0.0,6,0.0,0.0,0,0,12,0.9126938541068351,180.21297386954228,0.0126938541068351,89.99882550417082
single,none,0.0,6,0.0,0.0,0,0,24,0.8837478311162522,179.09690038815052,0.01625216888374781,89.4281193996245
single,none,0.0,6,0.0,0.0,0,0,48,0.9020527859237537,180.37481308589946,0.002052785923753686,89.8818789254163
single,none,0.0,7,0.0,0.0,0,0,6,0.9107040641099027,184.51546580978544,0.010704064109902656,91.93317010364271
single,none,0.0,7,0.0,0.0,0,0,12,0.9126938541068351,180.21297386954228,0.0126938541068351,89.99882550417082
single,none,0.0,7,0.0,0.0,0,0,24,0.8837478311162522,179.09690038815052,0.01625216888374781,89.4281193996245
single,none,0.0,7,0.0,0.0,0,0,48,0.9020527859237537,180.37481308589946,0.002052785923753686,89.8818789254163
single,none,0.0,8,0.0,0.0,0,0,6,0.9107040641099027,184.51546580978544,0.010704064109902656,91.93317010364271
single,none,0.0,8,0.0,0.0,0,0,12,0.9126938541068351,180.21297386954228,0.0126938541068351,89.99882550417082
single,none,0.0,8,0.0,0.0,0,0,24,0.8837478311162522,179.09690038815052,0.01625216888374781,89.4281193996245
single,none,0.0,8,0.0,0.0,0,0,48,0.9020527859237537,180.37481308589946,0.002052785923753686,89.8818789254163
single,none,0.0,9,0.0,0.0,0,0,6,0.9107040641099027,184.51546580978544,0.010704064109902656,91.93317010364271
single,none,0.0,9,0.0,0.0,0,0,12,0.9126938541068351,180.21297386954228,0.0126938541068351,89.99882550417082
single,none,0.0,9,0.0,0.0,0,0,24,0.8837478311162522,179.09690038815052,0.01625216888374781,89.4281193996245
single,none,0.0,9,0.0,0.0,0,0,48,0.9020527859237537,180.37481308589946,0.002052785923753686,89.8818789254163
single,none,0.0,10,0.0,0.0,0,0,6,0.9107040641099027,184.51546580978544,0.010704064109902656,91.93317010364271
single,none,0.0,10,0.0,0.0,0,0,12,0.9126938541068351,180.21297386954228,0.0126938541068351,89.99882550417082
single,none,0.0,10,0.0,0.0,0,0,24,0.8837478311162522,179.09690038815052,0.01625216888374781,89.4281193996245
single,none,0.0,10,0.0,0.0,0,0,48,0.9020527859237537,180.37481308589946,0.002052785923753686,89.8818789254163
single,none,0.0,11,0.0,0.0,0,0,6,0.9107040641099027,184.51546580978544,0.010704064109902656,91.93317010364271
single,none,0.0,11,0.0,0.0,0,0,12,0.9126938541068351,180.21297386954228,0.0126938541068351,89.99882550417082
single,none,0.0,11,0.0,0.0,0,0,24,0.8837478311162522,179.09690038815052,0.01625216888374781,89.4281193996245
single,none,0.0,11,0.0,0.0,0,0,48,0.9020527859237537,180.37481308589946,0.002052785923753686,89.8818789254163
single,none,0.0,12,0.0,0.0,0,0,6,0.9107040641099027,184.51546580978544,0.010704064109902656,91.93317010364271
single,none,0.0,12,0.0,0.0,0,0,12,0.9126938541068351,180.21297386954228,0.0126938541068351,89.99882550417082
single,none,0.0,12,0.0,0.0,0,0,24,0.8837478311162522,179.09690038815052,0.01625216888374781,89.4281193996245
single,none,0.0,12,0.0,0.0,0,0,48,0.9020527859237537,180.37481308589946,0.002052785923753686,89.8818789254163
single,none,0.0,13,0.0,0.0,0,0,6,0.9107040641099027,184.51546580978544,0.010704064109902656,91.93317010364271
single,none,0.0,13,0.0,0.0,0,0,12,0.9126938541068351,180.21297386954228,0.0126938541068351,89.99882550417082
single,none,0.0,13,0.0,0.0,0,0,24,0.8837478311162522,179.09690038815052,0.01625216888374781,89.4281193996245
single,none,0.0,13,0.0,0.0,0,0,48,0.9020527859237537,180.37481308589946,0.002052785923753686,89.8818789254163
single,none,0.0,14,0.0,0.0,0,0,6,0.9107040641099027,184.51546580978544,0.010704064109902656,91.93317010364271
single,none,0.0,14,0.0,0.0,0,0,12,0.9126938541068351,180.21297386954228,0.0126938541068351,89.99882550417082
single,none,0.0,14,0.0,0.0,0,0,24,0.8837478311162522,179.09690038815052,0.01625216888374781,89.4281193996245
single,none,0.0,14,0.0,0.0,0,0,48,0.9020527859237537,180.37481308589946,0.002052785923753686,89.8818789254163
single,none,0.0,15,0.0,0.0,0,0,6,0.9107040641099027,184.51546580978544,0.010704064109902656,91.93317010364271
single,none,0.0,15,0.0,0.0,0,0,12,0.9126938541068351,180.21297386954228,0.0126938541068351,89.99882550417082
single,none,0.0,15,0.0,0.0,0,0,24,0.8837478311162522,179.09690038815052,0.01625216888374781,89.4281193996245
single,none,0.0,15,0.0,0.0,0,0,48,0.9020527859237537,180.37481308589946,0.002052785923753686,89.8818789254163
single,none,0.0,16,0.0,0.0,0,0,6,0.9107040641099027,184.51546580978544,0.010704064109902656,91.93317010364271
single,none,0.0,16,0.0,0.0,0,0,12,0.9126938541068351,180.21297386954228,0.0126938541068351,89.99882550417082
single,none,0.0,16,0.0,0.0,0,0,24,0.8837478311162522,179.09690038815052,0.01625216888374781,89.4281193996245
single,none,0.0,16,0.0,0.0,0,0,48,0.9020527859237537,180.37481308589946,0.002052785923753686,89.8818789254163
single,none,0.0,17,0.0,0.0,0,0,6,0.9107040641099027,184.51546580978544,0.010704064109902656,91.93317010364271
single,none,0.0,17,0.0,0.0,0,0,12,0.9126938541068351,180.21297386954228,0.0126938541068351,89.99882550417082
single,none,0.0,17,0.0,0.0,0,0,24,0.8837478311162522,179.09690038815052,0.01625216888374781,89.4281193996245
single,none,0.0,17,0.0,0.0,0,0,48,0.9020527859237537,180.37481308589946,0.002052785923753686,89.8818789254163
single,none,0.0,18,0.0,0.0,0,0,6,0.9107040641099027,184.51546580978544,0.010704064109902656,91.93317010364271
single,none,0.0,18,0.0,0.0,0,0,12,0.9126938541068351,180.21297386954228,0.0126938541068351,89.99882550417082
single,none,0.0,18,0.0,0.0,0,0,24,0.8837478311162522,179.09690038815052,0.01625216888374781,89.4281193996245
single,none,0.0,18,0.0,0.0,0,0,48,0.9020527859237537,180.37481308589946,0.002052785923753686,89.8818789254163
single,none,0.0,19,0.0,0.0,0,0,6,0.9107040641099027,184.51546580978544,0.010704064109902656,91.93317010364271
single,none,0.0,19,0.0,0.0,0,0,12,0.9126938541068351,180.21297386954228,0.0126938541068351,89.99882550417082
single,none,0.0,19,0.0,0.0,0,0,24,0.8837478311162522,179.09690038815052,0.01625216888374781,89.4281193996245
single,none,0.0,19,0.0,0.0,0,0,48,0.9020527859237537,180.37481308589946,0.002052785923753686,89.8818789254163
single,none,0.1,0,0.1,0.09988584474885845,175,175,6,0.9124212936462507,185.41513374965515,0.012421293646250664,92.56395682918756
single,none,0.1,0,0.1,0.09988584474885845,175,175,12,0.9115450890292935,179.50179828094014,0.01154508902929352,89.36718390895928
single,none,0.1,0,0.1,0.09988584474885845,175,175,24,0.8825910931174089,178.6660971104873,0.017408906882591113,89.28661112099412
single,none,0.1,0,0.1,0.09988584474885845,175,175,48,0.9073313782991203,182.8578140728675,0.007331378299120228,90.88055808460274
single,none,0.1,1,0.1,0.09988584474885845,175,175,6,0.9089868345735547,183.96608073558355,0.008986834573554647,91.86901145285945
single,none,0.1,1,0.1,0.09988584474885845,175,175,12,0.9190120620333142,182.38145192971496,0.01901206203331418,91.12254748500034
single,none,0.1,1,0.1,0.09988584474885845,175,175,24,0.8820127241179873,178.55000352486348,0.017987275882012765,89.26331383004644
single,none,0.1,1,0.1,0.09988584474885845,175,175,48,0.9008797653958944,179.74541937350523,0.0008797653958944052,89.87044349755627
single,none,0.1,2,0.1,0.09988584474885845,175,175,6,0.9107040641099027,184.51546580978544,0.010704064109902656,91.94314415647254
single,none,0.1,2,0.1,0.09988584474885845,175,175,12,0.913268236645606,180.70688400316698,0.013268236645605946,90.0825621724155
single,none,0.1,2,0.1,0.09988584474885845,175,175,24,0.8820127241179873,178.52078369390023,0.017987275882012765,89.08169250208014
single,none,0.1,2,0.1,0.09988584474885845,175,175,48,0.898533724340176,179.04082097618277,0.0014662756598240456,89.23129415409556
single,none,0.1,3,0.1,0.09988584474885845,175,175,6,0.9124212936462507,185.7138838090823,0.012421293646250664,92.73501304996516
single,none,0.1,3,0.1,0.09988584474885845,175,175,12,0.9121194715680643,179.973726245986,0.012119471568064255,89.77138206388301
single,none,0.1,3,0.1,0.09988584474885845,175,175,24,0.8889531521110469,180.92551828971352,0.01104684788895316,90.23212972403927
single,none,0.1,3,0.1,0.09988584474885845,175,175,48,0.9020527859237537,180.37481308589946,0.002052785923753686,89.8858085991293
single,none,0.1,4,0.1,0.09988584474885845,175,175,6,0.9118488838008014,185.17331519719016,0.011848883800801402,92.30563882743058
single,none,0.1,4,0.1,0.09988584474885845,175,175,12,0.9138426191843768,181.23449149797457,0.013842619184376792,90.45959345049332
single,none,0.1,4,0.1,0.09988584474885845,175,175,24,0.8825910931174089,178.6660971104873,0.017408906882591113,89.28661112099412
single,none,0.1,4,0.1,0.09988584474885845,175,175,48,0.9008797653958944,179.6340998481167,0.0008797653958944052,89.7124826432418
single,none,0.1,5,0.1,0.09988584474885845,175,175,6,0.9061247853463079,182.92914114796815,0.006124785346307893,91.39540454580704
single,none,0.1,5,0.1,0.09988584474885845,175,175,12,0.9109707064905227,179.17500865748772,0.010970706490522675,89.36300936014239
single,none,0.1,5,0.1,0.09988584474885845,175,175,24,0.8756506651243493,174.47213745484652,0.02434933487565072,86.65643649253744
single,none,0.1,5,0.1,0.09988584474885845,175,175,48,0.9020527859237537,180.50957062968297,0.002052785923753686,90.18740654294973
single,none,0.1,6,0.1,0.09988584474885845,175,175,6,0.9061247853463079,182.58015268839893,0.006124785346307893,91.07991586953972
single,none,0.1,6,0.1,0.09988584474885845,175,175,12,0.9115450890292935,179.50179828094014,0.01154508902929352,89.54955502676292
single,none,0.1,6,0.1,0.09988584474885845,175,175,24,0.8768074031231926,175.98763423267326,0.023192596876807414,87.38761840520597
single,none,0.1,6,0.1,0.09988584474885845,175,175,48,0.9073313782991203,182.8578140728675,0.007331378299120228,90.53044012149405
single,none,0.1,7,0.1,0.09988584474885845,175,175,6,0.9072696050372067,183.4008085068958,0.007269605037206639,91.57835506238197
single,none,0.1,7,0.1,0.09988584474885845,175,175,12,0.9190120620333142,182.38145192971496,0.01901206203331418,91.12254748500034
single,none,0.1,7,0.1,0.09988584474885845,175,175,24,0.8930017351069983,182.79584975548852,0.006998264893001704,91.24994630900271
single,none,0.1,7,0.1,0.09988584474885845,175,175,48,0.9049853372434018,181.76111616920548,0.004985337243401777,90.25478531484148
single,none,0.1,8,0.1,0.09988584474885845,175,175,6,0.9124212936462507,185.41513374965515,0.012421293646250664,92.56395682918756
single,none,0.1,8,0.1,0.09988584474885845,175,175,12,0.9080987937966686,178.79551563767842,0.008098793796668557,89.23402680286084
single,none,0.1,8,0.1,0.09988584474885845,175,175,24,0.8889531521110469,181.15317235644858,0.01104684788895316,90.48552455153028
single,none,0.1,8,0.1,0.09988584474885845,175,175,48,0.9008797653958944,179.7716171982586,0.0008797653958944052,89.87270968675261
single,none,0.1,9,0.1,0.09988584474885845,175,175,6,0.9124212936462507,185.50662100011374,0.012421293646250664,92.6592031643346
single,none,0.1,9,0.1,0.09988584474885845,175,175,12,0.9126938541068351,180.21297386954228,0.0126938541068351,89.77138206388301
single,none,0.1,9,0.1,0.09988584474885845,175,175,24,0.891844997108155,182.13248438925825,0.008155002891845009,90.67451738150528
single,none,0.1,9,0.1,0.09988584474885845,175,175,48,0.9020527859237537,180.37481308589946,0.002052785923753686,89.8858085991293
single,none,0.1,10,0.1,0.09988584474885845,175,175,6,0.9124212936462507,185.7138838090823,0.012421293646250664,92.68664933947218
single,none,0.1,10,0.1,0.09988584474885845,175,175,12,0.9109707064905227,179.17500865748772,0.010970706490522675,89.36718390895928
single,none,0.1,10,0.1,0.09988584474885845,175,175,24,0.8889531521110469,180.92551828971352,0.01104684788895316,90.23212972403927
single,none,0.1,10,0.1,0.09988584474885845,175,175,48,0.9020527859237537,180.37481308589946,0.002052785923753686,89.8858085991293
single,none,0.1,11,0.1,0.09988584474885845,175,175,6,0.9107040641099027,184.51546580978544,0.010704064109902656,91.94314415647254
single,none,0.1,11,0.1,0.09988584474885845,175,175,12,0.9190120620333142,182.38145192971496,0.01901206203331418,91.12254748500034
single,none,0.1,11,0.1,0.09988584474885845,175,175,24,0.8837478311162522,179.09690038815052,0.01625216888374781,89.47091369886469
single,none,0.1,11,0.1,0.09988584474885845,175,175,48,0.9020527859237537,180.37481308589946,0.002052785923753686,89.8858085991293
single,none,0.1,12,0.1,0.09988584474885845,175,175,6,0.907842014882656,183.60775590350005,0.007842014882656012,91.69391224554688
single,none,0.1,12,0.1,0.09988584474885845,175,175,12,0.9075244112578977,178.29671941984947,0.007524411257897712,89.13308802239108
single,none,0.1,12,0.1,0.09988584474885845,175,175,24,0.8820127241179873,178.55000352486348,0.017987275882012765,89.27300365528431
single,none,0.1,12,0.1,0.09988584474885845,175,175,48,0.8956011730205279,178.46258830819113,0.004398826979472137,89.10190599135564
single,none,0.1,13,0.1,0.09988584474885845,175,175,6,0.9118488838008014,185.05981135015253,0.011848883800801402,92.19576181259023
single,none,0.1,13,0.1,0.09988584474885845,175,175,12,0.9126938541068351,180.21297386954228,0.0126938541068351,89.77138206388301
single,none,0.1,13,0.1,0.09988584474885845,175,175,24,0.8877964141122036,180.2559966709954,0.012203585887796464,89.66435982235977
single,none,0.1,13,0.1,0.09988584474885845,175,175,48,0.9008797653958944,179.74541937350523,0.0008797653958944052,89.87044349755627
single,none,0.1,14,0.1,0.09988584474885845,175,175,6,0.9089868345735547,183.96608073558355,0.008986834573554647,91.86901145285945
single,none,0.1,14,0.1,0.09988584474885845,175,175,12,0.9115450890292935,179.5530055894725,0.01154508902929352,89.71822017812482
single,none,0.1,14,0.1,0.09988584474885845,175,175,24,0.8825910931174089,178.6660971104873,0.017408906882591113,89.28661112099412
single,none,0.1,14,0.1,0.09988584474885845,175,175,48,0.9020527859237537,180.50957062968297,0.002052785923753686,90.18740654294973
single,none,0.1,15,0.1,0.09988584474885845,175,175,6,0.9084144247281053,183.76659967898732,0.008414424728105274,91.83009850444489
single,none,0.1,15,0.1,0.09988584474885845,175,175,12,0.9080987937966686,178.48977653887917,0.008098793796668557,89.21732860759329
single,none,0.1,15,0.1,0.09988584474885845,175,175,24,0.8768074031231926,175.98763423267326,0.023192596876807414,87.38761840520597
single,none,0.1,15,0.1,0.09988584474885845,175,175,48,0.9008797653958944,179.74541937350523,0.0008797653958944052,89.81704992405835
single,none,0.1,16,0.1,0.09988584474885845,175,175,6,0.9124212936462507,185.41513374965515,0.012421293646250664,92.56395682918756
single,none,0.1,16,0.1,0.09988584474885845,175,175,12,0.9115450890292935,179.50179828094014,0.01154508902929352,89.36718390895928
single,none,0.1,16,0.1,0.09988584474885845,175,175,24,0.8820127241179873,178.55000352486348,0.017987275882012765,89.27300365528431
single,none,0.1,16,0.1,0.09988584474885845,175,175,48,0.9073313782991203,182.8578140728675,0.007331378299120228,90.88055808460274
single,none,0.1,17,0.1,0.09988584474885845,175,175,6,0.9107040641099027,184.51546580978544,0.010704064109902656,91.94314415647254
single,none,0.1,17,0.1,0.09988584474885845,175,175,12,0.9115450890292935,179.5530055894725,0.01154508902929352,89.71822017812482
single,none,0.1,17,0.1,0.09988584474885845,175,175,24,0.8825910931174089,178.6660971104873,0.017408906882591113,89.28661112099412
single,none,0.1,17,0.1,0.09988584474885845,175,175,48,0.9020527859237537,180.37481308589946,0.002052785923753686,89.87044349755627
single,none,0.1,18,0.1,0.09988584474885845,175,175,6,0.9084144247281053,183.69515774581623,0.008414424728105274,91.76248847242918
single,none,0.1,18,0.1,0.09988584474885845,175,175,12,0.9109707064905227,179.17500865748772,0.010970706490522675,89.36718390895928
single,none,0.1,18,0.1,0.09988584474885845,175,175,24,0.8849045691150954,179.44694090627644,0.015095430884904615,89.58345424588786
single,none,0.1,18,0.1,0.09988584474885845,175,175,48,0.9008797653958944,179.6340998481167,0.0008797653958944052,89.7124826432418
single,none,0.1,19,0.1,0.09988584474885845,175,175,6,0.9107040641099027,184.51546580978544,0.010704064109902656,91.94314415647254
single,none,0.1,19,0.1,0.09988584474885845,175,175,12,0.9115450890292935,179.5530055894725,0.01154508902929352,89.71822017812482
single,none,0.1,19,0.1,0.09988584474885845,175,175,24,0.8825910931174089,178.6660971104873,0.017408906882591113,89.28661112099412
single,none,0.1,19,0.1,0.09988584474885845,175,175,48,0.9020527859237537,180.37481308589946,0.002052785923753686,89.87044349755627
single,none,0.2,0,0.2,0.1997716894977169,350,350,6,0.9107040641099027,184.51546580978544,0.010704064109902656,92.01050962150191
single,none,0.2,0,0.2,0.1997716894977169,350,350,12,0.9080987937966686,178.3811618730917,0.008098793796668557,89.13793416350924
single,none,0.2,0,0.2,0.1997716894977169,350,350,24,0.8802776171197224,178.07403533172527,0.01972238288027761,88.52589274621037
single,none,0.2,0,0.2,0.1997716894977169,350,350,48,0.9073313782991203,183.32819496087217,0.007331378299120228,91.46965553832962
single,none,0.2,1,0.2,0.1997716894977169,350,350,6,0.911276473955352,184.67515221824493,0.011276473955352029,92.26571722531571
single,none,0.2,1,0.2,0.1997716894977169,350,350,12,0.9190120620333142,182.4546359079241,0.01901206203331418,91.18890558191144
single,none,0.2,1,0.2,0.1997716894977169,350,350,24,0.8837478311162522,179.09690038815052,0.01625216888374781,89.41598526911653
single,none,0.2,1,0.2,0.1997716894977169,350,350,48,0.9008797653958944,179.74541937350523,0.0008797653958944052,89.84374671080731
single,none,0.2,2,0.2,0.1997716894977169,350,350,6,0.9055523755008587,182.05095912416314,0.005552375500858631,90.85108408248232
single,none,0.2,2,0.2,0.1997716894977169,350,350,12,0.9080987937966686,178.44803105071028,0.008098793796668557,89.14927735720522
single,none,0.2,2,0.2,0.1997716894977169,350,350,24,0.8727588201272412,173.02305686763188,0.02724117987275887,86.41335209040578
single,none,0.2,2,0.2,0.1997716894977169,350,350,48,0.8909090909090909,175.53591996627745,0.00909090909090915,87.71724161609654
single,none,0.2,3,0.2,0.1997716894977169,350,350,6,0.9084144247281053,183.69515774581623,0.008414424728105274,91.80824804386585
single,none,0.2,3,0.2,0.1997716894977169,350,350,12,0.9075244112578977,178.1565161920615,0.007524411257897712,88.27560552155094
single,none,0.2,3,0.2,0.1997716894977169,350,350,24,0.8820127241179873,178.55000352486348,0.017987275882012765,89.20185818970702
single,none,0.2,3,0.2,0.1997716894977169,350,350,48,0.9008797653958944,179.6340998481167,0.0008797653958944052,89.47188839866868
single,none,0.2,4,0.2,0.1997716894977169,350,350,6,0.9107040641099027,184.51546580978544,0.010704064109902656,91.88859427610663
single,none,0.2,4,0.2,0.1997716894977169,350,350,12,0.9126938541068351,180.21297386954228,0.0126938541068351,89.83961089321326
single,none,0.2,4,0.2,0.1997716894977169,350,350,24,0.8837478311162522,179.09690038815052,0.01625216888374781,89.39857123127295
single,none,0.2,4,0.2,0.1997716894977169,350,350,48,0.8991202346041056,179.4249652864836,0.0008797653958944052,89.37585232109348
single,none,0.2,5,0.2,0.1997716894977169,350,350,6,0.9061247853463079,182.83925261082362,0.006124785346307893,91.36512734630107
single,none,0.2,5,0.2,0.1997716894977169,350,350,12,0.9190120620333142,182.37625083558342,0.01901206203331418,90.52546564360073
single,none,0.2,5,0.2,0.1997716894977169,350,350,24,0.8756506651243493,174.47213745484652,0.02434933487565072,86.48886862121583
single,none,0.2,5,0.2,0.1997716894977169,350,350,48,0.9020527859237537,181.0608802429881,0.002052785923753686,90.22109592889561
single,none,0.2,6,0.2,0.1997716894977169,350,350,6,0.9061247853463079,182.71814381279972,0.006124785346307893,91.14049325770064
single,none,0.2,6,0.2,0.1997716894977169,350,350,12,0.9190120620333142,182.4546359079241,0.01901206203331418,90.7885096496286
single,none,0.2,6,0.2,0.1997716894977169,350,350,24,0.8768074031231926,175.98763423267326,0.023192596876807414,87.01870663934109
single,none,0.2,6,0.2,0.1997716894977169,350,350,48,0.9020527859237537,180.37481308589946,0.002052785923753686,89.87925914294095
single,none,0.2,7,0.2,0.1997716894977169,350,350,6,0.9084144247281053,183.69515774581623,0.008414424728105274,91.80824804386585
single,none,0.2,7,0.2,0.1997716894977169,350,350,12,0.9190120620333142,182.82596175917786,0.01901206203331418,91.20170356158884
single,none,0.2,7,0.2,0.1997716894977169,350,350,24,0.8987854251012146,184.9112711700171,0.0012145748987854033,92.30164419981193
single,none,0.2,7,0.2,0.1997716894977169,350,350,48,0.9020527859237537,180.50957062968297,0.002052785923753686,90.03660757103953
single,none,0.2,8,0.2,0.1997716894977169,350,350,6,0.9124212936462507,185.41513374965515,0.012421293646250664,92.59874852621834
single,none,0.2,8,0.2,0.1997716894977169,350,350,12,0.9080987937966686,178.48977653887917,0.008098793796668557,89.16102607791107
single,none,0.2,8,0.2,0.1997716894977169,350,350,24,0.8877964141122036,180.2559966709954,0.012203585887796464,89.5193740083713
single,none,0.2,8,0.2,0.1997716894977169,350,350,48,0.9020527859237537,181.0608802429881,0.002052785923753686,90.22109592889561
single,none,0.2,9,0.2,0.1997716894977169,350,350,6,0.9164281625643961,187.28261890958387,0.016428162564396054,93.39161841963293
single,none,0.2,9,0.2,0.1997716894977169,350,350,12,0.9126938541068351,180.21297386954228,0.0126938541068351,89.64420386854157
single,none,0.2,9,0.2,0.1997716894977169,350,350,24,0.891844997108155,182.4259033336346,0.008155002891845009,90.9193453897077
single,none,0.2,9,0.2,0.1997716894977169,350,350,48,0.9020527859237537,181.0608802429881,0.002052785923753686,90.22109592889561
single,none,0.2,10,0.2,0.1997716894977169,350,350,6,0.9118488838008014,185.05981135015253,0.011848883800801402,92.35680906571787
single,none,0.2,10,0.2,0.1997716894977169,350,350,12,0.9075244112578977,178.1565161920615,0.007524411257897712,88.27560552155094
single,none,0.2,10,0.2,0.1997716894977169,350,350,24,0.8802776171197224,178.07403533172527,0.01972238288027761,88.52589274621037
single,none,0.2,10,0.2,0.1997716894977169,350,350,48,0.9020527859237537,180.50957062968297,0.002052785923753686,90.03660757103953
single,none,0.2,11,0.2,0.1997716894977169,350,350,6,0.9124212936462507,185.74256489034187,0.012421293646250664,92.85837595860413
single,none,0.2,11,0.2,0.1997716894977169,350,350,12,0.9161401493394601,181.7204715076699,0.016140149339460064,90.52546564360073
single,none,0.2,11,0.2,0.1997716894977169,350,350,24,0.8889531521110469,181.15317235644858,0.01104684788895316,90.37627311205021
single,none,0.2,11,0.2,0.1997716894977169,350,350,48,0.9008797653958944,179.74541937350523,0.0008797653958944052,89.76476628365008
single,none,0.2,12,0.2,0.1997716894977169,350,350,6,0.9107040641099027,184.51546580978544,0.010704064109902656,91.88859427610663
single,none,0.2,12,0.2,0.1997716894977169,350,350,12,0.9075244112578977,178.1565161920615,0.007524411257897712,88.27560552155094
single,none,0.2,12,0.2,0.1997716894977169,350,350,24,0.8820127241179873,178.54500825699492,0.017987275882012765,88.95208991380787
single,none,0.2,12,0.2,0.1997716894977169,350,350,48,0.9008797653958944,179.7716171982586,0.0008797653958944052,89.84487980540548
single,none,0.2,13,0.2,0.1997716894977169,350,350,6,0.9124212936462507,185.7138838090823,0.012421293646250664,92.72250437779896
single,none,0.2,13,0.2,0.1997716894977169,350,350,12,0.9138426191843768,181.23449149797457,0.013842619184376792,89.8754980367467
single,none,0.2,13,0.2,0.1997716894977169,350,350,24,0.8889531521110469,180.92551828971352,0.01104684788895316,90.16053015883372
single,none,0.2,13,0.2,0.1997716894977169,350,350,48,0.9020527859237537,180.37481308589946,0.002052785923753686,89.87925914294095
single,none,0.2,14,0.2,0.1997716894977169,350,350,6,0.9118488838008014,185.05981135015253,0.011848883800801402,92.35680906571787
single,none,0.2,14,0.2,0.1997716894977169,350,350,12,0.9075244112578977,178.29671941984947,0.007524411257897712,89.13214289789796
single,none,0.2,14,0.2,0.1997716894977169,350,350,24,0.8802776171197224,178.07403533172527,0.01972238288027761,88.52589274621037
single,none,0.2,14,0.2,0.1997716894977169,350,350,48,0.9085043988269794,183.7930326208272,0.008504398826979398,91.58725076033078
single,none,0.2,15,0.2,0.1997716894977169,350,350,6,0.9118488838008014,185.05981135015253,0.011848883800801402,92.35680906571787
single,none,0.2,15,0.2,0.1997716894977169,350,350,12,0.9080987937966686,178.3811618730917,0.008098793796668557,89.13793416350924
single,none,0.2,15,0.2,0.1997716894977169,350,350,24,0.8820127241179873,178.52078369390023,0.017987275882012765,88.95208991380787
single,none,0.2,15,0.2,0.1997716894977169,350,350,48,0.9073313782991203,183.32819496087217,0.007331378299120228,91.46965553832962
single,none,0.2,16,0.2,0.1997716894977169,350,350,6,0.9107040641099027,184.51546580978544,0.010704064109902656,92.01050962150191
single,none,0.2,16,0.2,0.1997716894977169,350,350,12,0.9080987937966686,178.3811618730917,0.008098793796668557,89.13793416350924
single,none,0.2,16,0.2,0.1997716894977169,350,350,24,0.8785425101214575,177.50785031802673,0.02145748987854257,87.76649259966266
single,none,0.2,16,0.2,0.1997716894977169,350,350,48,0.9073313782991203,183.50807212894745,0.007331378299120228,91.58725076033078
single,none,0.2,17,0.2,0.1997716894977169,350,350,6,0.9118488838008014,185.05981135015253,0.011848883800801402,92.35680906571787
single,none,0.2,17,0.2,0.1997716894977169,350,350,12,0.9075244112578977,178.26693214437665,0.007524411257897712,89.09425341418215
single,none,0.2,17,0.2,0.1997716894977169,350,350,24,0.8802776171197224,178.07403533172527,0.01972238288027761,88.52589274621037
single,none,0.2,17,0.2,0.1997716894977169,350,350,48,0.9073313782991203,183.32819496087217,0.007331378299120228,91.46965553832962
single,none,0.2,18,0.2,0.1997716894977169,350,350,6,0.9118488838008014,185.05981135015253,0.011848883800801402,92.35680906571787
single,none,0.2,18,0.2,0.1997716894977169,350,350,12,0.9080987937966686,178.44803105071028,0.008098793796668557,89.14927735720522
single,none,0.2,18,0.2,0.1997716894977169,350,350,24,0.8820127241179873,178.55000352486348,0.017987275882012765,89.20185818970702
single,none,0.2,18,0.2,0.1997716894977169,350,350,48,0.9008797653958944,179.6340998481167,0.0008797653958944052,89.47188839866868
single,none,0.2,19,0.2,0.1997716894977169,350,350,6,0.9118488838008014,185.05981135015253,0.011848883800801402,92.35680906571787
single,none,0.2,19,0.2,0.1997716894977169,350,350,12,0.9075244112578977,178.26693214437665,0.007524411257897712,89.09425341418215
single,none,0.2,19,0.2,0.1997716894977169,350,350,24,0.8802776171197224,178.07403533172527,0.01972238288027761,88.52589274621037
single,none,0.2,19,0.2,0.1997716894977169,350,350,48,0.9073313782991203,183.32819496087217,0.007331378299120228,91.46965553832962
single,none,0.3,0,0.3,0.2996575342465753,525,525,6,0.9084144247281053,183.76659967898732,0.008414424728105274,91.78870902512405
single,none,0.3,0,0.3,0.2996575342465753,525,525,12,0.9115450890292935,179.50179828094014,0.01154508902929352,89.36300936014239
single,none,0.3,0,0.3,0.2996575342465753,525,525,24,0.8727588201272412,172.87199145029777,0.02724117987275887,86.37561269916728
single,none,0.3,0,0.3,0.2996575342465753,525,525,48,0.9073313782991203,183.02080808045093,0.007331378299120228,91.42890703643376
single,none,0.3,1,0.3,0.2996575342465753,525,525,6,0.9061247853463079,182.92914114796815,0.006124785346307893,91.26196760807977
single,none,0.3,1,0.3,0.2996575342465753,525,525,12,0.9115450890292935,179.5530055894725,0.01154508902929352,89.71822017812482
single,none,0.3,1,0.3,0.2996575342465753,525,525,24,0.8785425101214575,177.50785031802673,0.02145748987854257,88.14583872487201
single,none,0.3,1,0.3,0.2996575342465753,525,525,48,0.8944281524926686,178.20381198271127,0.005571847507331418,88.84705021577517
single,none,0.3,2,0.3,0.2996575342465753,525,525,6,0.9124212936462507,185.50662100011374,0.012421293646250664,92.48702500280606
single,none,0.3,2,0.3,0.2996575342465753,525,525,12,0.9115450890292935,179.50179828094014,0.01154508902929352,89.54955502676292
single,none,0.3,2,0.3,0.2996575342465753,525,525,24,0.8727588201272412,172.87199145029777,0.02724117987275887,86.37561269916728
single,none,0.3,2,0.3,0.2996575342465753,525,525,48,0.8932551319648094,176.68796026644003,0.006744868035190588,87.92681398710458
single,none,0.3,3,0.3,0.2996575342465753,525,525,6,0.9055523755008587,182.05095912416314,0.005552375500858631,90.81067582997132
single,none,0.3,3,0.3,0.2996575342465753,525,525,12,0.9121194715680643,179.973726245986,0.012119471568064255,89.71822017812482
single,none,0.3,3,0.3,0.2996575342465753,525,525,24,0.8831694621168306,178.90305915012408,0.01683053788316946,89.3103073249578
single,none,0.3,3,0.3,0.2996575342465753,525,525,48,0.9008797653958944,179.7716171982586,0.0008797653958944052,89.87270968675261
single,none,0.3,4,0.3,0.2996575342465753,525,525,6,0.9124212936462507,185.7138838090823,0.012421293646250664,92.68664933947218
single,none,0.3,4,0.3,0.2996575342465753,525,525,12,0.9080987937966686,178.79551563767842,0.008098793796668557,89.2407137206227
single,none,0.3,4,0.3,0.2996575342465753,525,525,24,0.8768074031231926,175.98763423267326,0.023192596876807414,86.80798617032015
single,none,0.3,4,0.3,0.2996575342465753,525,525,48,0.8956011730205279,178.46258830819113,0.004398826979472137,89.10190599135564
single,none,0.3,5,0.3,0.2996575342465753,525,525,6,0.9084144247281053,183.69515774581623,0.008414424728105274,91.59633276981087
single,none,0.3,5,0.3,0.2996575342465753,525,525,12,0.9190120620333142,182.5348198807602,0.01901206203331418,91.21947944672797
single,none,0.3,5,0.3,0.2996575342465753,525,525,24,0.8727588201272412,172.87199145029777,0.02724117987275887,86.37561269916728
single,none,0.3,5,0.3,0.2996575342465753,525,525,48,0.9020527859237537,180.50957062968297,0.002052785923753686,90.18740654294973
single,none,0.3,6,0.3,0.2996575342465753,525,525,6,0.9061247853463079,182.71814381279972,0.006124785346307893,90.94797046003747
single,none,0.3,6,0.3,0.2996575342465753,525,525,12,0.9190120620333142,182.37625083558342,0.01901206203331418,90.59102286173398
single,none,0.3,6,0.3,0.2996575342465753,525,525,24,0.8802776171197224,178.07403533172527,0.01972238288027761,88.81054366038323
single,none,0.3,6,0.3,0.2996575342465753,525,525,48,0.9020527859237537,180.37481308589946,0.002052785923753686,89.8858085991293
single,none,0.3,7,0.3,0.2996575342465753,525,525,6,0.9118488838008014,185.05981135015253,0.011848883800801402,92.19576181259023
single,none,0.3,7,0.3,0.2996575342465753,525,525,12,0.9190120620333142,183.47753490507085,0.01901206203331418,91.5448966774993
single,none,0.3,7,0.3,0.2996575342465753,525,525,24,0.8999421631000578,185.07673219864597,5.783689994220964e-05,92.47218168787144
single,none,0.3,7,0.3,0.2996575342465753,525,525,48,0.9020527859237537,180.50957062968297,0.002052785923753686,90.18740654294973
single,none,0.3,8,0.3,0.2996575342465753,525,525,6,0.9124212936462507,185.74256489034187,0.012421293646250664,92.79719189265573
single,none,0.3,8,0.3,0.2996575342465753,525,525,12,0.9029293509477312,176.3818672809581,0.0029293509477311686,87.97128012443778
single,none,0.3,8,0.3,0.2996575342465753,525,525,24,0.8831694621168306,178.83617293458826,0.01683053788316946,89.35005613765375
single,none,0.3,8,0.3,0.2996575342465753,525,525,48,0.9085043988269794,183.7930326208272,0.008504398826979398,91.66409748043608
single,none,0.3,9,0.3,0.2996575342465753,525,525,6,0.9175729822552948,187.57000820396576,0.0175729822552948,93.7115082304939
single,none,0.3,9,0.3,0.2996575342465753,525,525,12,0.9080987937966686,178.3811618730917,0.008098793796668557,89.14538098237745
single,none,0.3,9,0.3,0.2996575342465753,525,525,24,0.8877964141122036,180.2559966709954,0.012203585887796464,89.66435982235977
single,none,0.3,9,0.3,0.2996575342465753,525,525,48,0.9073313782991203,182.8578140728675,0.007331378299120228,90.88055808460274
single,none,0.3,10,0.3,0.2996575342465753,525,525,6,0.9124212936462507,185.7138838090823,0.012421293646250664,92.68664933947218
single,none,0.3,10,0.3,0.2996575342465753,525,525,12,0.9080987937966686,178.79551563767842,0.008098793796668557,89.2407137206227
single,none,0.3,10,0.3,0.2996575342465753,525,525,24,0.8768074031231926,175.98763423267326,0.023192596876807414,86.80798617032015
single,none,0.3,10,0.3,0.2996575342465753,525,525,48,0.8944281524926686,178.20381198271127,0.005571847507331418,88.84705021577517
single,none,0.3,11,0.3,0.2996575342465753,525,525,6,0.911276473955352,184.67515221824493,0.011276473955352029,92.09367129209893
single,none,0.3,11,0.3,0.2996575342465753,525,525,12,0.9080987937966686,178.79551563767842,0.008098793796668557,89.2407137206227
single,none,0.3,11,0.3,0.2996575342465753,525,525,24,0.8785425101214575,177.50785031802673,0.02145748987854257,88.14583872487201
single,none,0.3,11,0.3,0.2996575342465753,525,525,48,0.8991202346041056,179.4249652864836,0.0008797653958944052,89.23129415409556
single,none,0.3,12,0.3,0.2996575342465753,525,525,6,0.9124212936462507,185.74256489034187,0.012421293646250664,92.79719189265573
single,none,0.3,12,0.3,0.2996575342465753,525,525,12,0.9075244112578977,178.1565161920615,0.007524411257897712,88.90995838990507
single,none,0.3,12,0.3,0.2996575342465753,525,525,24,0.8831694621168306,178.83617293458826,0.01683053788316946,89.35005613765375
single,none,0.3,12,0.3,0.2996575342465753,525,525,48,0.9073313782991203,183.32819496087217,0.007331378299120228,91.51040404022547
single,none,0.3,13,0.3,0.2996575342465753,525,525,6,0.9175729822552948,187.51661482859038,0.0175729822552948,93.53033566138795
single,none,0.3,13,0.3,0.2996575342465753,525,525,12,0.9080987937966686,178.48977653887917,0.008098793796668557,89.18213669122163
single,none,0.3,13,0.3,0.2996575342465753,525,525,24,0.8877964141122036,180.2559966709954,0.012203585887796464,89.66435982235977
single,none,0.3,13,0.3,0.2996575342465753,525,525,48,0.9073313782991203,183.02080808045093,0.007331378299120228,91.42890703643376
single,none,0.3,14,0.3,0.2996575342465753,525,525,6,0.9061247853463079,182.92914114796815,0.006124785346307893,91.39540454580704
single,none,0.3,14,0.3,0.2996575342465753,525,525,12,0.9080987937966686,178.44803105071028,0.008098793796668557,89.18213669122163
single,none,0.3,14,0.3,0.2996575342465753,525,525,24,0.8768074031231926,175.98763423267326,0.023192596876807414,87.38761840520597
single,none,0.3,14,0.3,0.2996575342465753,525,525,48,0.9090909090909091,184.324686355934,0.009090909090909038,92.0256036814929
single,none,0.3,15,0.3,0.2996575342465753,525,525,6,0.9072696050372067,183.36834846739072,0.007269605037206639,91.44659286655518
single,none,0.3,15,0.3,0.2996575342465753,525,525,12,0.9080987937966686,178.79551563767842,0.008098793796668557,89.21732860759329
single,none,0.3,15,0.3,0.2996575342465753,525,525,24,0.8785425101214575,177.50785031802673,0.02145748987854257,88.14583872487201
single,none,0.3,15,0.3,0.2996575342465753,525,525,48,0.9085043988269794,183.99829212144584,0.008504398826979398,91.94718356719476
single,none,0.3,16,0.3,0.2996575342465753,525,525,6,0.9084144247281053,183.76659967898732,0.008414424728105274,91.78870902512405
single,none,0.3,16,0.3,0.2996575342465753,525,525,12,0.9115450890292935,179.50179828094014,0.01154508902929352,89.36300936014239
single,none,0.3,16,0.3,0.2996575342465753,525,525,24,0.8727588201272412,172.87199145029777,0.02724117987275887,86.37561269916728
single,none,0.3,16,0.3,0.2996575342465753,525,525,48,0.9073313782991203,183.32819496087217,0.007331378299120228,91.51040404022547
single,none,0.3,17,0.3,0.2996575342465753,525,525,6,0.9072696050372067,183.36834846739072,0.007269605037206639,91.44659286655518
single,none,0.3,17,0.3,0.2996575342465753,525,525,12,0.9080987937966686,178.44803105071028,0.008098793796668557,89.18213669122163
single,none,0.3,17,0.3,0.2996575342465753,525,525,24,0.8768074031231926,175.98763423267326,0.023192596876807414,87.38761840520597
single,none,0.3,17,0.3,0.2996575342465753,525,525,48,0.9090909090909091,184.324686355934,0.009090909090909038,92.0256036814929
single,none,0.3,18,0.3,0.2996575342465753,525,525,6,0.9124212936462507,185.74256489034187,0.012421293646250664,92.79719189265573
single,none,0.3,18,0.3,0.2996575342465753,525,525,12,0.9161401493394601,181.7204715076699,0.016140149339460064,90.51509398614404
single,none,0.3,18,0.3,0.2996575342465753,525,525,24,0.8930017351069983,182.79584975548852,0.006998264893001704,91.24994630900271
single,none,0.3,18,0.3,0.2996575342465753,525,525,48,0.9049853372434018,181.76111616920548,0.004985337243401777,90.25478531484148
single,none,0.3,19,0.3,0.2996575342465753,525,525,6,0.9072696050372067,183.36834846739072,0.007269605037206639,91.44659286655518
single,none,0.3,19,0.3,0.2996575342465753,525,525,12,0.9080987937966686,178.44803105071028,0.008098793796668557,89.18213669122163
single,none,0.3,19,0.3,0.2996575342465753,525,525,24,0.8768074031231926,175.98763423267326,0.023192596876807414,87.38761840520597
single,none,0.3,19,0.3,0.2996575342465753,525,525,48,0.9090909090909091,184.324686355934,0.009090909090909038,92.0256036814929
single,none,0.4,0,0.4,0.3995433789954338,700,700,6,0.9107040641099027,184.51546580978544,0.010704064109902656,92.01050962150187
single,none,0.4,0,0.4,0.3995433789954338,700,700,12,0.9138426191843768,181.23449149797457,0.013842619184376792,90.39324879492469
single,none,0.4,0,0.4,0.3995433789954338,700,700,24,0.8727588201272412,172.87199145029777,0.02724117987275887,86.28380732145156
single,none,0.4,0,0.4,0.3995433789954338,700,700,48,0.9073313782991203,183.02080808045093,0.007331378299120228,90.97967357896391
single,none,0.4,1,0.4,0.3995433789954338,700,700,6,0.9175729822552948,187.57000820396576,0.0175729822552948,93.76097708306396
single,none,0.4,1,0.4,0.3995433789954338,700,700,12,0.9138426191843768,181.23449149797457,0.013842619184376792,89.87549803674673
single,none,0.4,1,0.4,0.3995433789954338,700,700,24,0.896471949103528,184.10430129206358,0.0035280508964720125,91.98967903323187
single,none,0.4,1,0.4,0.3995433789954338,700,700,48,0.9085043988269794,184.0512073629858,0.008504398826979398,91.97316481395885
single,none,0.4,2,0.4,0.3995433789954338,700,700,6,0.9084144247281053,183.76659967898732,0.008414424728105274,91.85115096956667
single,none,0.4,2,0.4,0.3995433789954338,700,700,12,0.913268236645606,180.70688400316698,0.013268236645605946,89.57448941008539
single,none,0.4,2,0.4,0.3995433789954338,700,700,24,0.8768074031231926,175.98763423267326,0.023192596876807414,87.01870663934109
single,none,0.4,2,0.4,0.3995433789954338,700,700,48,0.9085043988269794,183.8943671343895,0.008504398826979398,91.90033120746281
single,none,0.4,3,0.4,0.3995433789954338,700,700,6,0.9026903262736119,180.01902338182524,0.002690326273611876,89.8238810762811
single,none,0.4,3,0.4,0.3995433789954338,700,700,12,0.9075244112578977,178.2631516464042,0.007524411257897712,88.27560552155097
single,none,0.4,3,0.4,0.3995433789954338,700,700,24,0.8710237131289763,172.35970947259818,0.028976286871023715,86.08892442942195
single,none,0.4,3,0.4,0.3995433789954338,700,700,48,0.9008797653958944,179.7716171982586,0.0008797653958944052,89.84487980540548
single,none,0.4,4,0.4,0.3995433789954338,700,700,6,0.9124212936462507,185.41513374965515,0.012421293646250664,92.5476717950514
single,none,0.4,4,0.4,0.3995433789954338,700,700,12,0.9190120620333142,183.47753490507085,0.01901206203331418,91.20170356158884
single,none,0.4,4,0.4,0.3995433789954338,700,700,24,0.8976286871023713,184.63765268616362,0.002371312897628708,92.19873196633709
single,none,0.4,4,0.4,0.3995433789954338,700,700,48,0.9085043988269794,183.80829220902405,0.008504398826979398,91.27232778251941
single,none,0.4,5,0.4,0.3995433789954338,700,700,6,0.9015455065827133,179.6065109048663,0.0015455065827132408,89.79704192910442
single,none,0.4,5,0.4,0.3995433789954338,700,700,12,0.9080987937966686,178.44803105071028,0.008098793796668557,89.14927735720524
single,none,0.4,5,0.4,0.3995433789954338,700,700,24,0.8710237131289763,172.10367790488255,0.028976286871023715,85.82503781933862
single,none,0.4,5,0.4,0.3995433789954338,700,700,48,0.8991202346041056,179.4249652864836,0.0008797653958944052,89.03917218493537
single,none,0.4,6,0.4,0.3995433789954338,700,700,6,0.9026903262736119,180.01902338182524,0.002690326273611876,89.8238810762811
single,none,0.4,6,0.4,0.3995433789954338,700,700,12,0.9080987937966686,178.44803105071028,0.008098793796668557,89.14927735720524
single,none,0.4,6,0.4,0.3995433789954338,700,700,24,0.8710237131289763,172.35970947259818,0.028976286871023715,86.08892442942195
single,none,0.4,6,0.4,0.3995433789954338,700,700,48,0.9008797653958944,179.74541937350523,0.0008797653958944052,89.76476628365008
single,none,0.4,7,0.4,0.3995433789954338,700,700,6,0.9124212936462507,185.41513374965515,0.012421293646250664,92.5476717950514
single,none,0.4,7,0.4,0.3995433789954338,700,700,12,0.9190120620333142,183.47753490507085,0.01901206203331418,91.20170356158884
single,none,0.4,7,0.4,0.3995433789954338,700,700,24,0.8976286871023713,184.63765268616362,0.002371312897628708,92.19873196633709
single,none,0.4,7,0.4,0.3995433789954338,700,700,48,0.9085043988269794,183.80829220902405,0.008504398826979398,91.27232778251941
single,none,0.4,8,0.4,0.3995433789954338,700,700,6,0.9089868345735547,183.96608073558355,0.008986834573554647,91.89327389232348
single,none,0.4,8,0.4,0.3995433789954338,700,700,12,0.9075244112578977,178.1565161920615,0.007524411257897712,88.69006474024499
single,none,0.4,8,0.4,0.3995433789954338,700,700,24,0.8825910931174089,178.6660971104873,0.017408906882591113,89.27425247225146
single,none,0.4,8,0.4,0.3995433789954338,700,700,48,0.9149560117302052,186.92861014937068,0.014956011730205221,92.7659583995275
single,none,0.4,9,0.4,0.3995433789954338,700,700,6,0.9089868345735547,183.96608073558355,0.008986834573554647,91.89327389232348
single,none,0.4,9,0.4,0.3995433789954338,700,700,12,0.9075244112578977,178.1565161920615,0.007524411257897712,88.69006474024499
single,none,0.4,9,0.4,0.3995433789954338,700,700,24,0.8756506651243493,174.47213745484652,0.02434933487565072,86.41335209040578
single,none,0.4,9,0.4,0.3995433789954338,700,700,48,0.9085043988269794,183.80829220902405,0.008504398826979398,91.78030689542484
single,none,0.4,10,0.4,0.3995433789954338,700,700,6,0.9084144247281053,183.76659967898732,0.008414424728105274,91.85115096956667
single,none,0.4,10,0.4,0.3995433789954338,700,700,12,0.913268236645606,180.70688400316698,0.013268236645605946,89.57448941008539
single,none,0.4,10,0.4,0.3995433789954338,700,700,24,0.8768074031231926,175.98763423267326,0.023192596876807414,87.01870663934109
single,none,0.4,10,0.4,0.3995433789954338,700,700,48,0.9085043988269794,183.8943671343895,0.008504398826979398,91.90033120746281
single,none,0.4,11,0.4,0.3995433789954338,700,700,6,0.9124212936462507,185.41513374965515,0.012421293646250664,92.5476717950514
single,none,0.4,11,0.4,0.3995433789954338,700,700,12,0.9075244112578977,178.1565161920615,0.007524411257897712,88.69006474024499
single,none,0.4,11,0.4,0.3995433789954338,700,700,24,0.8825910931174089,178.6660971104873,0.017408906882591113,89.26887044403325
single,none,0.4,11,0.4,0.3995433789954338,700,700,48,0.9085043988269794,183.7930326208272,0.008504398826979398,91.58725076033078
single,none,0.4,12,0.4,0.3995433789954338,700,700,6,0.9072696050372067,183.36834846739072,0.007269605037206639,91.48653093995522
single,none,0.4,12,0.4,0.3995433789954338,700,700,12,0.9069500287191269,177.9958316995383,0.006950028719126866,88.51162480123564
single,none,0.4,12,0.4,0.3995433789954338,700,700,24,0.8820127241179873,178.55000352486348,0.017987275882012765,89.26887044403325
single,none,0.4,12,0.4,0.3995433789954338,700,700,48,0.9085043988269794,184.0512073629858,0.008504398826979398,91.97316481395885
single,none,0.4,13,0.4,0.3995433789954338,700,700,6,0.911276473955352,184.67515221824493,0.011276473955352029,92.01849394192485
single,none,0.4,13,0.4,0.3995433789954338,700,700,12,0.9069500287191269,177.9958316995383,0.006950028719126866,88.51162480123564
single,none,0.4,13,0.4,0.3995433789954338,700,700,24,0.8756506651243493,174.47213745484652,0.02434933487565072,86.41335209040578
single,none,0.4,13,0.4,0.3995433789954338,700,700,48,0.9073313782991203,183.32819496087217,0.007331378299120228,91.46965553832962
single,none,0.4,14,0.4,0.3995433789954338,700,700,6,0.9061247853463079,182.92914114796815,0.006124785346307893,91.42412073226903
single,none,0.4,14,0.4,0.3995433789954338,700,700,12,0.9115450890292935,179.50179828094014,0.01154508902929352,89.27613821340037
single,none,0.4,14,0.4,0.3995433789954338,700,700,24,0.871602082128398,172.72103388534373,0.028397917871602063,86.08892442942195
single,none,0.4,14,0.4,0.3995433789954338,700,700,48,0.9073313782991203,183.02080808045093,0.007331378299120228,90.97967357896391
single,none,0.4,15,0.4,0.3995433789954338,700,700,6,0.9061247853463079,182.92914114796815,0.006124785346307893,91.42412073226903
single,none,0.4,15,0.4,0.3995433789954338,700,700,12,0.9121194715680643,179.973726245986,0.012119471568064255,89.5037002153285
single,none,0.4,15,0.4,0.3995433789954338,700,700,24,0.8727588201272412,172.87199145029777,0.02724117987275887,86.28380732145156
single,none,0.4,15,0.4,0.3995433789954338,700,700,48,0.9085043988269794,183.7930326208272,0.008504398826979398,91.46965553832962
single,none,0.4,16,0.4,0.3995433789954338,700,700,6,0.9107040641099027,184.51546580978544,0.010704064109902656,92.01050962150187
single,none,0.4,16,0.4,0.3995433789954338,700,700,12,0.9138426191843768,181.23449149797457,0.013842619184376792,90.39324879492469
single,none,0.4,16,0.4,0.3995433789954338,700,700,24,0.8727588201272412,173.02305686763188,0.02724117987275887,86.41335209040578
single,none,0.4,16,0.4,0.3995433789954338,700,700,48,0.9073313782991203,183.02080808045093,0.007331378299120228,90.97967357896391
single,none,0.4,17,0.4,0.3995433789954338,700,700,6,0.9072696050372067,183.36834846739072,0.007269605037206639,91.48653093995522
single,none,0.4,17,0.4,0.3995433789954338,700,700,12,0.9080987937966686,178.79551563767842,0.008098793796668557,89.20061131318865
single,none,0.4,17,0.4,0.3995433789954338,700,700,24,0.871602082128398,172.72103388534373,0.028397917871602063,86.08892442942195
single,none,0.4,17,0.4,0.3995433789954338,700,700,48,0.9073313782991203,183.02080808045093,0.007331378299120228,90.97967357896391
single,none,0.4,18,0.4,0.3995433789954338,700,700,6,0.9164281625643961,187.28261890958387,0.016428162564396054,93.3916184196329
single,none,0.4,18,0.4,0.3995433789954338,700,700,12,0.9075244112578977,178.26693214437665,0.007524411257897712,89.09425341418216
single,none,0.4,18,0.4,0.3995433789954338,700,700,24,0.891844997108155,182.4259033336346,0.008155002891845009,90.9193453897077
single,none,0.4,18,0.4,0.3995433789954338,700,700,48,0.9085043988269794,183.8943671343895,0.008504398826979398,91.90033120746281
single,none,0.4,19,0.4,0.3995433789954338,700,700,6,0.9072696050372067,183.36834846739072,0.007269605037206639,91.48653093995522
single,none,0.4,19,0.4,0.3995433789954338,700,700,12,0.9080987937966686,178.79551563767842,0.008098793796668557,89.20061131318865
single,none,0.4,19,0.4,0.3995433789954338,700,700,24,0.871602082128398,172.72103388534373,0.028397917871602063,86.08892442942195
single,none,0.4,19,0.4,0.3995433789954338,700,700,48,0.9073313782991203,183.02080808045093,0.007331378299120228,90.97967357896391
single,none,0.5,0,0.5,0.5,876,876,6,0.9026903262736119,180.23681554474763,0.002690326273611876,90.05351904013501
single,none,0.5,0,0.5,0.5,876,876,12,0.9029293509477312,176.3818672809581,0.0029293509477311686,87.99549691530736
single,none,0.5,0,0.5,0.5,876,876,24,0.8704453441295547,171.68527008667547,0.029554655870445368,85.77814314432904
single,none,0.5,0,0.5,0.5,876,876,48,0.8991202346041056,179.4249652864836,0.0008797653958944052,88.8932530554802
single,none,0.5,1,0.5,0.5,876,876,6,0.9175729822552948,187.51661482859038,0.0175729822552948,93.55807910973894
single,none,0.5,1,0.5,0.5,876,876,12,0.9190120620333142,183.87128201604597,0.01901206203331418,91.68762250267808
single,none,0.5,1,0.5,0.5,876,876,24,0.8999421631000578,185.21844506287312,5.783689994220964e-05,92.38468826995418
single,none,0.5,1,0.5,0.5,876,876,48,0.9073313782991203,183.32819496087217,0.007331378299120228,90.25478531484148
single,none,0.5,2,0.5,0.5,876,876,6,0.9072696050372067,183.4008085068958,0.007269605037206639,91.6048098552103
single,none,0.5,2,0.5,0.5,876,876,12,0.9190120620333142,182.4546359079241,0.01901206203331418,90.470357145081
single,none,0.5,2,0.5,0.5,876,876,24,0.891844997108155,182.4259033336346,0.008155002891845009,90.72348298314577
single,none,0.5,2,0.5,0.5,876,876,48,0.9090909090909091,184.3525803240788,0.009090909090909038,92.04067232954755
single,none,0.5,3,0.5,0.5,876,876,6,0.9055523755008587,181.5582587289428,0.005552375500858631,90.04218051535098
single,none,0.5,3,0.5,0.5,876,876,12,0.9109707064905227,179.17500865748772,0.010970706490522675,89.3803835894908
single,none,0.5,3,0.5,0.5,876,876,24,0.8710237131289763,172.35970947259818,0.028976286871023715,86.11232185837365
single,none,0.5,3,0.5,0.5,876,876,48,0.9008797653958944,179.7716171982586,0.0008797653958944052,89.84487980540548
single,none,0.5,4,0.5,0.5,876,876,6,0.9164281625643961,187.28261890958387,0.016428162564396054,93.21609721344862
single,none,0.5,4,0.5,0.5,876,876,12,0.9190120620333142,182.4546359079241,0.01901206203331418,90.75186245792506
single,none,0.5,4,0.5,0.5,876,876,24,0.8999421631000578,185.07673219864597,5.783689994220964e-05,92.1291094460249
single,none,0.5,4,0.5,0.5,876,876,48,0.9090909090909091,184.3525803240788,0.009090909090909038,92.04067232954755
single,none,0.5,5,0.5,0.5,876,876,6,0.9061247853463079,182.83925261082362,0.006124785346307893,90.95157450279854
single,none,0.5,5,0.5,0.5,876,876,12,0.9115450890292935,179.50179828094014,0.01154508902929352,89.511605724782
single,none,0.5,5,0.5,0.5,876,876,24,0.8710237131289763,172.10367790488255,0.028976286871023715,85.83090356067166
single,none,0.5,5,0.5,0.5,876,876,48,0.9008797653958944,179.7716171982586,0.0008797653958944052,89.87532946922795
single,none,0.5,6,0.5,0.5,876,876,6,0.9026903262736119,180.1447586653178,0.002690326273611876,89.94763481936879
single,none,0.5,6,0.5,0.5,876,876,12,0.9029293509477312,176.3818672809581,0.0029293509477311686,87.99549691530736
single,none,0.5,6,0.5,0.5,876,876,24,0.8704453441295547,171.68527008667547,0.029554655870445368,85.77814314432904
single,none,0.5,6,0.5,0.5,876,876,48,0.9020527859237537,180.50957062968297,0.002052785923753686,90.19414442013891
single,none,0.5,7,0.5,0.5,876,876,6,0.9084144247281053,183.69515774581623,0.008414424728105274,91.7728358422594
single,none,0.5,7,0.5,0.5,876,876,12,0.9190120620333142,182.4546359079241,0.01901206203331418,90.470357145081
single,none,0.5,7,0.5,0.5,876,876,24,0.891844997108155,182.4259033336346,0.008155002891845009,90.72348298314577
single,none,0.5,7,0.5,0.5,876,876,48,0.9090909090909091,184.3525803240788,0.009090909090909038,92.04067232954755
single,none,0.5,8,0.5,0.5,876,876,6,0.911276473955352,184.67515221824493,0.011276473955352029,92.17532514376245
single,none,0.5,8,0.5,0.5,876,876,12,0.9046524985640436,177.11625710089777,0.0046524985640435945,88.475405614763
single,none,0.5,8,0.5,0.5,876,876,24,0.8768074031231926,175.98763423267326,0.023192596876807414,86.67601762583125
single,none,0.5,8,0.5,0.5,876,876,48,0.9085043988269794,183.7930326208272,0.008504398826979398,91.54901526724429
single,none,0.5,9,0.5,0.5,876,876,6,0.9118488838008014,185.05981135015253,0.011848883800801402,92.31362314785355
single,none,0.5,9,0.5,0.5,876,876,12,0.9080987937966686,178.79551563767842,0.008098793796668557,89.18635881388374
single,none,0.5,9,0.5,0.5,876,876,24,0.8756506651243493,174.47213745484652,0.02434933487565072,86.38316057741497
single,none,0.5,9,0.5,0.5,876,876,48,0.9073313782991203,182.8578140728675,0.007331378299120228,90.62028681298804
single,none,0.5,10,0.5,0.5,876,876,6,0.9089868345735547,183.96608073558355,0.008986834573554647,91.872583549518
single,none,0.5,10,0.5,0.5,876,876,12,0.9080987937966686,178.3811618730917,0.008098793796668557,89.14687034615109
single,none,0.5,10,0.5,0.5,876,876,24,0.891844997108155,182.13248438925825,0.008155002891845009,89.85689098932004
single,none,0.5,10,0.5,0.5,876,876,48,0.9161290322580645,187.15961667691087,0.016129032258064502,93.3780448071596
single,none,0.5,11,0.5,0.5,876,876,6,0.9026903262736119,180.1447586653178,0.002690326273611876,89.94763481936879
single,none,0.5,11,0.5,0.5,876,876,12,0.9029293509477312,176.3818672809581,0.0029293509477311686,87.99549691530736
single,none,0.5,11,0.5,0.5,876,876,24,0.8710237131289763,172.10367790488255,0.028976286871023715,85.80157485400646
single,none,0.5,11,0.5,0.5,876,876,48,0.8991202346041056,179.4249652864836,0.0008797653958944052,88.8932530554802
single,none,0.5,12,0.5,0.5,876,876,6,0.911276473955352,184.67515221824493,0.011276473955352029,92.13468669529736
single,none,0.5,12,0.5,0.5,876,876,12,0.9080987937966686,178.79551563767842,0.008098793796668557,89.22067206647421
single,none,0.5,12,0.5,0.5,876,876,24,0.8710237131289763,172.35970947259818,0.028976286871023715,86.06773272829014
single,none,0.5,12,0.5,0.5,876,876,48,0.9020527859237537,181.0608802429881,0.002052785923753686,90.06676736542157
single,none,0.5,13,0.5,0.5,876,876,6,0.9118488838008014,185.05981135015253,0.011848883800801402,92.23121538672328
single,none,0.5,13,0.5,0.5,876,876,12,0.9080987937966686,178.3811618730917,0.008098793796668557,89.14687034615109
single,none,0.5,13,0.5,0.5,876,876,24,0.8727588201272412,172.87199145029777,0.02724117987275887,85.95693942380674
single,none,0.5,13,0.5,0.5,876,876,48,0.9073313782991203,183.32819496087217,0.007331378299120228,91.52577338424653
single,none,0.5,14,0.5,0.5,876,876,6,0.9055523755008587,181.6634136139425,0.005552375500858631,90.10459924045934
single,none,0.5,14,0.5,0.5,876,876,12,0.9080987937966686,178.3811618730917,0.008098793796668557,89.1182098258588
single,none,0.5,14,0.5,0.5,876,876,24,0.8710237131289763,172.20963641054163,0.028976286871023715,85.86433602673753
single,none,0.5,14,0.5,0.5,876,876,48,0.9073313782991203,183.02080808045093,0.007331378299120228,91.43705673681293
single,none,0.5,15,0.5,0.5,876,876,6,0.9107040641099027,184.51546580978544,0.010704064109902656,91.95311820930235
single,none,0.5,15,0.5,0.5,876,876,12,0.9069500287191269,177.9958316995383,0.006950028719126866,88.55148515770414
single,none,0.5,15,0.5,0.5,876,876,24,0.8768074031231926,175.98763423267326,0.023192596876807414,86.72889052189818
single,none,0.5,15,0.5,0.5,876,876,48,0.9085043988269794,183.80829220902405,0.008504398826979398,91.89727928982344
single,none,0.5,16,0.5,0.5,876,876,6,0.9055523755008587,181.6634136139425,0.005552375500858631,90.10459924045934
single,none,0.5,16,0.5,0.5,876,876,12,0.9040781160252729,176.65760908123542,0.00407811602527286,88.17160590992584
single,none,0.5,16,0.5,0.5,876,876,24,0.8704453441295547,171.68527008667547,0.029554655870445368,85.77814314432904
single,none,0.5,16,0.5,0.5,876,876,48,0.8991202346041056,179.4249652864836,0.0008797653958944052,88.8932530554802
single,none,0.5,17,0.5,0.5,876,876,6,0.9061247853463079,182.71814381279972,0.006124785346307893,90.61771709659206
single,none,0.5,17,0.5,0.5,876,876,12,0.9046524985640436,177.11625710089777,0.0046524985640435945,88.475405614763
single,none,0.5,17,0.5,0.5,876,876,24,0.8710237131289763,172.20963641054163,0.028976286871023715,85.90539621606881
single,none,0.5,17,0.5,0.5,876,876,48,0.9020527859237537,181.0608802429881,0.002052785923753686,90.28235079550674
single,none,0.5,18,0.5,0.5,876,876,6,0.9124212936462507,185.41513374965515,0.012421293646250664,92.47220680529013
single,none,0.5,18,0.5,0.5,876,876,12,0.9138426191843768,181.23449149797457,0.013842619184376792,89.18635881388374
single,none,0.5,18,0.5,0.5,876,876,24,0.891844997108155,182.13248438925825,0.008155002891845009,89.85689098932004
single,none,0.5,18,0.5,0.5,876,876,48,0.9085043988269794,183.99829212144584,0.008504398826979398,91.95237981654758
single,none,0.5,19,0.5,0.5,876,876,6,0.9084144247281053,183.69515774581623,0.008414424728105274,91.61829313578198
single,none,0.5,19,0.5,0.5,876,876,12,0.9080987937966686,178.3811618730917,0.008098793796668557,89.1182098258588
single,none,0.5,19,0.5,0.5,876,876,24,0.8785425101214575,177.50785031802673,0.02145748987854257,86.95621503857225
single,none,0.5,19,0.5,0.5,876,876,48,0.9073313782991203,182.8578140728675,0.007331378299120228,90.62028681298804
distributed,linear,0.0,0,0.0,0.0,0,0,6,0.9107040641099027,184.51546580978544,0.010704064109902656,91.93317010364271
distributed,linear,0.0,0,0.0,0.0,0,0,12,0.9126938541068351,180.21297386954228,0.0126938541068351,89.99882550417082
distributed,linear,0.0,0,0.0,0.0,0,0,24,0.8837478311162522,179.09690038815052,0.01625216888374781,89.4281193996245
distributed,linear,0.0,0,0.0,0.0,0,0,48,0.9020527859237537,180.37481308589946,0.002052785923753686,89.8818789254163
distributed,linear,0.0,1,0.0,0.0,0,0,6,0.9107040641099027,184.51546580978544,0.010704064109902656,91.93317010364271
distributed,linear,0.0,1,0.0,0.0,0,0,12,0.9126938541068351,180.21297386954228,0.0126938541068351,89.99882550417082
distributed,linear,0.0,1,0.0,0.0,0,0,24,0.8837478311162522,179.09690038815052,0.01625216888374781,89.4281193996245
distributed,linear,0.0,1,0.0,0.0,0,0,48,0.9020527859237537,180.37481308589946,0.002052785923753686,89.8818789254163
distributed,linear,0.0,2,0.0,0.0,0,0,6,0.9107040641099027,184.51546580978544,0.010704064109902656,91.93317010364271
distributed,linear,0.0,2,0.0,0.0,0,0,12,0.9126938541068351,180.21297386954228,0.0126938541068351,89.99882550417082
distributed,linear,0.0,2,0.0,0.0,0,0,24,0.8837478311162522,179.09690038815052,0.01625216888374781,89.4281193996245
distributed,linear,0.0,2,0.0,0.0,0,0,48,0.9020527859237537,180.37481308589946,0.002052785923753686,89.8818789254163
distributed,linear,0.0,3,0.0,0.0,0,0,6,0.9107040641099027,184.51546580978544,0.010704064109902656,91.93317010364271
distributed,linear,0.0,3,0.0,0.0,0,0,12,0.9126938541068351,180.21297386954228,0.0126938541068351,89.99882550417082
distributed,linear,0.0,3,0.0,0.0,0,0,24,0.8837478311162522,179.09690038815052,0.01625216888374781,89.4281193996245
distributed,linear,0.0,3,0.0,0.0,0,0,48,0.9020527859237537,180.37481308589946,0.002052785923753686,89.8818789254163
distributed,linear,0.0,4,0.0,0.0,0,0,6,0.9107040641099027,184.51546580978544,0.010704064109902656,91.93317010364271
distributed,linear,0.0,4,0.0,0.0,0,0,12,0.9126938541068351,180.21297386954228,0.0126938541068351,89.99882550417082
distributed,linear,0.0,4,0.0,0.0,0,0,24,0.8837478311162522,179.09690038815052,0.01625216888374781,89.4281193996245
distributed,linear,0.0,4,0.0,0.0,0,0,48,0.9020527859237537,180.37481308589946,0.002052785923753686,89.8818789254163
distributed,linear,0.0,5,0.0,0.0,0,0,6,0.9107040641099027,184.51546580978544,0.010704064109902656,91.93317010364271
distributed,linear,0.0,5,0.0,0.0,0,0,12,0.9126938541068351,180.21297386954228,0.0126938541068351,89.99882550417082
distributed,linear,0.0,5,0.0,0.0,0,0,24,0.8837478311162522,179.09690038815052,0.01625216888374781,89.4281193996245
distributed,linear,0.0,5,0.0,0.0,0,0,48,0.9020527859237537,180.37481308589946,0.002052785923753686,89.8818789254163
distributed,linear,0.0,6,0.0,0.0,0,0,6,0.9107040641099027,184.51546580978544,0.010704064109902656,91.93317010364271
distributed,linear,0.0,6,0.0,0.0,0,0,12,0.9126938541068351,180.21297386954228,0.0126938541068351,89.99882550417082
distributed,linear,0.0,6,0.0,0.0,0,0,24,0.8837478311162522,179.09690038815052,0.01625216888374781,89.4281193996245
distributed,linear,0.0,6,0.0,0.0,0,0,48,0.9020527859237537,180.37481308589946,0.002052785923753686,89.8818789254163
distributed,linear,0.0,7,0.0,0.0,0,0,6,0.9107040641099027,184.51546580978544,0.010704064109902656,91.93317010364271
distributed,linear,0.0,7,0.0,0.0,0,0,12,0.9126938541068351,180.21297386954228,0.0126938541068351,89.99882550417082
distributed,linear,0.0,7,0.0,0.0,0,0,24,0.8837478311162522,179.09690038815052,0.01625216888374781,89.4281193996245
distributed,linear,0.0,7,0.0,0.0,0,0,48,0.9020527859237537,180.37481308589946,0.002052785923753686,89.8818789254163
distributed,linear,0.0,8,0.0,0.0,0,0,6,0.9107040641099027,184.51546580978544,0.010704064109902656,91.93317010364271
distributed,linear,0.0,8,0.0,0.0,0,0,12,0.9126938541068351,180.21297386954228,0.0126938541068351,89.99882550417082
distributed,linear,0.0,8,0.0,0.0,0,0,24,0.8837478311162522,179.09690038815052,0.01625216888374781,89.4281193996245
distributed,linear,0.0,8,0.0,0.0,0,0,48,0.9020527859237537,180.37481308589946,0.002052785923753686,89.8818789254163
distributed,linear,0.0,9,0.0,0.0,0,0,6,0.9107040641099027,184.51546580978544,0.010704064109902656,91.93317010364271
distributed,linear,0.0,9,0.0,0.0,0,0,12,0.9126938541068351,180.21297386954228,0.0126938541068351,89.99882550417082
distributed,linear,0.0,9,0.0,0.0,0,0,24,0.8837478311162522,179.09690038815052,0.01625216888374781,89.4281193996245
distributed,linear,0.0,9,0.0,0.0,0,0,48,0.9020527859237537,180.37481308589946,0.002052785923753686,89.8818789254163
distributed,linear,0.0,10,0.0,0.0,0,0,6,0.9107040641099027,184.51546580978544,0.010704064109902656,91.93317010364271
distributed,linear,0.0,10,0.0,0.0,0,0,12,0.9126938541068351,180.21297386954228,0.0126938541068351,89.99882550417082
distributed,linear,0.0,10,0.0,0.0,0,0,24,0.8837478311162522,179.09690038815052,0.01625216888374781,89.4281193996245
distributed,linear,0.0,10,0.0,0.0,0,0,48,0.9020527859237537,180.37481308589946,0.002052785923753686,89.8818789254163
distributed,linear,0.0,11,0.0,0.0,0,0,6,0.9107040641099027,184.51546580978544,0.010704064109902656,91.93317010364271
distributed,linear,0.0,11,0.0,0.0,0,0,12,0.9126938541068351,180.21297386954228,0.0126938541068351,89.99882550417082
distributed,linear,0.0,11,0.0,0.0,0,0,24,0.8837478311162522,179.09690038815052,0.01625216888374781,89.4281193996245
distributed,linear,0.0,11,0.0,0.0,0,0,48,0.9020527859237537,180.37481308589946,0.002052785923753686,89.8818789254163
distributed,linear,0.0,12,0.0,0.0,0,0,6,0.9107040641099027,184.51546580978544,0.010704064109902656,91.93317010364271
distributed,linear,0.0,12,0.0,0.0,0,0,12,0.9126938541068351,180.21297386954228,0.0126938541068351,89.99882550417082
distributed,linear,0.0,12,0.0,0.0,0,0,24,0.8837478311162522,179.09690038815052,0.01625216888374781,89.4281193996245
distributed,linear,0.0,12,0.0,0.0,0,0,48,0.9020527859237537,180.37481308589946,0.002052785923753686,89.8818789254163
distributed,linear,0.0,13,0.0,0.0,0,0,6,0.9107040641099027,184.51546580978544,0.010704064109902656,91.93317010364271
distributed,linear,0.0,13,0.0,0.0,0,0,12,0.9126938541068351,180.21297386954228,0.0126938541068351,89.99882550417082
distributed,linear,0.0,13,0.0,0.0,0,0,24,0.8837478311162522,179.09690038815052,0.01625216888374781,89.4281193996245
distributed,linear,0.0,13,0.0,0.0,0,0,48,0.9020527859237537,180.37481308589946,0.002052785923753686,89.8818789254163
distributed,linear,0.0,14,0.0,0.0,0,0,6,0.9107040641099027,184.51546580978544,0.010704064109902656,91.93317010364271
distributed,linear,0.0,14,0.0,0.0,0,0,12,0.9126938541068351,180.21297386954228,0.0126938541068351,89.99882550417082
distributed,linear,0.0,14,0.0,0.0,0,0,24,0.8837478311162522,179.09690038815052,0.01625216888374781,89.4281193996245
distributed,linear,0.0,14,0.0,0.0,0,0,48,0.9020527859237537,180.37481308589946,0.002052785923753686,89.8818789254163
distributed,linear,0.0,15,0.0,0.0,0,0,6,0.9107040641099027,184.51546580978544,0.010704064109902656,91.93317010364271
distributed,linear,0.0,15,0.0,0.0,0,0,12,0.9126938541068351,180.21297386954228,0.0126938541068351,89.99882550417082
distributed,linear,0.0,15,0.0,0.0,0,0,24,0.8837478311162522,179.09690038815052,0.01625216888374781,89.4281193996245
distributed,linear,0.0,15,0.0,0.0,0,0,48,0.9020527859237537,180.37481308589946,0.002052785923753686,89.8818789254163
distributed,linear,0.0,16,0.0,0.0,0,0,6,0.9107040641099027,184.51546580978544,0.010704064109902656,91.93317010364271
distributed,linear,0.0,16,0.0,0.0,0,0,12,0.9126938541068351,180.21297386954228,0.0126938541068351,89.99882550417082
distributed,linear,0.0,16,0.0,0.0,0,0,24,0.8837478311162522,179.09690038815052,0.01625216888374781,89.4281193996245
distributed,linear,0.0,16,0.0,0.0,0,0,48,0.9020527859237537,180.37481308589946,0.002052785923753686,89.8818789254163
distributed,linear,0.0,17,0.0,0.0,0,0,6,0.9107040641099027,184.51546580978544,0.010704064109902656,91.93317010364271
distributed,linear,0.0,17,0.0,0.0,0,0,12,0.9126938541068351,180.21297386954228,0.0126938541068351,89.99882550417082
distributed,linear,0.0,17,0.0,0.0,0,0,24,0.8837478311162522,179.09690038815052,0.01625216888374781,89.4281193996245
distributed,linear,0.0,17,0.0,0.0,0,0,48,0.9020527859237537,180.37481308589946,0.002052785923753686,89.8818789254163
distributed,linear,0.0,18,0.0,0.0,0,0,6,0.9107040641099027,184.51546580978544,0.010704064109902656,91.93317010364271
distributed,linear,0.0,18,0.0,0.0,0,0,12,0.9126938541068351,180.21297386954228,0.0126938541068351,89.99882550417082
distributed,linear,0.0,18,0.0,0.0,0,0,24,0.8837478311162522,179.09690038815052,0.01625216888374781,89.4281193996245
distributed,linear,0.0,18,0.0,0.0,0,0,48,0.9020527859237537,180.37481308589946,0.002052785923753686,89.8818789254163
distributed,linear,0.0,19,0.0,0.0,0,0,6,0.9107040641099027,184.51546580978544,0.010704064109902656,91.93317010364271
distributed,linear,0.0,19,0.0,0.0,0,0,12,0.9126938541068351,180.21297386954228,0.0126938541068351,89.99882550417082
distributed,linear,0.0,19,0.0,0.0,0,0,24,0.8837478311162522,179.09690038815052,0.01625216888374781,89.4281193996245
distributed,linear,0.0,19,0.0,0.0,0,0,48,0.9020527859237537,180.37481308589946,0.002052785923753686,89.8818789254163
distributed,linear,0.1,0,0.1,0.09988584474885845,175,175,6,0.9055523755008587,182.05095912416314,0.005552375500858631,90.47505728967253
distributed,linear,0.1,0,0.1,0.09988584474885845,175,175,12,0.9040781160252729,176.65760908123542,0.00407811602527286,88.20472073049294
distributed,linear,0.1,0,0.1,0.09988584474885845,175,175,24,0.8831694621168306,178.90305915012408,0.01683053788316946,89.3585599288588
distributed,linear,0.1,0,0.1,0.09988584474885845,175,175,48,0.9079178885630499,183.6171729389245,0.007917888563049869,91.80858646946226
distributed,linear,0.1,1,0.1,0.09988584474885845,175,175,6,0.9026903262736119,180.23681554474763,0.002690326273611876,90.06375779892777
distributed,linear,0.1,1,0.1,0.09988584474885845,175,175,12,0.9075244112578977,178.29671941984947,0.007524411257897712,89.13495543596197
distributed,linear,0.1,1,0.1,0.09988584474885845,175,175,24,0.8785425101214575,177.50785031802673,0.02145748987854257,87.46339324409723
distributed,linear,0.1,1,0.1,0.09988584474885845,175,175,48,0.9137829912023461,186.7112532740312,0.013782991202346051,92.98430826708169
distributed,linear,0.1,2,0.1,0.09988584474885845,175,175,6,0.9055523755008587,182.23241348235695,0.005552375500858631,90.92859318452642
distributed,linear,0.1,2,0.1,0.09988584474885845,175,175,12,0.9012062033314188,175.73155056480158,0.0012062033314187426,87.75940099346371
distributed,linear,0.1,2,0.1,0.09988584474885845,175,175,24,0.8820127241179873,178.52078369390023,0.017987275882012765,88.68228324801886
distributed,linear,0.1,2,0.1,0.09988584474885845,175,175,48,0.9020527859237537,181.0608802429881,0.002052785923753686,90.23457168327396
distributed,linear,0.1,3,0.1,0.09988584474885845,175,175,6,0.8952489982827705,177.73133245562218,0.0047510017172295305,88.7405481846555
distributed,linear,0.1,3,0.1,0.09988584474885845,175,175,12,0.9017805858701895,175.99531266989408,0.0017805858701894772,87.97822155818993
distributed,linear,0.1,3,0.1,0.09988584474885845,175,175,24,0.8820127241179873,178.54500825699492,0.017987275882012765,89.10402992018886
distributed,linear,0.1,3,0.1,0.09988584474885845,175,175,48,0.9096774193548387,184.5389656973164,0.009677419354838679,92.17210606681768
distributed,linear,0.1,4,0.1,0.09988584474885845,175,175,6,0.9026903262736119,180.01902338182524,0.002690326273611876,89.7998034950283
distributed,linear,0.1,4,0.1,0.09988584474885845,175,175,12,0.9000574382538771,175.00129683978508,5.743825387705126e-05,87.32762291444672
distributed,linear,0.1,4,0.1,0.09988584474885845,175,175,24,0.8704453441295547,171.41156785471813,0.029554655870445368,85.31899111834066
distributed,linear,0.1,4,0.1,0.09988584474885845,175,175,48,0.8944281524926686,177.9532952078951,0.005571847507331418,88.65732679896308
distributed,linear,0.1,5,0.1,0.09988584474885845,175,175,6,0.9026903262736119,180.1447586653178,0.002690326273611876,90.03232397805462
distributed,linear,0.1,5,0.1,0.09988584474885845,175,175,12,0.9075244112578977,178.2631516464042,0.007524411257897712,89.0835898687479
distributed,linear,0.1,5,0.1,0.09988584474885845,175,175,24,0.8739155581260845,174.1558833437421,0.026084441873915565,86.38316057741497
distributed,linear,0.1,5,0.1,0.09988584474885845,175,175,48,0.8897360703812317,175.456117529061,0.01026392961876832,87.70270756248645
distributed,linear,0.1,6,0.1,0.09988584474885845,175,175,6,0.9026903262736119,180.01902338182524,0.002690326273611876,89.75248420614957
distributed,linear,0.1,6,0.1,0.09988584474885845,175,175,12,0.9017805858701895,175.9521242771005,0.0017805858701894772,87.87680396801575
distributed,linear,0.1,6,0.1,0.09988584474885845,175,175,24,0.8710237131289763,172.10367790488255,0.028976286871023715,85.77814314432904
distributed,linear,0.1,6,0.1,0.09988584474885845,175,175,48,0.8897360703812317,175.456117529061,0.01026392961876832,87.70270756248645
distributed,linear,0.1,7,0.1,0.09988584474885845,175,175,6,0.9026903262736119,180.11027253039327,0.002690326273611876,89.90293161426803
distributed,linear,0.1,7,0.1,0.09988584474885845,175,175,12,0.9075244112578977,178.29671941984947,0.007524411257897712,89.13495543596197
distributed,linear,0.1,7,0.1,0.09988584474885845,175,175,24,0.8831694621168306,178.83617293458826,0.01683053788316946,89.29241580027531
distributed,linear,0.1,7,0.1,0.09988584474885845,175,175,48,0.9008797653958944,179.6340998481167,0.0008797653958944052,89.67277611501554
distributed,linear,0.1,8,0.1,0.09988584474885845,175,175,6,0.9055523755008587,182.05095912416314,0.005552375500858631,90.80541808572133
distributed,linear,0.1,8,0.1,0.09988584474885845,175,175,12,0.9046524985640436,177.11625710089777,0.0046524985640435945,88.49833801574614
distributed,linear,0.1,8,0.1,0.09988584474885845,175,175,24,0.8710237131289763,172.10367790488255,0.028976286871023715,85.80157485400646
distributed,linear,0.1,8,0.1,0.09988584474885845,175,175,48,0.8885630498533724,174.40054403096275,0.0114369501466276,86.74681846638529
distributed,linear,0.1,9,0.1,0.09988584474885845,175,175,6,0.9055523755008587,182.23241348235695,0.005552375500858631,90.92859318452642
distributed,linear,0.1,9,0.1,0.09988584474885845,175,175,12,0.9075244112578977,178.2631516464042,0.007524411257897712,89.0835898687479
distributed,linear,0.1,9,0.1,0.09988584474885845,175,175,24,0.8756506651243493,174.47213745484652,0.02434933487565072,86.72196761613452
distributed,linear,0.1,9,0.1,0.09988584474885845,175,175,48,0.8932551319648094,176.6384501130189,0.006744868035190588,88.07357292451105
distributed,linear,0.1,10,0.1,0.09988584474885845,175,175,6,0.9015455065827133,179.40342591973197,0.0015455065827132408,89.62895330289673
distributed,linear,0.1,10,0.1,0.09988584474885845,175,175,12,0.9046524985640436,176.98338924600276,0.0046524985640435945,88.475025381947
distributed,linear,0.1,10,0.1,0.09988584474885845,175,175,24,0.8692886061307113,170.8898670095377,0.030711393869288672,85.20236018535886
distributed,linear,0.1,10,0.1,0.09988584474885845,175,175,48,0.8944281524926686,177.9532952078951,0.005571847507331418,88.83360341476128
distributed,linear,0.1,11,0.1,0.09988584474885845,175,175,6,0.9026903262736119,180.11027253039327,0.002690326273611876,89.90638357167288
distributed,linear,0.1,11,0.1,0.09988584474885845,175,175,12,0.9046524985640436,176.98338924600276,0.0046524985640435945,88.475025381947
distributed,linear,0.1,11,0.1,0.09988584474885845,175,175,24,0.8739155581260845,174.0123047496266,0.026084441873915565,86.458655537749
distributed,linear,0.1,11,0.1,0.09988584474885845,175,175,48,0.9008797653958944,179.74088699511253,0.0008797653958944052,89.78567973981339
distributed,linear,0.1,12,0.1,0.09988584474885845,175,175,6,0.9015455065827133,179.38747365890123,0.0015455065827132408,89.21491800207697
distributed,linear,0.1,12,0.1,0.09988584474885845,175,175,12,0.9017805858701895,175.99531266989408,0.0017805858701894772,87.77258909871836
distributed,linear,0.1,12,0.1,0.09988584474885845,175,175,24,0.8779641411220359,177.27533599417887,0.02203585887796411,87.61515199284757
distributed,linear,0.1,12,0.1,0.09988584474885845,175,175,48,0.8897360703812317,175.36974378526173,0.01026392961876832,87.2128185364945
distributed,linear,0.1,13,0.1,0.09988584474885845,175,175,6,0.9026903262736119,180.11027253039327,0.002690326273611876,89.90293161426803
distributed,linear,0.1,13,0.1,0.09988584474885845,175,175,12,0.9046524985640436,177.11625710089777,0.0046524985640435945,88.48166877469177
distributed,linear,0.1,13,0.1,0.09988584474885845,175,175,24,0.8710237131289763,172.10367790488255,0.028976286871023715,85.80157485400646
distributed,linear,0.1,13,0.1,0.09988584474885845,175,175,48,0.8885630498533724,174.8542527476476,0.0114369501466276,87.30176073674264
distributed,linear,0.1,14,0.1,0.09988584474885845,175,175,6,0.9055523755008587,182.05095912416314,0.005552375500858631,90.80541808572133
distributed,linear,0.1,14,0.1,0.09988584474885845,175,175,12,0.9069500287191269,177.9958316995383,0.006950028719126866,88.60210728038098
distributed,linear,0.1,14,0.1,0.09988584474885845,175,175,24,0.8831694621168306,178.83617293458826,0.01683053788316946,89.27325341867774
distributed,linear,0.1,14,0.1,0.09988584474885845,175,175,48,0.8909090909090909,175.53591996627745,0.00909090909090915,87.72156847547012
distributed,linear,0.1,15,0.1,0.09988584474885845,175,175,6,0.9026903262736119,180.1447586653178,0.002690326273611876,90.03232397805462
distributed,linear,0.1,15,0.1,0.09988584474885845,175,175,12,0.9075244112578977,178.26693214437665,0.007524411257897712,89.13176484810072
distributed,linear,0.1,15,0.1,0.09988584474885845,175,175,24,0.871602082128398,172.72103388534373,0.028397917871602063,86.17146119335204
distributed,linear,0.1,15,0.1,0.09988584474885845,175,175,48,0.8897360703812317,175.41284893532514,0.01026392961876832,87.69128591640879
distributed,linear,0.1,16,0.1,0.09988584474885845,175,175,6,0.9026903262736119,180.23681554474763,0.002690326273611876,90.04094551178576
distributed,linear,0.1,16,0.1,0.09988584474885845,175,175,12,0.9046524985640436,176.98338924600276,0.0046524985640435945,88.475025381947
distributed,linear,0.1,16,0.1,0.09988584474885845,175,175,24,0.8727588201272412,172.87199145029777,0.02724117987275887,86.23405339821092
distributed,linear,0.1,16,0.1,0.09988584474885845,175,175,48,0.8879765395894428,174.08876590054666,0.01202346041055724,86.95975593224024
distributed,linear,0.1,17,0.1,0.09988584474885845,175,175,6,0.9026903262736119,180.1447586653178,0.002690326273611876,90.03232397805462
distributed,linear,0.1,17,0.1,0.09988584474885845,175,175,12,0.9075244112578977,178.2631516464042,0.007524411257897712,89.0835898687479
distributed,linear,0.1,17,0.1,0.09988584474885845,175,175,24,0.8889531521110469,181.15317235644858,0.01104684788895316,90.26095840164142
distributed,linear,0.1,17,0.1,0.09988584474885845,175,175,48,0.9073313782991203,183.02080808045093,0.007331378299120228,91.26440235088448
distributed,linear,0.1,18,0.1,0.09988584474885845,175,175,6,0.8935317687464225,176.8784804486046,0.006468231253577539,88.16104624822083
distributed,linear,0.1,18,0.1,0.09988584474885845,175,175,12,0.9040781160252729,176.65760908123542,0.00407811602527286,88.20472073049294
distributed,linear,0.1,18,0.1,0.09988584474885845,175,175,24,0.8704453441295547,171.44584812652067,0.029554655870445368,85.5231886315459
distributed,linear,0.1,18,0.1,0.09988584474885845,175,175,48,0.8897360703812317,175.41284893532514,0.01026392961876832,87.69128591640879
distributed,linear,0.1,19,0.1,0.09988584474885845,175,175,6,0.9015455065827133,179.1283395526857,0.0015455065827132408,89.14389669453857
distributed,linear,0.1,19,0.1,0.09988584474885845,175,175,12,0.9075244112578977,178.1565161920615,0.007524411257897712,89.00595007439532
distributed,linear,0.1,19,0.1,0.09988584474885845,175,175,24,0.8710237131289763,172.10367790488255,0.028976286871023715,85.89422567069192
distributed,linear,0.1,19,0.1,0.09988584474885845,175,175,48,0.8932551319648094,176.68796026644003,0.006744868035190588,88.10169068631714
distributed,linear,0.2,0,0.2,0.1997716894977169,350,350,6,0.8929593589009731,176.23690086990163,0.007040641099026912,87.81490202835073
distributed,linear,0.2,0,0.2,0.1997716894977169,350,350,12,0.890867317633544,170.833776302444,0.009132682366456035,85.22753854736233
distributed,linear,0.2,0,0.2,0.1997716894977169,350,350,24,0.8768074031231926,175.98763423267326,0.023192596876807414,86.458655537749
distributed,linear,0.2,0,0.2,0.1997716894977169,350,350,48,0.9173020527859238,187.25331846776504,0.017302052785923783,93.52163798585595
distributed,linear,0.2,1,0.2,0.1997716894977169,350,350,6,0.8918145392100744,174.97100083774765,0.008185460789925658,87.41954887109037
distributed,linear,0.2,1,0.2,0.1997716894977169,350,350,12,0.8983342906375646,173.46487218970577,0.0016657093624353747,86.46724110878907
distributed,linear,0.2,1,0.2,0.1997716894977169,350,350,24,0.8663967611336032,169.53976754309775,0.03360323886639682,84.74623170368477
distributed,linear,0.2,1,0.2,0.1997716894977169,350,350,48,0.8768328445747801,169.83697989483568,0.023167155425219965,84.64813520341013
distributed,linear,0.2,2,0.2,0.1997716894977169,350,350,6,0.8929593589009731,176.23690086990163,0.007040641099026912,87.89453606163792
distributed,linear,0.2,2,0.2,0.1997716894977169,350,350,12,0.9000574382538771,175.00129683978508,5.743825387705126e-05,87.25436119615541
distributed,linear,0.2,2,0.2,0.1997716894977169,350,350,24,0.8831694621168306,178.83617293458826,0.01683053788316946,89.29066745652132
distributed,linear,0.2,2,0.2,0.1997716894977169,350,350,48,0.9020527859237537,180.37481308589946,0.002052785923753686,89.85442542550689
distributed,linear,0.2,3,0.2,0.1997716894977169,350,350,6,0.8918145392100744,174.82631859327657,0.008185460789925658,87.32095242118655
distributed,linear,0.2,3,0.2,0.1997716894977169,350,350,12,0.8994830557151062,174.0249645983826,0.0005169442848937944,86.85707574469865
distributed,linear,0.2,3,0.2,0.1997716894977169,350,350,24,0.871602082128398,172.72103388534373,0.028397917871602063,86.17146119335204
distributed,linear,0.2,3,0.2,0.1997716894977169,350,350,48,0.9073313782991203,183.02080808045093,0.007331378299120228,91.20844330171556
distributed,linear,0.2,4,0.2,0.1997716894977169,350,350,6,0.886090440755581,172.33162770075467,0.013909559244419056,85.83490978258376
distributed,linear,0.2,4,0.2,0.1997716894977169,350,350,12,0.8868466398621482,167.81690649871095,0.013153360137851844,83.6996881640367
distributed,linear,0.2,4,0.2,0.1997716894977169,350,350,24,0.8617698091382302,166.19070304343765,0.03823019086176982,83.03668158951868
distributed,linear,0.2,4,0.2,0.1997716894977169,350,350,48,0.8797653958944281,170.91344551859697,0.020234604105571874,85.26126718183535
distributed,linear,0.2,5,0.2,0.1997716894977169,350,350,6,0.886090440755581,172.33162770075467,0.013909559244419056,85.83490978258376
distributed,linear,0.2,5,0.2,0.1997716894977169,350,350,12,0.8989086731763355,173.67961669950998,0.001091326823664529,86.77231508534318
distributed,linear,0.2,5,0.2,0.1997716894977169,350,350,24,0.8663967611336032,169.53976754309775,0.03360323886639682,84.72602984954912
distributed,linear,0.2,5,0.2,0.1997716894977169,350,350,48,0.8850439882697947,171.69047844417042,0.014956011730205332,85.74733563979419
distributed,linear,0.2,6,0.2,0.1997716894977169,350,350,6,0.8918145392100744,174.72490719797202,0.008185460789925658,87.27587025876804
distributed,linear,0.2,6,0.2,0.1997716894977169,350,350,12,0.893739230327398,171.5993838941177,0.006260769672602029,84.83953573787197
distributed,linear,0.2,6,0.2,0.1997716894977169,350,350,24,0.863504916136495,167.68182306445348,0.03649508386350497,83.47570963956551
distributed,linear,0.2,6,0.2,0.1997716894977169,350,350,48,0.8797653958944281,170.91344551859697,0.020234604105571874,85.26126718183535
distributed,linear,0.2,7,0.2,0.1997716894977169,350,350,6,0.8918145392100744,174.85187689108494,0.008185460789925658,87.38780644781215
distributed,linear,0.2,7,0.2,0.1997716894977169,350,350,12,0.8977599080987938,172.4833913296613,0.0022400919012062204,86.06950189942187
distributed,linear,0.2,7,0.2,0.1997716894977169,350,350,24,0.86524002313476,168.6564025906236,0.034759976865240017,84.23938808121791
distributed,linear,0.2,7,0.2,0.1997716894977169,350,350,48,0.8768328445747801,169.8684761775629,0.023167155425219965,84.75222105728788
distributed,linear,0.2,8,0.2,0.1997716894977169,350,350,6,0.8929593589009731,176.3093371637167,0.007040641099026912,87.98057359427341
distributed,linear,0.2,8,0.2,0.1997716894977169,350,350,12,0.8966111430212521,172.24118431211292,0.0033888569787479117,86.05739154854443
distributed,linear,0.2,8,0.2,0.1997716894977169,350,350,24,0.86524002313476,168.62135063056763,0.034759976865240017,84.222440185555
distributed,linear,0.2,8,0.2,0.1997716894977169,350,350,48,0.8780058651026393,170.1770021757909,0.021994134897360684,84.91351332709831
distributed,linear,0.2,9,0.2,0.1997716894977169,350,350,6,0.9009730967372639,178.84425432253207,0.0009730967372638677,88.76013915660809
distributed,linear,0.2,9,0.2,0.1997716894977169,350,350,12,0.9017805858701895,175.9521242771005,0.0017805858701894772,87.87680396801575
distributed,linear,0.2,9,0.2,0.1997716894977169,350,350,24,0.8779641411220359,177.10394003984337,0.02203585887796411,87.46339324409723
distributed,linear,0.2,9,0.2,0.1997716894977169,350,350,48,0.8991202346041056,179.4249652864836,0.0008797653958944052,89.51224124732055
distributed,linear,0.2,10,0.2,0.1997716894977169,350,350,6,0.8912421293646251,174.54457854829798,0.00875787063537492,86.98201622903491
distributed,linear,0.2,10,0.2,0.1997716894977169,350,350,12,0.8994830557151062,174.03224247663775,0.0005169442848937944,87.01284619310407
distributed,linear,0.2,10,0.2,0.1997716894977169,350,350,24,0.8640832851359167,168.10933464151373,0.03591671486408332,83.9690824404529
distributed,linear,0.2,10,0.2,0.1997716894977169,350,350,48,0.8868035190615836,173.4211585327545,0.01319648093841641,86.55528566508553
distributed,linear,0.2,11,0.2,0.1997716894977169,350,350,6,0.8923869490555237,175.68539350719203,0.007613050944476285,87.41954887109037
distributed,linear,0.2,11,0.2,0.1997716894977169,350,350,12,0.8977599080987938,172.4833913296613,0.0022400919012062204,86.1327025069339
distributed,linear,0.2,11,0.2,0.1997716894977169,350,350,24,0.8669751301330249,170.12459182817219,0.03302486986697517,84.79859906017477
distributed,linear,0.2,11,0.2,0.1997716894977169,350,350,48,0.8932551319648094,176.68796026644003,0.006744868035190588,88.16113873836672
distributed,linear,0.2,12,0.2,0.1997716894977169,350,350,6,0.8918145392100744,174.97100083774765,0.008185460789925658,87.41954887109037
distributed,linear,0.2,12,0.2,0.1997716894977169,350,350,12,0.9000574382538771,174.86423128864678,5.743825387705126e-05,87.32076963688979
distributed,linear,0.2,12,0.2,0.1997716894977169,350,350,24,0.8704453441295547,171.68527008667547,0.029554655870445368,85.77814314432904
distributed,linear,0.2,12,0.2,0.1997716894977169,350,350,48,0.8897360703812317,175.41284893532514,0.01026392961876832,87.69128591640879
distributed,linear,0.2,13,0.2,0.1997716894977169,350,350,6,0.8866628506010303,172.6742574253554,0.013337149398969683,86.24307790852562
distributed,linear,0.2,13,0.2,0.1997716894977169,350,350,12,0.8902929350947731,170.412999404978,0.009707064905226881,84.91934871411435
distributed,linear,0.2,13,0.2,0.1997716894977169,350,350,24,0.8629265471370735,166.94046026144724,0.037073452862926515,83.25246242111069
distributed,linear,0.2,13,0.2,0.1997716894977169,350,350,48,0.886217008797654,172.02564234944535,0.013782991202346051,85.82802801156011
distributed,linear,0.2,14,0.2,0.1997716894977169,350,350,6,0.8866628506010303,172.51601098704305,0.013337149398969683,86.22534963505048
distributed,linear,0.2,14,0.2,0.1997716894977169,350,350,12,0.8966111430212521,172.24118431211292,0.0033888569787479117,86.05739154854443
distributed,linear,0.2,14,0.2,0.1997716894977169,350,350,24,0.863504916136495,167.68182306445348,0.03649508386350497,83.30490570054363
distributed,linear,0.2,14,0.2,0.1997716894977169,350,350,48,0.8715542521994135,168.19797802997806,0.028445747800586507,83.91147343207768
distributed,linear,0.2,15,0.2,0.1997716894977169,350,350,6,0.8912421293646251,174.34294414567657,0.00875787063537492,86.48885709130343
distributed,linear,0.2,15,0.2,0.1997716894977169,350,350,12,0.8977599080987938,172.4833913296613,0.0022400919012062204,86.1327025069339
distributed,linear,0.2,15,0.2,0.1997716894977169,350,350,24,0.8629265471370735,167.58526110452243,0.037073452862926515,83.37002089407476
distributed,linear,0.2,15,0.2,0.1997716894977169,350,350,48,0.8727272727272727,168.5603119663304,0.027272727272727337,84.09021719025019
distributed,linear,0.2,16,0.2,0.1997716894977169,350,350,6,0.8889524899828277,173.28117093985833,0.011047510017172302,86.29756710309961
distributed,linear,0.2,16,0.2,0.1997716894977169,350,350,12,0.8960367604824814,172.10073851764173,0.003963239517518646,86.04182691743532
distributed,linear,0.2,16,0.2,0.1997716894977169,350,350,24,0.8617698091382302,166.19070304343765,0.03823019086176982,83.07936342907826
distributed,linear,0.2,16,0.2,0.1997716894977169,350,350,48,0.8686217008797654,167.47139626471952,0.0313782991202346,83.60134270806005
distributed,linear,0.2,17,0.2,0.1997716894977169,350,350,6,0.8918145392100744,174.82631859327657,0.008185460789925658,87.32095242118655
distributed,linear,0.2,17,0.2,0.1997716894977169,350,350,12,0.8885697874784606,169.20918006769375,0.011430212521539418,84.32352587084132
distributed,linear,0.2,17,0.2,0.1997716894977169,350,350,24,0.8773857721226143,176.32830998912726,0.022614227877385762,87.46339324409723
distributed,linear,0.2,17,0.2,0.1997716894977169,350,350,48,0.9008797653958944,179.7716171982586,0.0008797653958944052,89.8720298299937
distributed,linear,0.2,18,0.2,0.1997716894977169,350,350,6,0.8706353749284488,165.50856302020154,0.029364625071551242,82.34283304457622
distributed,linear,0.2,18,0.2,0.1997716894977169,350,350,12,0.8989086731763355,173.67961669950998,0.001091326823664529,86.77231508534318
distributed,linear,0.2,18,0.2,0.1997716894977169,350,350,24,0.86524002313476,168.62135063056763,0.034759976865240017,84.07646442502129
distributed,linear,0.2,18,0.2,0.1997716894977169,350,350,48,0.8909090909090909,175.58519467655597,0.00909090909090915,87.75598961755625
distributed,linear,0.2,19,0.2,0.1997716894977169,350,350,6,0.8918145392100744,174.82631859327657,0.008185460789925658,87.32095242118655
distributed,linear,0.2,19,0.2,0.1997716894977169,350,350,12,0.893739230327398,171.5993838941177,0.006260769672602029,84.97866793857142
distributed,linear,0.2,19,0.2,0.1997716894977169,350,350,24,0.8611914401388086,166.00808423354488,0.03880855986119147,82.75416005131743
distributed,linear,0.2,19,0.2,0.1997716894977169,350,350,48,0.8926686217008798,176.17724029441098,0.007331378299120228,87.76607020444324
distributed,linear,0.3,0,0.3,0.2996575342465753,525,525,6,0.8820835718374356,170.99523220980822,0.017916428162564446,84.74537616755978
distributed,linear,0.3,0,0.3,0.2996575342465753,525,525,12,0.8753589890867317,163.8634731686276,0.024641010913268313,81.91124688248638
distributed,linear,0.3,0,0.3,0.2996575342465753,525,525,24,0.8669751301330249,170.0762144764417,0.03302486986697517,84.79859906017477
distributed,linear,0.3,0,0.3,0.2996575342465753,525,525,48,0.9079178885630499,183.6171729389245,0.007917888563049869,91.80858646946226
distributed,linear,0.3,1,0.3,0.2996575342465753,525,525,6,0.8838008013737836,171.86559170671475,0.016199198626216438,85.61731990835713
distributed,linear,0.3,1,0.3,0.2996575342465753,525,525,12,0.8793796668581275,164.76085880590085,0.020620333141872504,82.30214868674567
distributed,linear,0.3,1,0.3,0.2996575342465753,525,525,24,0.86524002313476,168.6564025906236,0.034759976865240017,84.23938808121791
distributed,linear,0.3,1,0.3,0.2996575342465753,525,525,48,0.8868035190615836,172.7958886684356,0.01319648093841641,86.31641139675467
distributed,linear,0.3,2,0.3,0.2996575342465753,525,525,6,0.8689181453921008,164.90276837216845,0.03108185460789925,82.24161641983005
distributed,linear,0.3,2,0.3,0.2996575342465753,525,525,12,0.8730614589316484,162.88320747774685,0.026938541068351585,81.29344591315092
distributed,linear,0.3,2,0.3,0.2996575342465753,525,525,24,0.863504916136495,167.68182306445348,0.03649508386350497,83.57973577781597
distributed,linear,0.3,2,0.3,0.2996575342465753,525,525,48,0.8885630498533724,174.455955358341,0.0114369501466276,87.15921358990751
distributed,linear,0.3,3,0.3,0.2996575342465753,525,525,6,0.8740698340011448,168.17099859587645,0.025930165998855226,83.82386106758615
distributed,linear,0.3,3,0.3,0.2996575342465753,525,525,12,0.8816771970132108,165.6969537474967,0.018322802986789233,82.77491768961674
distributed,linear,0.3,3,0.3,0.2996575342465753,525,525,24,0.8663967611336032,169.53976754309775,0.03360323886639682,84.44546050205516
distributed,linear,0.3,3,0.3,0.2996575342465753,525,525,48,0.9161290322580645,187.15961667691087,0.016129032258064502,92.99891909068421
distributed,linear,0.3,4,0.3,0.2996575342465753,525,525,6,0.8666285060103034,163.8873680171307,0.03337149398969663,81.76262602453596
distributed,linear,0.3,4,0.3,0.2996575342465753,525,525,12,0.8724870763928777,161.7762924243748,0.02751292360712232,80.72895262755623
distributed,linear,0.3,4,0.3,0.2996575342465753,525,525,24,0.8611914401388086,165.86886792485197,0.03880855986119147,82.56227407663853
distributed,linear,0.3,4,0.3,0.2996575342465753,525,525,48,0.8879765395894428,173.8854013656654,0.01202346041055724,86.80330266444783
distributed,linear,0.3,5,0.3,0.2996575342465753,525,525,6,0.866056096164854,163.48783810474862,0.033943903835146005,81.64556508655879
distributed,linear,0.3,5,0.3,0.2996575342465753,525,525,12,0.8753589890867317,163.8634731686276,0.024641010913268313,81.91124688248638
distributed,linear,0.3,5,0.3,0.2996575342465753,525,525,24,0.8617698091382302,166.223127067291,0.03823019086176982,83.04197674002654
distributed,linear,0.3,5,0.3,0.2996575342465753,525,525,48,0.8592375366568915,163.9472706217931,0.04076246334310851,81.96941924830753
distributed,linear,0.3,6,0.3,0.2996575342465753,525,525,6,0.86949055523755,165.0979398458888,0.03050944476244999,82.39996493608703
distributed,linear,0.3,6,0.3,0.2996575342465753,525,525,12,0.8730614589316484,162.92294119194352,0.026938541068351585,81.44359042458326
distributed,linear,0.3,6,0.3,0.2996575342465753,525,525,24,0.8582995951417004,164.64143717362313,0.04170040485829962,82.1929372459557
distributed,linear,0.3,6,0.3,0.2996575342465753,525,525,48,0.8598240469208212,164.13839814048993,0.04017595307917887,82.0194381221777
distributed,linear,0.3,7,0.3,0.2996575342465753,525,525,6,0.8460217515741271,158.24795906293878,0.053978248425872954,78.93251366936536
distributed,linear,0.3,7,0.3,0.2996575342465753,525,525,12,0.871338311315336,161.17600845603516,0.02866168868466401,80.57844906246257
distributed,linear,0.3,7,0.3,0.2996575342465753,525,525,24,0.843262001156738,160.58549726634436,0.05673799884326203,80.13226884204285
distributed,linear,0.3,7,0.3,0.2996575342465753,525,525,48,0.8574780058651026,163.30228199693533,0.042521994134897434,81.21908453645194
distributed,linear,0.3,8,0.3,0.2996575342465753,525,525,6,0.867773325701202,164.292224873195,0.032226674298798,82.05070787232117
distributed,linear,0.3,8,0.3,0.2996575342465753,525,525,12,0.8724870763928777,162.09967356009042,0.02751292360712232,80.90431526897319
distributed,linear,0.3,8,0.3,0.2996575342465753,525,525,24,0.8582995951417004,164.64143717362313,0.04170040485829962,82.0694098065269
distributed,linear,0.3,8,0.3,0.2996575342465753,525,525,48,0.8586510263929619,163.71772806821292,0.04134897360703815,81.73739011328558
distributed,linear,0.3,9,0.3,0.2996575342465753,525,525,6,0.8689181453921008,164.67424080612523,0.03108185460789925,82.14490581328496
distributed,linear,0.3,9,0.3,0.2996575342465753,525,525,12,0.8724870763928777,162.0351024023994,0.02751292360712232,80.96656255624772
distributed,linear,0.3,9,0.3,0.2996575342465753,525,525,24,0.8646616541353384,168.41767281895076,0.03533834586466167,83.9369729097359
distributed,linear,0.3,9,0.3,0.2996575342465753,525,525,48,0.8868035190615836,172.96099735834082,0.01319648093841641,86.30491987424304
distributed,linear,0.3,10,0.3,0.2996575342465753,525,525,6,0.8689181453921008,164.67424080612523,0.03108185460789925,82.09143100374911
distributed,linear,0.3,10,0.3,0.2996575342465753,525,525,12,0.8759333716255026,163.95048743043034,0.024066628374497467,81.95554908321567
distributed,linear,0.3,10,0.3,0.2996575342465753,525,525,24,0.8530942741469058,163.37635848574274,0.04690572585309427,81.5453367729061
distributed,linear,0.3,10,0.3,0.2996575342465753,525,525,48,0.8633431085043989,164.9041875077282,0.03665689149560114,82.26918457196311
distributed,linear,0.3,11,0.3,0.2996575342465753,525,525,6,0.8706353749284488,165.4953206925352,0.029364625071551242,82.39996493608703
distributed,linear,0.3,11,0.3,0.2996575342465753,525,525,12,0.8730614589316484,162.55656448125757,0.026938541068351585,81.27711376332644
distributed,linear,0.3,11,0.3,0.2996575342465753,525,525,24,0.8571428571428571,164.38576512631602,0.04285714285714293,82.05182144513672
distributed,linear,0.3,11,0.3,0.2996575342465753,525,525,48,0.864516129032258,165.04843227042306,0.03548387096774197,82.33722534877838
distributed,linear,0.3,12,0.3,0.2996575342465753,525,525,6,0.8689181453921008,164.90276837216845,0.03108185460789925,82.34283304457622
distributed,linear,0.3,12,0.3,0.2996575342465753,525,525,12,0.8759333716255026,163.90672158154257,0.024066628374497467,81.93389900495954
distributed,linear,0.3,12,0.3,0.2996575342465753,525,525,24,0.8629265471370735,166.97699032039318,0.037073452862926515,83.30490570054363
distributed,linear,0.3,12,0.3,0.2996575342465753,525,525,48,0.8715542521994135,168.19797802997806,0.028445747800586507,84.0619539690941
distributed,linear,0.3,13,0.3,0.2996575342465753,525,525,6,0.8723526044647968,166.71898888488266,0.027647395535203234,83.06685978220544
distributed,linear,0.3,13,0.3,0.2996575342465753,525,525,12,0.8730614589316484,162.73694614498362,0.026938541068351585,81.2873013238151
distributed,linear,0.3,13,0.3,0.2996575342465753,525,525,24,0.858877964141122,165.02629753008196,0.04112203585887797,82.33318916326755
distributed,linear,0.3,13,0.3,0.2996575342465753,525,525,48,0.8674486803519061,166.7414013008076,0.03255131964809388,83.22199997292873
distributed,linear,0.3,14,0.3,0.2996575342465753,525,525,6,0.8517458500286205,159.46286751079126,0.048254149971379556,79.5261703520818
distributed,linear,0.3,14,0.3,0.2996575342465753,525,525,12,0.867892016082711,159.95185269071217,0.032107983917288974,79.9566256401604
distributed,linear,0.3,14,0.3,0.2996575342465753,525,525,24,0.8409485251590515,159.32088303472915,0.059051474840948526,79.41907048125296
distributed,linear,0.3,14,0.3,0.2996575342465753,525,525,48,0.8480938416422288,158.92341869448902,0.05190615835777124,79.27104030051598
distributed,linear,0.3,15,0.3,0.2996575342465753,525,525,6,0.8654836863194046,163.33289255973364,0.03451631368059538,81.64556508655879
distributed,linear,0.3,15,0.3,0.2996575342465753,525,525,12,0.8724870763928777,162.09967356009042,0.02751292360712232,81.02077975908425
distributed,linear,0.3,15,0.3,0.2996575342465753,525,525,24,0.8415268941584731,159.97268076971176,0.05847310584152687,79.5583862316841
distributed,linear,0.3,15,0.3,0.2996575342465753,525,525,48,0.853958944281525,161.17984609295615,0.046041055718475055,80.18199182094283
distributed,linear,0.3,16,0.3,0.2996575342465753,525,525,6,0.8666285060103034,163.8873680171307,0.03337149398969663,81.70046803775352
distributed,linear,0.3,16,0.3,0.2996575342465753,525,525,12,0.8730614589316484,162.55656448125757,0.026938541068351585,81.27711376332644
distributed,linear,0.3,16,0.3,0.2996575342465753,525,525,24,0.8484673221515326,161.41373564175086,0.05153267784846738,80.62169611767696
distributed,linear,0.3,16,0.3,0.2996575342465753,525,525,48,0.8580645161290322,163.49164025889257,0.041935483870967794,81.73739011328558
distributed,linear,0.3,17,0.3,0.2996575342465753,525,525,6,0.86949055523755,165.0979398458888,0.03050944476244999,82.50730624232561
distributed,linear,0.3,17,0.3,0.2996575342465753,525,525,12,0.8730614589316484,162.53529882990713,0.026938541068351585,81.07161804353608
distributed,linear,0.3,17,0.3,0.2996575342465753,525,525,24,0.86524002313476,168.8896981162145,0.034759976865240017,84.3313336127386
distributed,linear,0.3,17,0.3,0.2996575342465753,525,525,48,0.8762463343108504,169.73031109967525,0.023753665689149606,84.45575667533072
distributed,linear,0.3,18,0.3,0.2996575342465753,525,525,6,0.840870062965083,155.79414668441797,0.05912993703491698,77.72448243245819
distributed,linear,0.3,18,0.3,0.2996575342465753,525,525,12,0.8730614589316484,162.55656448125757,0.026938541068351585,81.27711376332644
distributed,linear,0.3,18,0.3,0.2996575342465753,525,525,24,0.8363215731636784,158.74431906779378,0.06367842683632163,78.87626825529341
distributed,linear,0.3,18,0.3,0.2996575342465753,525,525,48,0.8592375366568915,163.93597920910196,0.04076246334310851,81.83345989322045
distributed,linear,0.3,19,0.3,0.2996575342465753,525,525,6,0.8689181453921008,164.6970913721797,0.03108185460789925,82.19492723750177
distributed,linear,0.3,19,0.3,0.2996575342465753,525,525,12,0.8724870763928777,162.09967356009042,0.02751292360712232,81.02077975908425
distributed,linear,0.3,19,0.3,0.2996575342465753,525,525,24,0.8502024291497976,162.8104995848901,0.04979757085020242,81.1026090393897
distributed,linear,0.3,19,0.3,0.2996575342465753,525,525,48,0.8762463343108504,169.73031109967525,0.023753665689149606,84.49907691979973
distributed,linear,0.4,0,0.4,0.3995433789954338,700,700,6,0.8528906697195192,160.17845477587397,0.04710933028048081,79.79228428373608
distributed,linear,0.4,0,0.4,0.3995433789954338,700,700,12,0.8546812176909822,155.92792654207787,0.04531878230901787,77.68640746157907
distributed,linear,0.4,0,0.4,0.3995433789954338,700,700,24,0.8253325621746674,156.00959739613333,0.07466743782533258,77.93909598643496
distributed,linear,0.4,0,0.4,0.3995433789954338,700,700,48,0.8598240469208212,164.14718796705876,0.04017595307917887,82.02051912961429
distributed,linear,0.4,1,0.4,0.3995433789954338,700,700,6,0.8528906697195192,160.10401927352814,0.04710933028048081,79.79228428373608
distributed,linear,0.4,1,0.4,0.3995433789954338,700,700,12,0.8724870763928777,161.9217943025061,0.02751292360712232,80.89542130609397
distributed,linear,0.4,1,0.4,0.3995433789954338,700,700,24,0.86524002313476,168.8937744092005,0.034759976865240017,84.31593310929222
distributed,linear,0.4,1,0.4,0.3995433789954338,700,700,48,0.8873900293255131,173.7313570707538,0.012609970674486881,86.45183315465097
distributed,linear,0.4,2,0.4,0.3995433789954338,700,700,6,0.8528906697195192,159.7062696241531,0.04710933028048081,79.73094395471045
distributed,linear,0.4,2,0.4,0.3995433789954338,700,700,12,0.858701895462378,157.71255344988717,0.04129810453762206,78.72612752384583
distributed,linear,0.4,2,0.4,0.3995433789954338,700,700,24,0.854251012145749,163.57915171337078,0.04574898785425108,81.54242467651858
distributed,linear,0.4,2,0.4,0.3995433789954338,700,700,48,0.8879765395894428,173.8854013656654,0.01202346041055724,86.77887003177749
distributed,linear,0.4,3,0.4,0.3995433789954338,700,700,6,0.86949055523755,165.0979398458888,0.03050944476244999,82.19753409732479
distributed,linear,0.4,3,0.4,0.3995433789954338,700,700,12,0.871338311315336,161.17600845603516,0.02866168868466401,79.90817396620655
distributed,linear,0.4,3,0.4,0.3995433789954338,700,700,24,0.8582995951417004,164.71570199168912,0.04170040485829962,82.28050539489595
distributed,linear,0.4,3,0.4,0.3995433789954338,700,700,48,0.906158357771261,181.99886244198922,0.006158357771260947,90.50158267296113
distributed,linear,0.4,4,0.4,0.3995433789954338,700,700,6,0.840870062965083,155.79414668441797,0.05912993703491698,77.68012024728907
distributed,linear,0.4,4,0.4,0.3995433789954338,700,700,12,0.8466398621481906,153.43293855244954,0.053360137851809375,76.70344749556577
distributed,linear,0.4,4,0.4,0.3995433789954338,700,700,24,0.8415268941584731,159.97268076971176,0.05847310584152687,79.6111556904213
distributed,linear,0.4,4,0.4,0.3995433789954338,700,700,48,0.8838709677419355,171.65226857170572,0.016129032258064502,85.74733563979419
distributed,linear,0.4,5,0.4,0.3995433789954338,700,700,6,0.840870062965083,155.6720380193592,0.05912993703491698,77.63127070320176
distributed,linear,0.4,5,0.4,0.3995433789954338,700,700,12,0.8558299827685238,156.40941590142268,0.04417001723147618,78.01116866268474
distributed,linear,0.4,5,0.4,0.3995433789954338,700,700,24,0.8490456911509543,162.01294438076673,0.050954308849045726,80.76243189392885
distributed,linear,0.4,5,0.4,0.3995433789954338,700,700,48,0.8651026392961877,165.23839239639773,0.03489736070381233,82.53613182039715
distributed,linear,0.4,6,0.4,0.3995433789954338,700,700,6,0.8420148826559817,156.66999342076693,0.057985117344018344,77.9966130042402
distributed,linear,0.4,6,0.4,0.3995433789954338,700,700,12,0.858701895462378,157.74241354489234,0.04129810453762206,78.85776972969384
distributed,linear,0.4,6,0.4,0.3995433789954338,700,700,24,0.8363215731636784,158.87459968021062,0.06367842683632163,79.29092320731674
distributed,linear,0.4,6,0.4,0.3995433789954338,700,700,48,0.8592375366568915,163.94006390554927,0.04076246334310851,81.88273254510872
distributed,linear,0.4,7,0.4,0.3995433789954338,700,700,6,0.8385804235832857,154.62253731524166,0.06141957641671436,77.13809179620458
distributed,linear,0.4,7,0.4,0.3995433789954338,700,700,12,0.8558299827685238,156.59542210122765,0.04417001723147618,78.2140082607016
distributed,linear,0.4,7,0.4,0.3995433789954338,700,700,24,0.843262001156738,160.58549726634436,0.05673799884326203,80.0391146648742
distributed,linear,0.4,7,0.4,0.3995433789954338,700,700,48,0.866275659824047,166.21769992036124,0.03372434017595305,83.09228990177466
distributed,linear,0.4,8,0.4,0.3995433789954338,700,700,6,0.8317115054378935,152.72019030813672,0.0682884945621065,75.99208562789644
distributed,linear,0.4,8,0.4,0.3995433789954338,700,700,12,0.8253877082136704,149.2587882583213,0.07461229178632967,74.5804297993266
distributed,linear,0.4,8,0.4,0.3995433789954338,700,700,24,0.8235974551764026,155.48978497414856,0.07640254482359743,77.40247222846068
distributed,linear,0.4,8,0.4,0.3995433789954338,700,700,48,0.839882697947214,156.55608369629087,0.06011730205278598,77.65679981160608
distributed,linear,0.4,9,0.4,0.3995433789954338,700,700,6,0.8397252432741843,155.25511759270591,0.060274756725815726,77.43584107357148
distributed,linear,0.4,9,0.4,0.3995433789954338,700,700,12,0.8541068351522114,155.31113585438916,0.0458931648477886,77.63571302221727
distributed,linear,0.4,9,0.4,0.3995433789954338,700,700,24,0.8311162521688837,157.02033284545107,0.06888374783111628,78.35029862530702
distributed,linear,0.4,9,0.4,0.3995433789954338,700,700,48,0.866275659824047,166.21769992036124,0.03372434017595305,82.91431335618617
distributed,linear,0.4,10,0.4,0.3995433789954338,700,700,6,0.8443045220377791,157.31459393705654,0.05569547796222096,78.61628395477598
distributed,linear,0.4,10,0.4,0.3995433789954338,700,700,12,0.8466398621481906,153.43293855244954,0.053360137851809375,76.66842880021204
distributed,linear,0.4,10,0.4,0.3995433789954338,700,700,24,0.8253325621746674,156.00959739613333,0.07466743782533258,77.85770589296048
distributed,linear,0.4,10,0.4,0.3995433789954338,700,700,48,0.8363636363636363,155.54741460377343,0.06363636363636371,77.643212319477
distributed,linear,0.4,11,0.4,0.3995433789954338,700,700,6,0.8454493417286777,158.1006125157017,0.05455065827132233,78.92372692009937
distributed,linear,0.4,11,0.4,0.3995433789954338,700,700,12,0.8650201033888569,159.01080750021154,0.03497989661114309,79.47877214412334
distributed,linear,0.4,11,0.4,0.3995433789954338,700,700,24,0.838635049161365,159.08372320144957,0.061364950838635024,79.29624589706974
distributed,linear,0.4,11,0.4,0.3995433789954338,700,700,48,0.8656891495601173,165.81426722062375,0.03431085043988269,82.53477406533668
distributed,linear,0.4,12,0.4,0.3995433789954338,700,700,6,0.8443045220377791,157.71111201243994,0.05569547796222096,78.73350958863963
distributed,linear,0.4,12,0.4,0.3995433789954338,700,700,12,0.8546812176909822,155.97932859469682,0.04531878230901787,77.6691226592327
distributed,linear,0.4,12,0.4,0.3995433789954338,700,700,24,0.8415268941584731,159.90715545060397,0.05847310584152687,79.4884522250793
distributed,linear,0.4,12,0.4,0.3995433789954338,700,700,48,0.836950146627566,156.01840515830656,0.06304985337243407,77.63700658852129
distributed,linear,0.4,13,0.4,0.3995433789954338,700,700,6,0.8528906697195192,160.10401927352814,0.04710933028048081,79.69398370333192
distributed,linear,0.4,13,0.4,0.3995433789954338,700,700,12,0.8546812176909822,156.05651172614296,0.04531878230901787,78.02259035628893
distributed,linear,0.4,13,0.4,0.3995433789954338,700,700,24,0.8513591671486408,163.05983563597798,0.04864083285135923,81.0730995968672
distributed,linear,0.4,13,0.4,0.3995433789954338,700,700,48,0.8885630498533724,174.8542527476476,0.0114369501466276,87.26874762381806
distributed,linear,0.4,14,0.4,0.3995433789954338,700,700,6,0.8288494562106469,151.0151686574955,0.07115054378935315,75.44753736143159
distributed,linear,0.4,14,0.4,0.3995433789954338,700,700,12,0.851809304997128,154.20755103392486,0.048190695002871986,76.8990161345543
distributed,linear,0.4,14,0.4,0.3995433789954338,700,700,24,0.8247541931752458,155.6619714564624,0.07524580682475424,77.396308345817
distributed,linear,0.4,14,0.4,0.3995433789954338,700,700,48,0.8363636363636363,155.85091336736136,0.06363636363636371,76.94916247783367
distributed,linear,0.4,15,0.4,0.3995433789954338,700,700,6,0.8317115054378935,152.72271336393794,0.0682884945621065,75.86990813147153
distributed,linear,0.4,15,0.4,0.3995433789954338,700,700,12,0.8408960367604825,152.15417694219914,0.0591039632395175,75.91440067651779
distributed,linear,0.4,15,0.4,0.3995433789954338,700,700,24,0.8160786581839213,152.04960703338162,0.08392134181607869,75.51914466009953
distributed,linear,0.4,15,0.4,0.3995433789954338,700,700,48,0.8316715542521994,153.17317797403277,0.06832844574780061,76.41290685482765
distributed,linear,0.4,16,0.4,0.3995433789954338,700,700,6,0.8397252432741843,155.25511759270591,0.060274756725815726,77.43584107357148
distributed,linear,0.4,16,0.4,0.3995433789954338,700,700,12,0.858701895462378,157.76687667193792,0.04129810453762206,78.585202660721
distributed,linear,0.4,16,0.4,0.3995433789954338,700,700,24,0.8415268941584731,159.97268076971176,0.05847310584152687,79.84886993868236
distributed,linear,0.4,16,0.4,0.3995433789954338,700,700,48,0.8580645161290322,163.45354149703275,0.041935483870967794,81.36733898950243
distributed,linear,0.4,17,0.4,0.3995433789954338,700,700,6,0.840870062965083,155.62796450973158,0.05912993703491698,77.68012024728907
distributed,linear,0.4,17,0.4,0.3995433789954338,700,700,12,0.8340034462952326,150.72121161172095,0.06599655370476742,75.3090705130105
distributed,linear,0.4,17,0.4,0.3995433789954338,700,700,24,0.8444187391555813,160.70597137433776,0.05558126084441872,80.17721303226843
distributed,linear,0.4,17,0.4,0.3995433789954338,700,700,48,0.8574780058651026,163.38556444111174,0.042521994134897434,81.47931418844892
distributed,linear,0.4,18,0.4,0.3995433789954338,700,700,6,0.8185460789925587,148.57815618301905,0.08145392100744131,74.19235962201942
distributed,linear,0.4,18,0.4,0.3995433789954338,700,700,12,0.8546812176909822,156.04392171107062,0.04531878230901787,77.6922072200287
distributed,linear,0.4,18,0.4,0.3995433789954338,700,700,24,0.8160786581839213,152.25455600684347,0.08392134181607869,75.44573497566155
distributed,linear,0.4,18,0.4,0.3995433789954338,700,700,48,0.8410557184750733,157.24864077225908,0.0589442815249267,78.4781478568174
distributed,linear,0.4,19,0.4,0.3995433789954338,700,700,6,0.8494562106468231,158.97360728795545,0.05054378935317694,78.97185792918208
distributed,linear,0.4,19,0.4,0.3995433789954338,700,700,12,0.858701895462378,157.74241354489234,0.04129810453762206,78.75218588897762
distributed,linear,0.4,19,0.4,0.3995433789954338,700,700,24,0.8363215731636784,158.74431906779378,0.06367842683632163,79.05138680184767
distributed,linear,0.4,19,0.4,0.3995433789954338,700,700,48,0.8574780058651026,163.12633150785285,0.042521994134897434,81.5343756338484
distributed,linear,0.5,0,0.5,0.5,876,876,6,0.8265598168288495,150.88254409127535,0.07344018317115053,75.1590496063971
distributed,linear,0.5,0,0.5,0.5,876,876,12,0.8276852383687536,149.62599475140107,0.0723147616312464,74.65579206763363
distributed,linear,0.5,0,0.5,0.5,876,876,24,0.8131868131868132,150.51831362205508,0.08681318681318684,75.05271006461125
distributed,linear,0.5,0,0.5,0.5,876,876,48,0.8351906158357771,154.54436225993862,0.06480938416422288,77.20925244050869
distributed,linear,0.5,1,0.5,0.5,876,876,6,0.8317115054378935,152.72019030813672,0.0682884945621065,75.7159669219854
distributed,linear,0.5,1,0.5,0.5,876,876,12,0.8500861573808156,153.91567892748012,0.04991384261918441,76.9044184747309
distributed,linear,0.5,1,0.5,0.5,876,876,24,0.8484673221515326,161.2794174691569,0.05153267784846738,80.3778257106611
distributed,linear,0.5,1,0.5,0.5,876,876,48,0.893841642228739,177.0999311822982,0.006158357771261058,88.32751051250045
distributed,linear,0.5,2,0.5,0.5,876,876,6,0.8185460789925587,148.57815618301905,0.08145392100744131,74.01632262540338
distributed,linear,0.5,2,0.5,0.5,876,876,12,0.8127512923607122,145.6072683102304,0.08724870763928783,72.77637834609578
distributed,linear,0.5,2,0.5,0.5,876,876,24,0.8247541931752458,155.94420179706933,0.07524580682475424,77.85770589296048
distributed,linear,0.5,2,0.5,0.5,876,876,48,0.8668621700879765,166.5508354554189,0.03313782991202352,82.9769746667574
distributed,linear,0.5,3,0.5,0.5,876,876,6,0.8334287349742415,153.14444404179147,0.0665712650257585,76.3924232187423
distributed,linear,0.5,3,0.5,0.5,876,876,12,0.8322802986789202,150.5400306683701,0.06771970132107985,75.24555941704791
distributed,linear,0.5,3,0.5,0.5,876,876,24,0.8340080971659919,158.16265104706764,0.06599190283400813,78.3235112214046
distributed,linear,0.5,3,0.5,0.5,876,876,48,0.898533724340176,179.16025509830848,0.0014662756598240456,89.48929052098151
distributed,linear,0.5,4,0.5,0.5,876,876,6,0.8070978820835718,143.8579070836028,0.09290211791642822,71.76776715616029
distributed,linear,0.5,4,0.5,0.5,876,876,12,0.7892016082711085,138.33226982455238,0.1107983917288915,68.86951013182778
distributed,linear,0.5,4,0.5,0.5,876,876,24,0.7917871602082128,144.15254671083764,0.1082128397917872,72.01969662111831
distributed,linear,0.5,4,0.5,0.5,876,876,48,0.8058651026392962,144.1699621194731,0.0941348973607038,72.00453137385333
distributed,linear,0.5,5,0.5,0.5,876,876,6,0.813966800228964,146.16587308287225,0.08603319977103607,72.51745136808306
distributed,linear,0.5,5,0.5,0.5,876,876,12,0.8196438828259621,147.94420411653982,0.0803561171740379,73.9120998690817
distributed,linear,0.5,5,0.5,0.5,876,876,24,0.8247541931752458,155.5625760544268,0.07524580682475424,77.396308345817
distributed,linear,0.5,5,0.5,0.5,876,876,48,0.8363636363636363,155.59232578017594,0.06363636363636371,77.63700658852129
distributed,linear,0.5,6,0.5,0.5,876,876,6,0.8145392100744133,146.95087199340645,0.0854607899255867,73.2280441424074
distributed,linear,0.5,6,0.5,0.5,876,876,12,0.8305571510626077,150.29956056174333,0.06944284893739228,75.11376136887057
distributed,linear,0.5,6,0.5,0.5,876,876,24,0.8131868131868132,150.51831362205508,0.08681318681318684,75.11917798523622
distributed,linear,0.5,6,0.5,0.5,876,876,48,0.8281524926686217,151.65433676057694,0.07184750733137835,75.70304684221996
distributed,linear,0.5,7,0.5,0.5,876,876,6,0.8036634230108758,142.51319148162025,0.09633657698912423,70.65488096453092
distributed,linear,0.5,7,0.5,0.5,876,876,12,0.8156232050545663,146.4601498917124,0.08437679494543371,73.18646417511795
distributed,linear,0.5,7,0.5,0.5,876,876,24,0.8143435511856565,151.06285322296617,0.08565644881434353,74.69635390298797
distributed,linear,0.5,7,0.5,0.5,876,876,48,0.8527859237536657,160.84488327194225,0.047214076246334336,80.36808356579175
distributed,linear,0.5,8,0.5,0.5,876,876,6,0.8059530623926732,143.3300302981138,0.09404693760732685,71.50953123495843
distributed,linear,0.5,8,0.5,0.5,876,876,12,0.7978173463526709,141.35829072083615,0.10218265364732915,70.55846097968877
distributed,linear,0.5,8,0.5,0.5,876,876,24,0.8050896471949104,147.7881638103592,0.09491035280508964,73.74854783722284
distributed,linear,0.5,8,0.5,0.5,876,876,48,0.8304985337243401,152.14433187830585,0.0695014662756599,76.040880401553
distributed,linear,0.5,9,0.5,0.5,876,876,6,0.8145392100744133,146.857842502167,0.0854607899255867,73.24993231117199
distributed,linear,0.5,9,0.5,0.5,876,876,12,0.8087306145893165,144.55995815189397,0.09126938541068352,71.8928729701139
distributed,linear,0.5,9,0.5,0.5,876,876,24,0.8108733371891267,149.8167124403138,0.08912666281087334,74.49453146737481
distributed,linear,0.5,9,0.5,0.5,876,876,48,0.8480938416422288,158.92341869448902,0.05190615835777124,79.16013943915348
distributed,linear,0.5,10,0.5,0.5,876,876,6,0.8219805380652547,149.10581073370878,0.0780194619347453,74.43035128111121
distributed,linear,0.5,10,0.5,0.5,876,876,12,0.8144744399770247,145.8584217774931,0.08552556002297529,72.78893601945894
distributed,linear,0.5,10,0.5,0.5,876,876,24,0.814921920185078,151.1375477537295,0.08507807981492199,75.2882324170684
distributed,linear,0.5,10,0.5,0.5,876,876,48,0.829325513196481,151.85670078469562,0.07067448680351907,75.87416034661572
distributed,linear,0.5,11,0.5,0.5,876,876,6,0.8225529479107041,149.6704136380151,0.07744705208929592,74.35240704037801
distributed,linear,0.5,11,0.5,0.5,876,876,12,0.8219414129810454,148.7186858713942,0.07805858701895463,74.29054923668846
distributed,linear,0.5,11,0.5,0.5,876,876,24,0.8097165991902834,149.4090855312122,0.09028340080971664,74.44725863841425
distributed,linear,0.5,11,0.5,0.5,876,876,48,0.8263929618768329,150.69148218069307,0.07360703812316716,75.26546069597256
distributed,linear,0.5,12,0.5,0.5,876,876,6,0.8099599313108186,144.94874070389488,0.09004006868918146,72.33134714442468
distributed,linear,0.5,12,0.5,0.5,876,876,12,0.7978173463526709,141.8067295322626,0.10218265364732915,70.87608472807422
distributed,linear,0.5,12,0.5,0.5,876,876,24,0.7975708502024291,145.988280725104,0.1024291497975709,72.82061922993759
distributed,linear,0.5,12,0.5,0.5,876,876,48,0.8017595307917889,142.96497634118438,0.09824046920821117,71.28654575578713
distributed,linear,0.5,13,0.5,0.5,876,876,6,0.8334287349742415,153.40731332763937,0.0665712650257585,76.16668807795352
distributed,linear,0.5,13,0.5,0.5,876,876,12,0.8253877082136704,149.2587882583213,0.07461229178632967,74.56474082562735
distributed,linear,0.5,13,0.5,0.5,876,876,24,0.8247541931752458,155.68844840688362,0.07524580682475424,77.68188119364926
distributed,linear,0.5,13,0.5,0.5,876,876,48,0.8598240469208212,164.28903545884995,0.04017595307917887,82.0194381221777
distributed,linear,0.5,14,0.5,0.5,876,876,6,0.813966800228964,146.35497297479913,0.08603319977103607,73.01810158552453
distributed,linear,0.5,14,0.5,0.5,876,876,12,0.8276852383687536,149.62713576573543,0.0723147616312464,74.64781150453138
distributed,linear,0.5,14,0.5,0.5,876,876,24,0.8172353961827646,153.2128901905437,0.08276460381723538,76.585143563577
distributed,linear,0.5,14,0.5,0.5,876,876,48,0.8480938416422288,158.9349822225964,0.05190615835777124,79.43554289010048
distributed,linear,0.5,15,0.5,0.5,876,876,6,0.8042358328563252,142.91612194716814,0.09576416714367486,71.33311712168532
distributed,linear,0.5,15,0.5,0.5,876,876,12,0.7983917288914417,141.9756220096707,0.1016082711085583,70.88452935194464
distributed,linear,0.5,15,0.5,0.5,876,876,24,0.7958357432041643,145.03900560448977,0.10416425679583574,72.29510072918423
distributed,linear,0.5,15,0.5,0.5,876,876,48,0.8187683284457478,148.202106981785,0.08123167155425226,74.09606577111714
distributed,linear,0.5,16,0.5,0.5,876,876,6,0.8116771608471666,145.43879447461637,0.08832283915283345,72.50321402552126
distributed,linear,0.5,16,0.5,0.5,876,876,12,0.8368753589890867,151.0884636453302,0.06312464101091331,75.41203220043276
distributed,linear,0.5,16,0.5,0.5,876,876,24,0.816657027183343,153.01676561219182,0.08334297281665703,76.28628805727168
distributed,linear,0.5,16,0.5,0.5,876,876,48,0.8357771260997068,154.8854239207888,0.06422287390029324,77.03621572886692
distributed,linear,0.5,17,0.5,0.5,876,876,6,0.8162564396107613,147.67473127108116,0.08374356038923869,73.78360014984406
distributed,linear,0.5,17,0.5,0.5,876,876,12,0.8047099368179207,143.713499451637,0.09529006318207933,71.850550035101
distributed,linear,0.5,17,0.5,0.5,876,876,24,0.8276460381723539,156.42951331891055,0.07235396182764608,78.06450877156107
distributed,linear,0.5,17,0.5,0.5,876,876,48,0.8551319648093841,162.68118471802242,0.044868035190615885,80.91337444942135
distributed,linear,0.5,18,0.5,0.5,876,876,6,0.792215226101889,139.12529132778505,0.10778477389811103,69.55464120785278
distributed,linear,0.5,18,0.5,0.5,876,876,12,0.7949454336588168,140.5922554892593,0.10505456634118326,70.2004661184765
distributed,linear,0.5,18,0.5,0.5,876,876,24,0.7917871602082128,144.14251232634277,0.1082128397917872,72.00436713439736
distributed,linear,0.5,18,0.5,0.5,876,876,48,0.8480938416422288,158.9349822225964,0.05190615835777124,79.03986272328986
distributed,linear,0.5,19,0.5,0.5,876,876,6,0.813966800228964,146.16587308287225,0.08603319977103607,72.8872173819085
distributed,linear,0.5,19,0.5,0.5,876,876,12,0.823090178058587,149.0532035284138,0.07690982194141305,74.3760688185481
distributed,linear,0.5,19,0.5,0.5,876,876,24,0.8235974551764026,155.30975270721993,0.07640254482359743,77.50913205554404
distributed,linear,0.5,19,0.5,0.5,876,876,48,0.8674486803519061,167.1934224911031,0.03255131964809388,83.5462886900339
distributed,ffill,0.0,0,0.0,0.0,0,0,6,0.9107040641099027,184.51546580978544,0.010704064109902656,91.93317010364271
distributed,ffill,0.0,0,0.0,0.0,0,0,12,0.9126938541068351,180.21297386954228,0.0126938541068351,89.99882550417082
distributed,ffill,0.0,0,0.0,0.0,0,0,24,0.8837478311162522,179.09690038815052,0.01625216888374781,89.4281193996245
distributed,ffill,0.0,0,0.0,0.0,0,0,48,0.9020527859237537,180.37481308589946,0.002052785923753686,89.8818789254163
distributed,ffill,0.0,1,0.0,0.0,0,0,6,0.9107040641099027,184.51546580978544,0.010704064109902656,91.93317010364271
distributed,ffill,0.0,1,0.0,0.0,0,0,12,0.9126938541068351,180.21297386954228,0.0126938541068351,89.99882550417082
distributed,ffill,0.0,1,0.0,0.0,0,0,24,0.8837478311162522,179.09690038815052,0.01625216888374781,89.4281193996245
distributed,ffill,0.0,1,0.0,0.0,0,0,48,0.9020527859237537,180.37481308589946,0.002052785923753686,89.8818789254163
distributed,ffill,0.0,2,0.0,0.0,0,0,6,0.9107040641099027,184.51546580978544,0.010704064109902656,91.93317010364271
distributed,ffill,0.0,2,0.0,0.0,0,0,12,0.9126938541068351,180.21297386954228,0.0126938541068351,89.99882550417082
distributed,ffill,0.0,2,0.0,0.0,0,0,24,0.8837478311162522,179.09690038815052,0.01625216888374781,89.4281193996245
distributed,ffill,0.0,2,0.0,0.0,0,0,48,0.9020527859237537,180.37481308589946,0.002052785923753686,89.8818789254163
distributed,ffill,0.0,3,0.0,0.0,0,0,6,0.9107040641099027,184.51546580978544,0.010704064109902656,91.93317010364271
distributed,ffill,0.0,3,0.0,0.0,0,0,12,0.9126938541068351,180.21297386954228,0.0126938541068351,89.99882550417082
distributed,ffill,0.0,3,0.0,0.0,0,0,24,0.8837478311162522,179.09690038815052,0.01625216888374781,89.4281193996245
distributed,ffill,0.0,3,0.0,0.0,0,0,48,0.9020527859237537,180.37481308589946,0.002052785923753686,89.8818789254163
distributed,ffill,0.0,4,0.0,0.0,0,0,6,0.9107040641099027,184.51546580978544,0.010704064109902656,91.93317010364271
distributed,ffill,0.0,4,0.0,0.0,0,0,12,0.9126938541068351,180.21297386954228,0.0126938541068351,89.99882550417082
distributed,ffill,0.0,4,0.0,0.0,0,0,24,0.8837478311162522,179.09690038815052,0.01625216888374781,89.4281193996245
distributed,ffill,0.0,4,0.0,0.0,0,0,48,0.9020527859237537,180.37481308589946,0.002052785923753686,89.8818789254163
distributed,ffill,0.0,5,0.0,0.0,0,0,6,0.9107040641099027,184.51546580978544,0.010704064109902656,91.93317010364271
distributed,ffill,0.0,5,0.0,0.0,0,0,12,0.9126938541068351,180.21297386954228,0.0126938541068351,89.99882550417082
distributed,ffill,0.0,5,0.0,0.0,0,0,24,0.8837478311162522,179.09690038815052,0.01625216888374781,89.4281193996245
distributed,ffill,0.0,5,0.0,0.0,0,0,48,0.9020527859237537,180.37481308589946,0.002052785923753686,89.8818789254163
distributed,ffill,0.0,6,0.0,0.0,0,0,6,0.9107040641099027,184.51546580978544,0.010704064109902656,91.93317010364271
distributed,ffill,0.0,6,0.0,0.0,0,0,12,0.9126938541068351,180.21297386954228,0.0126938541068351,89.99882550417082
distributed,ffill,0.0,6,0.0,0.0,0,0,24,0.8837478311162522,179.09690038815052,0.01625216888374781,89.4281193996245
distributed,ffill,0.0,6,0.0,0.0,0,0,48,0.9020527859237537,180.37481308589946,0.002052785923753686,89.8818789254163
distributed,ffill,0.0,7,0.0,0.0,0,0,6,0.9107040641099027,184.51546580978544,0.010704064109902656,91.93317010364271
distributed,ffill,0.0,7,0.0,0.0,0,0,12,0.9126938541068351,180.21297386954228,0.0126938541068351,89.99882550417082
distributed,ffill,0.0,7,0.0,0.0,0,0,24,0.8837478311162522,179.09690038815052,0.01625216888374781,89.4281193996245
distributed,ffill,0.0,7,0.0,0.0,0,0,48,0.9020527859237537,180.37481308589946,0.002052785923753686,89.8818789254163
distributed,ffill,0.0,8,0.0,0.0,0,0,6,0.9107040641099027,184.51546580978544,0.010704064109902656,91.93317010364271
distributed,ffill,0.0,8,0.0,0.0,0,0,12,0.9126938541068351,180.21297386954228,0.0126938541068351,89.99882550417082
distributed,ffill,0.0,8,0.0,0.0,0,0,24,0.8837478311162522,179.09690038815052,0.01625216888374781,89.4281193996245
distributed,ffill,0.0,8,0.0,0.0,0,0,48,0.9020527859237537,180.37481308589946,0.002052785923753686,89.8818789254163
distributed,ffill,0.0,9,0.0,0.0,0,0,6,0.9107040641099027,184.51546580978544,0.010704064109902656,91.93317010364271
distributed,ffill,0.0,9,0.0,0.0,0,0,12,0.9126938541068351,180.21297386954228,0.0126938541068351,89.99882550417082
distributed,ffill,0.0,9,0.0,0.0,0,0,24,0.8837478311162522,179.09690038815052,0.01625216888374781,89.4281193996245
distributed,ffill,0.0,9,0.0,0.0,0,0,48,0.9020527859237537,180.37481308589946,0.002052785923753686,89.8818789254163
distributed,ffill,0.0,10,0.0,0.0,0,0,6,0.9107040641099027,184.51546580978544,0.010704064109902656,91.93317010364271
distributed,ffill,0.0,10,0.0,0.0,0,0,12,0.9126938541068351,180.21297386954228,0.0126938541068351,89.99882550417082
distributed,ffill,0.0,10,0.0,0.0,0,0,24,0.8837478311162522,179.09690038815052,0.01625216888374781,89.4281193996245
distributed,ffill,0.0,10,0.0,0.0,0,0,48,0.9020527859237537,180.37481308589946,0.002052785923753686,89.8818789254163
distributed,ffill,0.0,11,0.0,0.0,0,0,6,0.9107040641099027,184.51546580978544,0.010704064109902656,91.93317010364271
distributed,ffill,0.0,11,0.0,0.0,0,0,12,0.9126938541068351,180.21297386954228,0.0126938541068351,89.99882550417082
distributed,ffill,0.0,11,0.0,0.0,0,0,24,0.8837478311162522,179.09690038815052,0.01625216888374781,89.4281193996245
distributed,ffill,0.0,11,0.0,0.0,0,0,48,0.9020527859237537,180.37481308589946,0.002052785923753686,89.8818789254163
distributed,ffill,0.0,12,0.0,0.0,0,0,6,0.9107040641099027,184.51546580978544,0.010704064109902656,91.93317010364271
distributed,ffill,0.0,12,0.0,0.0,0,0,12,0.9126938541068351,180.21297386954228,0.0126938541068351,89.99882550417082
distributed,ffill,0.0,12,0.0,0.0,0,0,24,0.8837478311162522,179.09690038815052,0.01625216888374781,89.4281193996245
distributed,ffill,0.0,12,0.0,0.0,0,0,48,0.9020527859237537,180.37481308589946,0.002052785923753686,89.8818789254163
distributed,ffill,0.0,13,0.0,0.0,0,0,6,0.9107040641099027,184.51546580978544,0.010704064109902656,91.93317010364271
distributed,ffill,0.0,13,0.0,0.0,0,0,12,0.9126938541068351,180.21297386954228,0.0126938541068351,89.99882550417082
distributed,ffill,0.0,13,0.0,0.0,0,0,24,0.8837478311162522,179.09690038815052,0.01625216888374781,89.4281193996245
distributed,ffill,0.0,13,0.0,0.0,0,0,48,0.9020527859237537,180.37481308589946,0.002052785923753686,89.8818789254163
distributed,ffill,0.0,14,0.0,0.0,0,0,6,0.9107040641099027,184.51546580978544,0.010704064109902656,91.93317010364271
distributed,ffill,0.0,14,0.0,0.0,0,0,12,0.9126938541068351,180.21297386954228,0.0126938541068351,89.99882550417082
distributed,ffill,0.0,14,0.0,0.0,0,0,24,0.8837478311162522,179.09690038815052,0.01625216888374781,89.4281193996245
distributed,ffill,0.0,14,0.0,0.0,0,0,48,0.9020527859237537,180.37481308589946,0.002052785923753686,89.8818789254163
distributed,ffill,0.0,15,0.0,0.0,0,0,6,0.9107040641099027,184.51546580978544,0.010704064109902656,91.93317010364271
distributed,ffill,0.0,15,0.0,0.0,0,0,12,0.9126938541068351,180.21297386954228,0.0126938541068351,89.99882550417082
distributed,ffill,0.0,15,0.0,0.0,0,0,24,0.8837478311162522,179.09690038815052,0.01625216888374781,89.4281193996245
distributed,ffill,0.0,15,0.0,0.0,0,0,48,0.9020527859237537,180.37481308589946,0.002052785923753686,89.8818789254163
distributed,ffill,0.0,16,0.0,0.0,0,0,6,0.9107040641099027,184.51546580978544,0.010704064109902656,91.93317010364271
distributed,ffill,0.0,16,0.0,0.0,0,0,12,0.9126938541068351,180.21297386954228,0.0126938541068351,89.99882550417082
distributed,ffill,0.0,16,0.0,0.0,0,0,24,0.8837478311162522,179.09690038815052,0.01625216888374781,89.4281193996245
distributed,ffill,0.0,16,0.0,0.0,0,0,48,0.9020527859237537,180.37481308589946,0.002052785923753686,89.8818789254163
distributed,ffill,0.0,17,0.0,0.0,0,0,6,0.9107040641099027,184.51546580978544,0.010704064109902656,91.93317010364271
distributed,ffill,0.0,17,0.0,0.0,0,0,12,0.9126938541068351,180.21297386954228,0.0126938541068351,89.99882550417082
distributed,ffill,0.0,17,0.0,0.0,0,0,24,0.8837478311162522,179.09690038815052,0.01625216888374781,89.4281193996245
distributed,ffill,0.0,17,0.0,0.0,0,0,48,0.9020527859237537,180.37481308589946,0.002052785923753686,89.8818789254163
distributed,ffill,0.0,18,0.0,0.0,0,0,6,0.9107040641099027,184.51546580978544,0.010704064109902656,91.93317010364271
distributed,ffill,0.0,18,0.0,0.0,0,0,12,0.9126938541068351,180.21297386954228,0.0126938541068351,89.99882550417082
distributed,ffill,0.0,18,0.0,0.0,0,0,24,0.8837478311162522,179.09690038815052,0.01625216888374781,89.4281193996245
distributed,ffill,0.0,18,0.0,0.0,0,0,48,0.9020527859237537,180.37481308589946,0.002052785923753686,89.8818789254163
distributed,ffill,0.0,19,0.0,0.0,0,0,6,0.9107040641099027,184.51546580978544,0.010704064109902656,91.93317010364271
distributed,ffill,0.0,19,0.0,0.0,0,0,12,0.9126938541068351,180.21297386954228,0.0126938541068351,89.99882550417082
distributed,ffill,0.0,19,0.0,0.0,0,0,24,0.8837478311162522,179.09690038815052,0.01625216888374781,89.4281193996245
distributed,ffill,0.0,19,0.0,0.0,0,0,48,0.9020527859237537,180.37481308589946,0.002052785923753686,89.8818789254163
distributed,ffill,0.1,0,0.1,0.09988584474885845,175,175,6,0.9072696050372067,183.36834846739072,0.007269605037206639,91.44209843969794
distributed,ffill,0.1,0,0.1,0.09988584474885845,175,175,12,0.9126938541068351,180.21297386954228,0.0126938541068351,89.99882550417082
distributed,ffill,0.1,0,0.1,0.09988584474885845,175,175,24,0.9086176980913823,189.91681745565012,0.008617698091382242,94.78857699412848
distributed,ffill,0.1,0,0.1,0.09988584474885845,175,175,48,0.9425219941348973,202.82182198228105,0.04252199413489732,101.22501937944334
distributed,ffill,0.1,1,0.1,0.09988584474885845,175,175,6,0.9015455065827133,179.4411042440128,0.0015455065827132408,89.69772489465831
distributed,ffill,0.1,1,0.1,0.09988584474885845,175,175,12,0.9069500287191269,177.91805188090228,0.006950028719126866,88.59821828944916
distributed,ffill,0.1,1,0.1,0.09988584474885845,175,175,24,0.8768074031231926,175.96611526316542,0.023192596876807414,87.39093259792958
distributed,ffill,0.1,1,0.1,0.09988584474885845,175,175,48,0.8944281524926686,177.9532952078951,0.005571847507331418,88.88242234120077
distributed,ffill,0.1,2,0.1,0.09988584474885845,175,175,6,0.9061247853463079,182.83925261082362,0.006124785346307893,91.32457412529966
distributed,ffill,0.1,2,0.1,0.09988584474885845,175,175,12,0.9075244112578977,178.2631516464042,0.007524411257897712,89.0835898687479
distributed,ffill,0.1,2,0.1,0.09988584474885845,175,175,24,0.8976286871023713,184.52310506436442,0.002371312897628708,92.04910673690986
distributed,ffill,0.1,2,0.1,0.09988584474885845,175,175,48,0.9243401759530792,191.83398012097985,0.024340175953079135,95.49486940984802
distributed,ffill,0.1,3,0.1,0.09988584474885845,175,175,6,0.9015455065827133,179.40342591973197,0.0015455065827132408,89.62895330289673
distributed,ffill,0.1,3,0.1,0.09988584474885845,175,175,12,0.9046524985640436,176.94634648810415,0.0046524985640435945,88.34324141096117
distributed,ffill,0.1,3,0.1,0.09988584474885845,175,175,24,0.8820127241179873,178.54500825699492,0.017987275882012765,89.10402992018886
distributed,ffill,0.1,3,0.1,0.09988584474885845,175,175,48,0.9043988269794722,181.6829861812613,0.004398826979472137,90.80437266373465
distributed,ffill,0.1,4,0.1,0.09988584474885845,175,175,6,0.9026903262736119,180.1447586653178,0.002690326273611876,90.03232397805462
distributed,ffill,0.1,4,0.1,0.09988584474885845,175,175,12,0.9006318207926479,175.36360968943336,0.0006318207926478969,87.63506789976266
distributed,ffill,0.1,4,0.1,0.09988584474885845,175,175,24,0.8704453441295547,171.68527008667547,0.029554655870445368,85.77814314432904
distributed,ffill,0.1,4,0.1,0.09988584474885845,175,175,48,0.8944281524926686,178.20381198271127,0.005571847507331418,88.92819320717454
distributed,ffill,0.1,5,0.1,0.09988584474885845,175,175,6,0.9015455065827133,179.4411042440128,0.0015455065827132408,89.69772489465831
distributed,ffill,0.1,5,0.1,0.09988584474885845,175,175,12,0.9012062033314188,175.73155056480158,0.0012062033314187426,87.75940099346371
distributed,ffill,0.1,5,0.1,0.09988584474885845,175,175,24,0.86524002313476,168.8937744092005,0.034759976865240017,84.37956258656577
distributed,ffill,0.1,5,0.1,0.09988584474885845,175,175,48,0.8826979472140762,171.57573704066974,0.017302052785923783,85.63421575936285
distributed,ffill,0.1,6,0.1,0.09988584474885845,175,175,6,0.9026903262736119,180.11027253039327,0.002690326273611876,89.90638357167288
distributed,ffill,0.1,6,0.1,0.09988584474885845,175,175,12,0.9040781160252729,176.65760908123542,0.00407811602527286,88.20472073049294
distributed,ffill,0.1,6,0.1,0.09988584474885845,175,175,24,0.8756506651243493,174.47213745484652,0.02434933487565072,86.458655537749
distributed,ffill,0.1,6,0.1,0.09988584474885845,175,175,48,0.9008797653958944,179.74088699511253,0.0008797653958944052,89.69781447790379
distributed,ffill,0.1,7,0.1,0.09988584474885845,175,175,6,0.9015455065827133,179.4411042440128,0.0015455065827132408,89.69772489465831
distributed,ffill,0.1,7,0.1,0.09988584474885845,175,175,12,0.9075244112578977,178.29671941984947,0.007524411257897712,89.13495543596197
distributed,ffill,0.1,7,0.1,0.09988584474885845,175,175,24,0.8837478311162522,179.09690038815052,0.01625216888374781,89.45355866843407
distributed,ffill,0.1,7,0.1,0.09988584474885845,175,175,48,0.898533724340176,179.16025509830848,0.0014662756598240456,89.50177530755462
distributed,ffill,0.1,8,0.1,0.09988584474885845,175,175,6,0.9055523755008587,181.5582587289428,0.005552375500858631,90.09539355251636
distributed,ffill,0.1,8,0.1,0.09988584474885845,175,175,12,0.9046524985640436,176.98338924600276,0.0046524985640435945,88.475025381947
distributed,ffill,0.1,8,0.1,0.09988584474885845,175,175,24,0.8710237131289763,172.35970947259818,0.028976286871023715,86.1237319318877
distributed,ffill,0.1,8,0.1,0.09988584474885845,175,175,48,0.898533724340176,179.04082097618277,0.0014662756598240456,89.19247770527359
distributed,ffill,0.1,9,0.1,0.09988584474885845,175,175,6,0.9061247853463079,182.92914114796815,0.006124785346307893,91.38934910590584
distributed,ffill,0.1,9,0.1,0.09988584474885845,175,175,12,0.9080987937966686,178.79551563767842,0.008098793796668557,89.26017522437957
distributed,ffill,0.1,9,0.1,0.09988584474885845,175,175,24,0.891844997108155,182.13248438925825,0.008155002891845009,90.49690725486701
distributed,ffill,0.1,9,0.1,0.09988584474885845,175,175,48,0.9225806451612903,190.43699649178933,0.022580645161290325,95.11300503556987
distributed,ffill,0.1,10,0.1,0.09988584474885845,175,175,6,0.9026903262736119,180.11027253039327,0.002690326273611876,89.90638357167288
distributed,ffill,0.1,10,0.1,0.09988584474885845,175,175,12,0.9080987937966686,178.79551563767842,0.008098793796668557,89.26017522437957
distributed,ffill,0.1,10,0.1,0.09988584474885845,175,175,24,0.896471949103528,184.10430129206358,0.0035280508964720125,91.53476490455247
distributed,ffill,0.1,10,0.1,0.09988584474885845,175,175,48,0.918475073313783,187.7803037755384,0.018475073313782953,93.80331755233148
distributed,ffill,0.1,11,0.1,0.09988584474885845,175,175,6,0.9061247853463079,182.71814381279972,0.006124785346307893,90.9023044632765
distributed,ffill,0.1,11,0.1,0.09988584474885845,175,175,12,0.9080987937966686,178.48977653887917,0.008098793796668557,89.2261027997636
distributed,ffill,0.1,11,0.1,0.09988584474885845,175,175,24,0.891844997108155,182.4259033336346,0.008155002891845009,90.72348298314571
distributed,ffill,0.1,11,0.1,0.09988584474885845,175,175,48,0.9126099706744868,185.8335689146151,0.01260997067448677,92.30079969951932
distributed,ffill,0.1,12,0.1,0.09988584474885845,175,175,6,0.8952489982827705,177.73133245562218,0.0047510017172295305,88.7405481846555
distributed,ffill,0.1,12,0.1,0.09988584474885845,175,175,12,0.9006318207926479,175.49516325605248,0.0006318207926478969,87.68838252304765
distributed,ffill,0.1,12,0.1,0.09988584474885845,175,175,24,0.8825910931174089,178.6660971104873,0.017408906882591113,89.27325341867774
distributed,ffill,0.1,12,0.1,0.09988584474885845,175,175,48,0.9008797653958944,179.6340998481167,0.0008797653958944052,89.56221243083539
distributed,ffill,0.1,13,0.1,0.09988584474885845,175,175,6,0.9026903262736119,180.11027253039327,0.002690326273611876,89.90293161426803
distributed,ffill,0.1,13,0.1,0.09988584474885845,175,175,12,0.9046524985640436,177.11625710089777,0.0046524985640435945,88.48166877469177
distributed,ffill,0.1,13,0.1,0.09988584474885845,175,175,24,0.871602082128398,172.72103388534373,0.028397917871602063,86.17146119335204
distributed,ffill,0.1,13,0.1,0.09988584474885845,175,175,48,0.8926686217008798,176.21458469187286,0.007331378299120228,87.968032340924
distributed,ffill,0.1,14,0.1,0.09988584474885845,175,175,6,0.9055523755008587,182.23241348235695,0.005552375500858631,90.92859318452642
distributed,ffill,0.1,14,0.1,0.09988584474885845,175,175,12,0.9075244112578977,178.26693214437665,0.007524411257897712,89.13176484810072
distributed,ffill,0.1,14,0.1,0.09988584474885845,175,175,24,0.8849045691150954,179.44694090627644,0.015095430884904615,89.480605760766
distributed,ffill,0.1,14,0.1,0.09988584474885845,175,175,48,0.9008797653958944,179.74541937350523,0.0008797653958944052,89.78567973981339
distributed,ffill,0.1,15,0.1,0.09988584474885845,175,175,6,0.9055523755008587,181.5582587289428,0.005552375500858631,90.37604215266197
distributed,ffill,0.1,15,0.1,0.09988584474885845,175,175,12,0.9080987937966686,178.79551563767842,0.008098793796668557,89.26017522437957
distributed,ffill,0.1,15,0.1,0.09988584474885845,175,175,24,0.8820127241179873,178.55000352486348,0.017987275882012765,89.10402992018886
distributed,ffill,0.1,15,0.1,0.09988584474885845,175,175,48,0.898533724340176,178.89540779403842,0.0014662756598240456,89.06432847513322
distributed,ffill,0.1,16,0.1,0.09988584474885845,175,175,6,0.9055523755008587,181.5582587289428,0.005552375500858631,90.09539355251636
distributed,ffill,0.1,16,0.1,0.09988584474885845,175,175,12,0.9058012636415853,177.78896556367076,0.005801263641585286,88.59176397358758
distributed,ffill,0.1,16,0.1,0.09988584474885845,175,175,24,0.8756506651243493,174.47213745484652,0.02434933487565072,86.458655537749
distributed,ffill,0.1,16,0.1,0.09988584474885845,175,175,48,0.8909090909090909,175.72238990292132,0.00909090909090915,87.75598961755625
distributed,ffill,0.1,17,0.1,0.09988584474885845,175,175,6,0.9026903262736119,180.1447586653178,0.002690326273611876,90.03232397805462
distributed,ffill,0.1,17,0.1,0.09988584474885845,175,175,12,0.9080987937966686,178.44803105071028,0.008098793796668557,89.19392439542679
distributed,ffill,0.1,17,0.1,0.09988584474885845,175,175,24,0.8987854251012146,184.9112711700171,0.0012145748987854033,92.27873467545209
distributed,ffill,0.1,17,0.1,0.09988584474885845,175,175,48,0.9090909090909091,184.3525803240788,0.009090909090909038,92.12823255170471
distributed,ffill,0.1,18,0.1,0.09988584474885845,175,175,6,0.8958214081282198,177.8007928395725,0.004178591871780268,88.84607525585848
distributed,ffill,0.1,18,0.1,0.09988584474885845,175,175,12,0.9080987937966686,178.44803105071028,0.008098793796668557,89.19392439542679
distributed,ffill,0.1,18,0.1,0.09988584474885845,175,175,24,0.8710237131289763,172.3357279213209,0.028976286871023715,86.06773272829014
distributed,ffill,0.1,18,0.1,0.09988584474885845,175,175,48,0.8897360703812317,175.41284893532514,0.01026392961876832,87.69128591640879
distributed,ffill,0.1,19,0.1,0.09988584474885845,175,175,6,0.9026903262736119,180.1447586653178,0.002690326273611876,89.90638357167288
distributed,ffill,0.1,19,0.1,0.09988584474885845,175,175,12,0.9126938541068351,180.21297386954228,0.0126938541068351,89.99882550417082
distributed,ffill,0.1,19,0.1,0.09988584474885845,175,175,24,0.8831694621168306,178.95785358523943,0.01683053788316946,89.4281193996245
distributed,ffill,0.1,19,0.1,0.09988584474885845,175,175,48,0.9085043988269794,183.7930326208272,0.008504398826979398,91.78209722585024
distributed,ffill,0.2,0,0.2,0.1997716894977169,350,350,6,0.8952489982827705,177.73133245562218,0.0047510017172295305,88.7405481846555
distributed,ffill,0.2,0,0.2,0.1997716894977169,350,350,12,0.9006318207926479,175.36360968943336,0.0006318207926478969,87.51876406237498
distributed,ffill,0.2,0,0.2,0.1997716894977169,350,350,24,0.9080393290919607,189.49643220318939,0.0080393290919607,94.02981447158223
distributed,ffill,0.2,0,0.2,0.1997716894977169,350,350,48,0.9513196480938416,210.6703332603802,0.0513196480938416,104.78626911522889
distributed,ffill,0.2,1,0.2,0.1997716894977169,350,350,6,0.8946765884373211,177.3092241708102,0.005323411562678904,88.48730651142334
distributed,ffill,0.2,1,0.2,0.1997716894977169,350,350,12,0.9000574382538771,175.24636083083286,5.743825387705126e-05,87.61963311211409
distributed,ffill,0.2,1,0.2,0.1997716894977169,350,350,24,0.8820127241179873,178.54500825699492,0.017987275882012765,89.10402992018886
distributed,ffill,0.2,1,0.2,0.1997716894977169,350,350,48,0.8944281524926686,178.16054149240986,0.005571847507331418,88.98496170025352
distributed,ffill,0.2,2,0.2,0.1997716894977169,350,350,6,0.8952489982827705,177.65296856781174,0.0047510017172295305,88.34502069020137
distributed,ffill,0.2,2,0.2,0.1997716894977169,350,350,12,0.9006318207926479,175.49516325605248,0.0006318207926478969,87.68838252304765
distributed,ffill,0.2,2,0.2,0.1997716894977169,350,350,24,0.8877964141122036,180.2559966709954,0.012203585887796464,89.59921188425162
distributed,ffill,0.2,2,0.2,0.1997716894977169,350,350,48,0.9131964809384164,186.62458638127396,0.01319648093841641,92.77011997392286
distributed,ffill,0.2,3,0.2,0.1997716894977169,350,350,6,0.8935317687464225,176.8784804486046,0.006468231253577539,88.16104624822083
distributed,ffill,0.2,3,0.2,0.1997716894977169,350,350,12,0.9000574382538771,175.0298793074736,5.743825387705126e-05,87.50207754327697
distributed,ffill,0.2,3,0.2,0.1997716894977169,350,350,24,0.8889531521110469,181.15317235644858,0.01104684788895316,90.41958925802241
distributed,ffill,0.2,3,0.2,0.1997716894977169,350,350,48,0.910850439882698,185.31999279745904,0.01085043988269796,92.38352226313842
distributed,ffill,0.2,4,0.2,0.1997716894977169,350,350,6,0.8889524899828277,173.28117093985833,0.011047510017172302,86.417726027251
distributed,ffill,0.2,4,0.2,0.1997716894977169,350,350,12,0.8966111430212521,172.24118431211292,0.0033888569787479117,85.94301191972953
distributed,ffill,0.2,4,0.2,0.1997716894977169,350,350,24,0.86524002313476,168.6564025906236,0.034759976865240017,84.06134152625376
distributed,ffill,0.2,4,0.2,0.1997716894977169,350,350,48,0.8873900293255131,173.75208381164956,0.012609970674486881,86.77887003177749
distributed,ffill,0.2,5,0.2,0.1997716894977169,350,350,6,0.8809387521465369,170.53003161974289,0.01906124785346308,85.06759557759588
distributed,ffill,0.2,5,0.2,0.1997716894977169,350,350,12,0.8891441700172314,169.45197417492332,0.010855829982768572,84.61672973920837
distributed,ffill,0.2,5,0.2,0.1997716894977169,350,350,24,0.8594563331405437,165.54045148875383,0.04054366685945632,82.6961608230562
distributed,ffill,0.2,5,0.2,0.1997716894977169,350,350,48,0.8762463343108504,169.73031109967525,0.023753665689149606,84.68727221592398
distributed,ffill,0.2,6,0.2,0.1997716894977169,350,350,6,0.8918145392100744,174.97100083774765,0.008185460789925658,87.38780644781215
distributed,ffill,0.2,6,0.2,0.1997716894977169,350,350,12,0.8977599080987938,172.4833913296613,0.0022400919012062204,86.1327025069339
distributed,ffill,0.2,6,0.2,0.1997716894977169,350,350,24,0.86524002313476,168.8896981162145,0.034759976865240017,84.33521570777552
distributed,ffill,0.2,6,0.2,0.1997716894977169,350,350,48,0.886217008797654,172.3129903014273,0.013782991202346051,85.82802801156011
distributed,ffill,0.2,7,0.2,0.1997716894977169,350,350,6,0.8918145392100744,174.82631859327657,0.008185460789925658,87.32095242118655
distributed,ffill,0.2,7,0.2,0.1997716894977169,350,350,12,0.8989086731763355,173.67961669950998,0.001091326823664529,86.30150693332315
distributed,ffill,0.2,7,0.2,0.1997716894977169,350,350,24,0.8704453441295547,171.65181439772044,0.029554655870445368,85.74124013328444
distributed,ffill,0.2,7,0.2,0.1997716894977169,350,350,48,0.8897360703812317,175.41284893532514,0.01026392961876832,87.61396226076668
distributed,ffill,0.2,8,0.2,0.1997716894977169,350,350,6,0.8918145392100744,174.97100083774765,0.008185460789925658,87.38780644781215
distributed,ffill,0.2,8,0.2,0.1997716894977169,350,350,12,0.8948879954049397,171.84656156471968,0.005112004595060338,85.42166665582032
distributed,ffill,0.2,8,0.2,0.1997716894977169,350,350,24,0.86524002313476,168.6564025906236,0.034759976865240017,84.23938808121791
distributed,ffill,0.2,8,0.2,0.1997716894977169,350,350,48,0.886217008797654,172.3129903014273,0.013782991202346051,85.82802801156011
distributed,ffill,0.2,9,0.2,0.1997716894977169,350,350,6,0.9015455065827133,179.4411042440128,0.0015455065827132408,89.69772489465831
distributed,ffill,0.2,9,0.2,0.1997716894977169,350,350,12,0.9046524985640436,177.11625710089777,0.0046524985640435945,88.48166877469177
distributed,ffill,0.2,9,0.2,0.1997716894977169,350,350,24,0.896471949103528,184.0956044088581,0.0035280508964720125,91.45749956723083
distributed,ffill,0.2,9,0.2,0.1997716894977169,350,350,48,0.9296187683284457,194.64351141856332,0.029618768328445677,97.25759636991445
distributed,ffill,0.2,10,0.2,0.1997716894977169,350,350,6,0.8929593589009731,176.3093371637167,0.007040641099026912,87.99342706840267
distributed,ffill,0.2,10,0.2,0.1997716894977169,350,350,12,0.9046524985640436,176.80406054862786,0.0046524985640435945,88.33612711398735
distributed,ffill,0.2,10,0.2,0.1997716894977169,350,350,24,0.8849045691150954,179.44694090627644,0.015095430884904615,89.480605760766
distributed,ffill,0.2,10,0.2,0.1997716894977169,350,350,48,0.9131964809384164,186.5551958798263,0.01319648093841641,92.92413123029834
distributed,ffill,0.2,11,0.2,0.1997716894977169,350,350,6,0.8929593589009731,176.33484782916665,0.007040641099026912,88.13655950840459
distributed,ffill,0.2,11,0.2,0.1997716894977169,350,350,12,0.8994830557151062,174.09676719746642,0.0005169442848937944,87.01934747436032
distributed,ffill,0.2,11,0.2,0.1997716894977169,350,350,24,0.8727588201272412,173.04513944540463,0.02724117987275887,86.458655537749
distributed,ffill,0.2,11,0.2,0.1997716894977169,350,350,48,0.9131964809384164,186.44088221982307,0.01319648093841641,92.78198823804976
distributed,ffill,0.2,12,0.2,0.1997716894977169,350,350,6,0.8912421293646251,174.55890248677414,0.00875787063537492,87.22188067349364
distributed,ffill,0.2,12,0.2,0.1997716894977169,350,350,12,0.9000574382538771,174.61679571657208,5.743825387705126e-05,87.1212957926638
distributed,ffill,0.2,12,0.2,0.1997716894977169,350,350,24,0.8710237131289763,172.3357279213209,0.028976286871023715,85.9053962160688
distributed,ffill,0.2,12,0.2,0.1997716894977169,350,350,48,0.893841642228739,177.3092241708102,0.006158357771261058,88.54454515535846
distributed,ffill,0.2,13,0.2,0.1997716894977169,350,350,6,0.8912421293646251,174.34294414567657,0.00875787063537492,86.71657292758036
distributed,ffill,0.2,13,0.2,0.1997716894977169,350,350,12,0.8983342906375646,173.52963166748373,0.0016657093624353747,86.29400768172184
distributed,ffill,0.2,13,0.2,0.1997716894977169,350,350,24,0.86524002313476,168.6564025906236,0.034759976865240017,84.23938808121791
distributed,ffill,0.2,13,0.2,0.1997716894977169,350,350,48,0.8926686217008798,175.989788549037,0.007331378299120228,87.90576909485064
distributed,ffill,0.2,14,0.2,0.1997716894977169,350,350,6,0.8912421293646251,174.54457854829798,0.00875787063537492,86.98201622903491
distributed,ffill,0.2,14,0.2,0.1997716894977169,350,350,12,0.8994830557151062,174.2010133485226,0.0005169442848937944,87.05359590628602
distributed,ffill,0.2,14,0.2,0.1997716894977169,350,350,24,0.8692886061307113,170.7346154335558,0.030711393869288672,85.10617980971601
distributed,ffill,0.2,14,0.2,0.1997716894977169,350,350,48,0.8926686217008798,176.34647345019388,0.007331378299120228,87.92681398710458
distributed,ffill,0.2,15,0.2,0.1997716894977169,350,350,6,0.8912421293646251,174.54457854829798,0.00875787063537492,86.90602877138372
distributed,ffill,0.2,15,0.2,0.1997716894977169,350,350,12,0.8983342906375646,173.52963166748373,0.0016657093624353747,86.29400768172184
distributed,ffill,0.2,15,0.2,0.1997716894977169,350,350,24,0.8629265471370735,167.58526110452243,0.037073452862926515,83.37002089407476
distributed,ffill,0.2,15,0.2,0.1997716894977169,350,350,48,0.8768328445747801,169.83697989483568,0.023167155425219965,84.68965567983592
distributed,ffill,0.2,16,0.2,0.1997716894977169,350,350,6,0.8895248998282771,173.5851207704631,0.010475100171722929,86.48885709130343
distributed,ffill,0.2,16,0.2,0.1997716894977169,350,350,12,0.8983342906375646,173.52963166748373,0.0016657093624353747,86.29400768172184
distributed,ffill,0.2,16,0.2,0.1997716894977169,350,350,24,0.8675534991324465,170.4088405569696,0.03244650086755352,84.85035081155046
distributed,ffill,0.2,16,0.2,0.1997716894977169,350,350,48,0.8868035190615836,172.64170157937406,0.01319648093841641,85.63421575936285
distributed,ffill,0.2,17,0.2,0.1997716894977169,350,350,6,0.8946765884373211,177.07074559708877,0.005323411562678904,88.3033320694428
distributed,ffill,0.2,17,0.2,0.1997716894977169,350,350,12,0.8994830557151062,174.09676719746642,0.0005169442848937944,87.03293212423218
distributed,ffill,0.2,17,0.2,0.1997716894977169,350,350,24,0.8999421631000578,185.07673219864597,5.783689994220964e-05,92.47414422807894
distributed,ffill,0.2,17,0.2,0.1997716894977169,350,350,48,0.9266862170087976,192.53603760560662,0.026686217008797586,95.94468867060233
distributed,ffill,0.2,18,0.2,0.1997716894977169,350,350,6,0.8752146536920435,168.75496102490706,0.02478534630795648,83.71901488069439
distributed,ffill,0.2,18,0.2,0.1997716894977169,350,350,12,0.9000574382538771,175.00129683978508,5.743825387705126e-05,87.43896892188032
distributed,ffill,0.2,18,0.2,0.1997716894977169,350,350,24,0.8727588201272412,173.02305686763188,0.02724117987275887,86.38199085408976
distributed,ffill,0.2,18,0.2,0.1997716894977169,350,350,48,0.8944281524926686,177.6044550914578,0.005571847507331418,88.68560674511666
distributed,ffill,0.2,19,0.2,0.1997716894977169,350,350,6,0.8918145392100744,175.4034283844121,0.008185460789925658,87.45571943220816
distributed,ffill,0.2,19,0.2,0.1997716894977169,350,350,12,0.8994830557151062,174.09676719746642,0.0005169442848937944,86.86066587465284
distributed,ffill,0.2,19,0.2,0.1997716894977169,350,350,24,0.8669751301330249,169.65381811642217,0.03302486986697517,84.76661657807868
distributed,ffill,0.2,19,0.2,0.1997716894977169,350,350,48,0.9008797653958944,179.6340998481167,0.0008797653958944052,89.67277611501554
distributed,ffill,0.3,0,0.3,0.2996575342465753,525,525,6,0.8889524899828277,173.28117093985833,0.011047510017172302,86.24307790852562
distributed,ffill,0.3,0,0.3,0.2996575342465753,525,525,12,0.8960367604824814,172.10073851764173,0.003963239517518646,85.93598963000596
distributed,ffill,0.3,0,0.3,0.2996575342465753,525,525,24,0.8976286871023713,184.63765268616362,0.002371312897628708,91.56208802143773
distributed,ffill,0.3,0,0.3,0.2996575342465753,525,525,48,0.9478005865102639,206.17726676758892,0.047800586510263865,102.67901283500802
distributed,ffill,0.3,1,0.3,0.2996575342465753,525,525,6,0.8912421293646251,174.54457854829798,0.00875787063537492,86.71657292758036
distributed,ffill,0.3,1,0.3,0.2996575342465753,525,525,12,0.887421022400919,168.4610222387759,0.012578977599080998,84.13694908777283
distributed,ffill,0.3,1,0.3,0.2996575342465753,525,525,24,0.8976286871023713,184.52135687238032,0.002371312897628708,91.95386177503147
distributed,ffill,0.3,1,0.3,0.2996575342465753,525,525,48,0.9296187683284457,194.0567745774925,0.029618768328445677,96.75915383266232
distributed,ffill,0.3,2,0.3,0.2996575342465753,525,525,6,0.8734974241556954,167.78421841163146,0.0265025758443046,83.02800553218633
distributed,ffill,0.3,2,0.3,0.2996575342465753,525,525,12,0.8753589890867317,163.8179404979,0.024641010913268313,81.48834038988115
distributed,ffill,0.3,2,0.3,0.2996575342465753,525,525,24,0.86524002313476,168.6564025906236,0.034759976865240017,84.2632772442266
distributed,ffill,0.3,2,0.3,0.2996575342465753,525,525,48,0.9020527859237537,180.7589853343691,0.002052785923753686,90.23457168327396
distributed,ffill,0.3,3,0.3,0.2996575342465753,525,525,6,0.8866628506010303,172.51601098704305,0.013337149398969683,86.22534963505048
distributed,ffill,0.3,3,0.3,0.2996575342465753,525,525,12,0.893739230327398,171.5993838941177,0.006260769672602029,85.36562697454647
distributed,ffill,0.3,3,0.3,0.2996575342465753,525,525,24,0.8820127241179873,178.54500825699492,0.017987275882012765,89.08234957857624
distributed,ffill,0.3,3,0.3,0.2996575342465753,525,525,48,0.9131964809384164,186.03498373308446,0.01319648093841641,92.38352226313842
distributed,ffill,0.3,4,0.3,0.2996575342465753,525,525,6,0.8689181453921008,164.6970913721797,0.03108185460789925,82.24161641983005
distributed,ffill,0.3,4,0.3,0.2996575342465753,525,525,12,0.8730614589316484,162.51910758593982,0.026938541068351585,81.0914941224239
distributed,ffill,0.3,4,0.3,0.2996575342465753,525,525,24,0.8582995951417004,164.65842482428394,0.04170040485829962,82.1929372459557
distributed,ffill,0.3,4,0.3,0.2996575342465753,525,525,48,0.8715542521994135,168.19797802997806,0.028445747800586507,84.07297512761254
distributed,ffill,0.3,5,0.3,0.2996575342465753,525,525,6,0.867773325701202,164.292224873195,0.032226674298798,81.90595951725227
distributed,ffill,0.3,5,0.3,0.2996575342465753,525,525,12,0.8730614589316484,162.92294119194352,0.026938541068351585,81.39802840337526
distributed,ffill,0.3,5,0.3,0.2996575342465753,525,525,24,0.8502024291497976,162.78195854172907,0.04979757085020242,81.1026090393897
distributed,ffill,0.3,5,0.3,0.2996575342465753,525,525,48,0.8656891495601173,165.95075352662437,0.03431085043988269,82.69663264740909
distributed,ffill,0.3,6,0.3,0.2996575342465753,525,525,6,0.8740698340011448,168.17099859587645,0.025930165998855226,83.4332677919348
distributed,ffill,0.3,6,0.3,0.2996575342465753,525,525,12,0.8816771970132108,166.1332875308258,0.018322802986789233,83.01791094429727
distributed,ffill,0.3,6,0.3,0.2996575342465753,525,525,24,0.86524002313476,168.7031653403817,0.034759976865240017,84.2446458752263
distributed,ffill,0.3,6,0.3,0.2996575342465753,525,525,48,0.8885630498533724,174.8542527476476,0.0114369501466276,87.22239204349218
distributed,ffill,0.3,7,0.3,0.2996575342465753,525,525,6,0.8443045220377791,157.71111201243994,0.05569547796222096,78.73042304829305
distributed,ffill,0.3,7,0.3,0.2996575342465753,525,525,12,0.8724870763928777,161.81577189757246,0.02751292360712232,80.88649672059819
distributed,ffill,0.3,7,0.3,0.2996575342465753,525,525,24,0.849624060150376,162.34434512344444,0.050375939849624074,81.00938144376133
distributed,ffill,0.3,7,0.3,0.2996575342465753,525,525,48,0.8592375366568915,163.93597920910196,0.04076246334310851,81.74465647149697
distributed,ffill,0.3,8,0.3,0.2996575342465753,525,525,6,0.8672009158557528,164.10546814388186,0.03279908414424726,81.70518266612056
distributed,ffill,0.3,8,0.3,0.2996575342465753,525,525,12,0.8730614589316484,162.53529882990713,0.026938541068351585,81.26036335516828
distributed,ffill,0.3,8,0.3,0.2996575342465753,525,525,24,0.8611914401388086,166.00808423354488,0.03880855986119147,82.9160436230345
distributed,ffill,0.3,8,0.3,0.2996575342465753,525,525,48,0.8803519061583578,171.3055178370651,0.019648093841642233,85.53946862962687
distributed,ffill,0.3,9,0.3,0.2996575342465753,525,525,6,0.8706353749284488,165.9631152005297,0.029364625071551242,82.4430451630035
distributed,ffill,0.3,9,0.3,0.2996575342465753,525,525,12,0.8788052843193567,164.58690165877914,0.02119471568064335,82.00706442663265
distributed,ffill,0.3,9,0.3,0.2996575342465753,525,525,24,0.8768074031231926,175.98763423267326,0.023192596876807414,87.56391889146515
distributed,ffill,0.3,9,0.3,0.2996575342465753,525,525,48,0.918475073313783,187.66513568622946,0.018475073313782953,93.48164385643109
distributed,ffill,0.3,10,0.3,0.2996575342465753,525,525,6,0.8803663423010876,170.0438386650515,0.019633657698912454,84.13479485913463
distributed,ffill,0.3,10,0.3,0.2996575342465753,525,525,12,0.8902929350947731,170.3116145856871,0.009707064905226881,85.08060138441364
distributed,ffill,0.3,10,0.3,0.2996575342465753,525,525,24,0.8704453441295547,171.41156785471813,0.029554655870445368,85.55612297974187
distributed,ffill,0.3,10,0.3,0.2996575342465753,525,525,48,0.9020527859237537,180.37481308589946,0.002052785923753686,89.85442542550689
distributed,ffill,0.3,11,0.3,0.2996575342465753,525,525,6,0.8734974241556954,167.78421841163146,0.0265025758443046,83.65076674246481
distributed,ffill,0.3,11,0.3,0.2996575342465753,525,525,12,0.887421022400919,168.20768187716413,0.012578977599080998,83.92799201827816
distributed,ffill,0.3,11,0.3,0.2996575342465753,525,525,24,0.8710237131289763,172.10367790488255,0.028976286871023715,85.80157485400646
distributed,ffill,0.3,11,0.3,0.2996575342465753,525,525,48,0.9131964809384164,186.44088221982307,0.01319648093841641,93.11964519719695
distributed,ffill,0.3,12,0.3,0.2996575342465753,525,525,6,0.8689181453921008,164.6970913721797,0.03108185460789925,82.24161641983005
distributed,ffill,0.3,12,0.3,0.2996575342465753,525,525,12,0.8765077541642734,164.0810840848987,0.02349224583572662,81.9817735479386
distributed,ffill,0.3,12,0.3,0.2996575342465753,525,525,24,0.8640832851359167,168.03946714908193,0.03591671486408332,83.64474182073407
distributed,ffill,0.3,12,0.3,0.2996575342465753,525,525,48,0.8768328445747801,170.1000378033138,0.023167155425219965,84.77059945064903
distributed,ffill,0.3,13,0.3,0.2996575342465753,525,525,6,0.8729250143102462,167.0918411111461,0.02707498568975386,83.4332677919348
distributed,ffill,0.3,13,0.3,0.2996575342465753,525,525,12,0.8753589890867317,163.8179404979,0.024641010913268313,81.5226975456797
distributed,ffill,0.3,13,0.3,0.2996575342465753,525,525,24,0.8548293811451706,163.93882353300086,0.045170618854829425,81.72435579464715
distributed,ffill,0.3,13,0.3,0.2996575342465753,525,525,48,0.8715542521994135,168.1394991983858,0.028445747800586507,83.65904911784708
distributed,ffill,0.3,14,0.3,0.2996575342465753,525,525,6,0.8649112764739554,162.93285413507613,0.03508872352604464,80.76418109100598
distributed,ffill,0.3,14,0.3,0.2996575342465753,525,525,12,0.8753589890867317,163.8634731686276,0.024641010913268313,81.52497417921609
distributed,ffill,0.3,14,0.3,0.2996575342465753,525,525,24,0.8582995951417004,164.65842482428394,0.04170040485829962,82.23123337025407
distributed,ffill,0.3,14,0.3,0.2996575342465753,525,525,48,0.8674486803519061,166.96040283463492,0.03255131964809388,83.10540253565854
distributed,ffill,0.3,15,0.3,0.2996575342465753,525,525,6,0.8654836863194046,163.31403404626545,0.03451631368059538,81.55027010876145
distributed,ffill,0.3,15,0.3,0.2996575342465753,525,525,12,0.8724870763928777,161.9227306759255,0.02751292360712232,80.96094396992402
distributed,ffill,0.3,15,0.3,0.2996575342465753,525,525,24,0.8484673221515326,161.78416279544035,0.05153267784846738,80.4349378569801
distributed,ffill,0.3,15,0.3,0.2996575342465753,525,525,48,0.8598240469208212,164.13839814048993,0.04017595307917887,81.99112879521236
distributed,ffill,0.3,16,0.3,0.2996575342465753,525,525,6,0.8689181453921008,164.67424080612523,0.03108185460789925,82.04489822258142
distributed,ffill,0.3,16,0.3,0.2996575342465753,525,525,12,0.8753589890867317,163.8179404979,0.024641010913268313,81.58148371590589
distributed,ffill,0.3,16,0.3,0.2996575342465753,525,525,24,0.858877964141122,164.90513602896252,0.04112203585887797,82.24383153990468
distributed,ffill,0.3,16,0.3,0.2996575342465753,525,525,48,0.8768328445747801,169.99730653984503,0.023167155425219965,84.82103284271001
distributed,ffill,0.3,17,0.3,0.2996575342465753,525,525,6,0.8912421293646251,174.55890248677414,0.00875787063537492,86.98201622903491
distributed,ffill,0.3,17,0.3,0.2996575342465753,525,525,12,0.8977599080987938,172.52109745511058,0.0022400919012062204,86.07138720569434
distributed,ffill,0.3,17,0.3,0.2996575342465753,525,525,24,0.8976286871023713,184.52310506436442,0.002371312897628708,91.91348600411641
distributed,ffill,0.3,17,0.3,0.2996575342465753,525,525,48,0.910850439882698,185.03466212381971,0.01085043988269796,92.31608331175359
distributed,ffill,0.3,18,0.3,0.2996575342465753,525,525,6,0.840870062965083,156.0882311764833,0.05912993703491698,77.94918946061564
distributed,ffill,0.3,18,0.3,0.2996575342465753,525,525,12,0.887421022400919,168.20768187716413,0.012578977599080998,83.92799201827816
distributed,ffill,0.3,18,0.3,0.2996575342465753,525,525,24,0.8629265471370735,167.58526110452243,0.037073452862926515,83.56486783547854
distributed,ffill,0.3,18,0.3,0.2996575342465753,525,525,48,0.8868035190615836,173.17467446095543,0.01319648093841641,86.34019542783611
distributed,ffill,0.3,19,0.3,0.2996575342465753,525,525,6,0.8689181453921008,164.67424080612523,0.03108185460789925,81.99820904025314
distributed,ffill,0.3,19,0.3,0.2996575342465753,525,525,12,0.8724870763928777,162.0351024023994,0.02751292360712232,80.74305961365843
distributed,ffill,0.3,19,0.3,0.2996575342465753,525,525,24,0.8530942741469058,163.3706516564069,0.04690572585309427,81.57333311571387
distributed,ffill,0.3,19,0.3,0.2996575342465753,525,525,48,0.8703812316715542,167.97361140677071,0.029618768328445788,83.79274218335891
distributed,ffill,0.4,0,0.4,0.3995433789954338,700,700,6,0.859187178019462,161.5433458157023,0.04081282198053804,80.21641925135793
distributed,ffill,0.4,0,0.4,0.3995433789954338,700,700,12,0.8558299827685238,156.7189671506215,0.04417001723147618,78.30388830308353
distributed,ffill,0.4,0,0.4,0.3995433789954338,700,700,24,0.8415268941584731,159.97268076971176,0.05847310584152687,79.8897389700553
distributed,ffill,0.4,0,0.4,0.3995433789954338,700,700,48,0.8651026392961877,165.23839239639773,0.03489736070381233,82.53477406533668
distributed,ffill,0.4,1,0.4,0.3995433789954338,700,700,6,0.8689181453921008,164.67424080612523,0.03108185460789925,81.96871827508744
distributed,ffill,0.4,1,0.4,0.3995433789954338,700,700,12,0.8788052843193567,164.58690165877914,0.02119471568064335,82.00706442663265
distributed,ffill,0.4,1,0.4,0.3995433789954338,700,700,24,0.8976286871023713,184.52310506436442,0.002371312897628708,92.06633178831127
distributed,ffill,0.4,1,0.4,0.3995433789954338,700,700,48,0.9495601173020528,207.5866886620066,0.049560117302052786,103.7933443310033
distributed,ffill,0.4,2,0.4,0.3995433789954338,700,700,6,0.864338866628506,162.62759670458365,0.035661133371494014,80.72146538584889
distributed,ffill,0.4,2,0.4,0.3995433789954338,700,700,12,0.8684663986214819,160.3669914082808,0.03153360137851813,80.17720891512643
distributed,ffill,0.4,2,0.4,0.3995433789954338,700,700,24,0.871602082128398,172.65152500037217,0.028397917871602063,85.53978156555864
distributed,ffill,0.4,2,0.4,0.3995433789954338,700,700,48,0.9173020527859238,187.25331846776504,0.017302052785923783,93.02485351240628
distributed,ffill,0.4,3,0.4,0.3995433789954338,700,700,6,0.8734974241556954,167.51122585871315,0.0265025758443046,83.4332677919348
distributed,ffill,0.4,3,0.4,0.3995433789954338,700,700,12,0.8724870763928777,162.14564165139308,0.02751292360712232,81.03378528279961
distributed,ffill,0.4,3,0.4,0.3995433789954338,700,700,24,0.8640832851359167,168.0186347239765,0.03591671486408332,83.83220834234596
distributed,ffill,0.4,3,0.4,0.3995433789954338,700,700,48,0.9008797653958944,179.7716171982586,0.0008797653958944052,89.8720298299937
distributed,ffill,0.4,4,0.4,0.3995433789954338,700,700,6,0.8397252432741843,155.26996522010114,0.060274756725815726,77.58272318452424
distributed,ffill,0.4,4,0.4,0.3995433789954338,700,700,12,0.8431935669155658,152.85305661783303,0.05680643308443423,75.73134041589965
distributed,ffill,0.4,4,0.4,0.3995433789954338,700,700,24,0.8340080971659919,157.90606948781232,0.06599190283400813,78.82217669334389
distributed,ffill,0.4,4,0.4,0.3995433789954338,700,700,48,0.8580645161290322,163.49164025889257,0.041935483870967794,81.5380390945069
distributed,ffill,0.4,5,0.4,0.3995433789954338,700,700,6,0.8443045220377791,157.31459393705654,0.05569547796222096,78.49306029910929
distributed,ffill,0.4,5,0.4,0.3995433789954338,700,700,12,0.8638713383113154,158.55833883694424,0.03612866168868467,78.9545897632295
distributed,ffill,0.4,5,0.4,0.3995433789954338,700,700,24,0.8478889531521111,160.99715801620943,0.05211104684788892,80.38307900317189
distributed,ffill,0.4,5,0.4,0.3995433789954338,700,700,48,0.8651026392961877,165.23839239639773,0.03489736070381233,82.5289508528277
distributed,ffill,0.4,6,0.4,0.3995433789954338,700,700,6,0.8506010303377218,159.31306730253647,0.04939896966227819,79.44130534843654
distributed,ffill,0.4,6,0.4,0.3995433789954338,700,700,12,0.8793796668581275,164.76085880590085,0.020620333141872504,82.21180129553035
distributed,ffill,0.4,6,0.4,0.3995433789954338,700,700,24,0.8623481781376519,166.65414815673623,0.03765182186234817,83.25461212337684
distributed,ffill,0.4,6,0.4,0.3995433789954338,700,700,48,0.8926686217008798,176.36471693376848,0.007331378299120228,87.94198243252693
distributed,ffill,0.4,7,0.4,0.3995433789954338,700,700,6,0.8288494562106469,151.0151686574955,0.07115054378935315,75.44753736143159
distributed,ffill,0.4,7,0.4,0.3995433789954338,700,700,12,0.8523836875358989,154.34027152238662,0.04761631246410114,76.9790690934854
distributed,ffill,0.4,7,0.4,0.3995433789954338,700,700,24,0.8340080971659919,157.71255344988717,0.06599190283400813,78.69913847893591
distributed,ffill,0.4,7,0.4,0.3995433789954338,700,700,48,0.8281524926686217,151.19563428802687,0.07184750733137835,75.2464981765134
distributed,ffill,0.4,8,0.4,0.3995433789954338,700,700,6,0.8334287349742415,153.14444404179147,0.0665712650257585,76.39244211740268
distributed,ffill,0.4,8,0.4,0.3995433789954338,700,700,12,0.8541068351522114,154.58983241961403,0.0458931648477886,77.16213461667144
distributed,ffill,0.4,8,0.4,0.3995433789954338,700,700,24,0.8340080971659919,157.90606948781232,0.06599190283400813,78.70489813259735
distributed,ffill,0.4,8,0.4,0.3995433789954338,700,700,48,0.8762463343108504,169.5822530831386,0.023753665689149606,84.00346425713208
distributed,ffill,0.4,9,0.4,0.3995433789954338,700,700,6,0.8397252432741843,155.25511759270591,0.060274756725815726,77.53592073462127
distributed,ffill,0.4,9,0.4,0.3995433789954338,700,700,12,0.8564043653072947,157.10413072694234,0.04359563469270533,78.3231464818996
distributed,ffill,0.4,9,0.4,0.3995433789954338,700,700,24,0.8577212261422787,164.51926191786674,0.042278773857721275,82.03650768829539
distributed,ffill,0.4,9,0.4,0.3995433789954338,700,700,48,0.9190615835777126,188.01931520928818,0.019061583577712593,93.80919579569043
distributed,ffill,0.4,10,0.4,0.3995433789954338,700,700,6,0.8586147681740126,161.3425157276932,0.04138523182598741,80.12230587316898
distributed,ffill,0.4,10,0.4,0.3995433789954338,700,700,12,0.8673176335439403,159.5740026000514,0.03268236645605971,79.76448144095795
distributed,ffill,0.4,10,0.4,0.3995433789954338,700,700,24,0.86524002313476,169.0229497371787,0.034759976865240017,84.37956258656577
distributed,ffill,0.4,10,0.4,0.3995433789954338,700,700,48,0.9008797653958944,179.74088699511253,0.0008797653958944052,89.79210945227038
distributed,ffill,0.4,11,0.4,0.3995433789954338,700,700,6,0.8528906697195192,160.17845477587397,0.04710933028048081,79.97213036241082
distributed,ffill,0.4,11,0.4,0.3995433789954338,700,700,12,0.8730614589316484,162.55656448125757,0.026938541068351585,81.27711376332644
distributed,ffill,0.4,11,0.4,0.3995433789954338,700,700,24,0.8669751301330249,169.73120280060368,0.03302486986697517,84.72763415171939
distributed,ffill,0.4,11,0.4,0.3995433789954338,700,700,48,0.9131964809384164,186.66120348134234,0.01319648093841641,93.20700153038197
distributed,ffill,0.4,12,0.4,0.3995433789954338,700,700,6,0.8443045220377791,157.7516722039627,0.05569547796222096,78.83263910748548
distributed,ffill,0.4,12,0.4,0.3995433789954338,700,700,12,0.858701895462378,157.76687667193792,0.04129810453762206,78.87242992879845
distributed,ffill,0.4,12,0.4,0.3995433789954338,700,700,24,0.8490456911509543,162.01294438076673,0.050954308849045726,80.76243189392885
distributed,ffill,0.4,12,0.4,0.3995433789954338,700,700,48,0.8580645161290322,163.45354149703275,0.041935483870967794,81.31137521001249
distributed,ffill,0.4,13,0.4,0.3995433789954338,700,700,6,0.8528906697195192,160.10401927352814,0.04710933028048081,79.69398370333192
distributed,ffill,0.4,13,0.4,0.3995433789954338,700,700,12,0.8541068351522114,154.60570845848957,0.0458931648477886,77.23343779885917
distributed,ffill,0.4,13,0.4,0.3995433789954338,700,700,24,0.8415268941584731,159.90715545060397,0.05847310584152687,79.36769102793977
distributed,ffill,0.4,13,0.4,0.3995433789954338,700,700,48,0.8651026392961877,165.32240652828818,0.03489736070381233,82.51313735093245
distributed,ffill,0.4,14,0.4,0.3995433789954338,700,700,6,0.8340011448196909,153.95224708828215,0.06599885518030912,76.61884251452165
distributed,ffill,0.4,14,0.4,0.3995433789954338,700,700,12,0.8673176335439403,159.50103608549585,0.03268236645605971,79.4326391916969
distributed,ffill,0.4,14,0.4,0.3995433789954338,700,700,24,0.8554077501445922,164.03282958509092,0.04459224985540777,81.68618185260382
distributed,ffill,0.4,14,0.4,0.3995433789954338,700,700,48,0.8744868035190616,169.0968974039742,0.025513196480938416,84.17783684438841
distributed,ffill,0.4,15,0.4,0.3995433789954338,700,700,6,0.8340011448196909,153.95224708828215,0.06599885518030912,76.4746033852368
distributed,ffill,0.4,15,0.4,0.3995433789954338,700,700,12,0.8541068351522114,155.01611662536843,0.0458931648477886,77.01286134863454
distributed,ffill,0.4,15,0.4,0.3995433789954338,700,700,24,0.8230190861769809,155.01793218778653,0.07698091382301908,76.86427470077643
distributed,ffill,0.4,15,0.4,0.3995433789954338,700,700,48,0.8475073313782991,158.73457958226209,0.05249266862170088,79.27104030051598
distributed,ffill,0.4,16,0.4,0.3995433789954338,700,700,6,0.8414424728105323,156.58071955524028,0.05855752718946772,77.76231606928097
distributed,ffill,0.4,16,0.4,0.3995433789954338,700,700,12,0.8598506605399195,157.8911496747328,0.04014933946008048,78.88965198610872
distributed,ffill,0.4,16,0.4,0.3995433789954338,700,700,24,0.8490456911509543,161.9174018194251,0.050954308849045726,80.76004351651932
distributed,ffill,0.4,16,0.4,0.3995433789954338,700,700,48,0.8592375366568915,163.93597920910196,0.04076246334310851,81.8574988666486
distributed,ffill,0.4,17,0.4,0.3995433789954338,700,700,6,0.8517458500286205,159.46286751079126,0.048254149971379556,79.66196737718438
distributed,ffill,0.4,17,0.4,0.3995433789954338,700,700,12,0.8523836875358989,154.34027152238662,0.04761631246410114,76.9790690934854
distributed,ffill,0.4,17,0.4,0.3995433789954338,700,700,24,0.8611914401388086,166.00808423354488,0.03880855986119147,82.7374038870755
distributed,ffill,0.4,17,0.4,0.3995433789954338,700,700,48,0.8868035190615836,172.96099735834082,0.01319648093841641,86.21555973261611
distributed,ffill,0.4,18,0.4,0.3995433789954338,700,700,6,0.8225529479107041,149.35502145360056,0.07744705208929592,74.45748823468688
distributed,ffill,0.4,18,0.4,0.3995433789954338,700,700,12,0.871338311315336,161.17600845603516,0.02866168868466401,80.57844906246257
distributed,ffill,0.4,18,0.4,0.3995433789954338,700,700,24,0.843262001156738,160.4493758864241,0.05673799884326203,80.07839568212901
distributed,ffill,0.4,18,0.4,0.3995433789954338,700,700,48,0.8592375366568915,163.94006390554927,0.04076246334310851,81.94152543013172
distributed,ffill,0.4,19,0.4,0.3995433789954338,700,700,6,0.8528906697195192,159.6124189884069,0.04710933028048081,79.72992174001098
distributed,ffill,0.4,19,0.4,0.3995433789954338,700,700,12,0.8650201033888569,159.0298404971806,0.03497989661114309,79.29119452478372
distributed,ffill,0.4,19,0.4,0.3995433789954338,700,700,24,0.8530942741469058,163.2784379291474,0.04690572585309427,81.35290505609504
distributed,ffill,0.4,19,0.4,0.3995433789954338,700,700,48,0.8715542521994135,168.1394991983858,0.028445747800586507,83.95168737498652
distributed,ffill,0.5,0,0.5,0.5,876,876,6,0.8248425872925015,150.0660937031277,0.07515741270749854,74.74873695160059
distributed,ffill,0.5,0,0.5,0.5,876,876,12,0.8276852383687536,149.62713576573543,0.0723147616312464,74.81305442641725
distributed,ffill,0.5,0,0.5,0.5,876,876,24,0.8155002891844997,151.60145573318465,0.08449971081550034,75.55820106821719
distributed,ffill,0.5,0,0.5,0.5,876,876,48,0.8340175953079179,154.27196052383687,0.06598240469208216,76.86110666329036
distributed,ffill,0.5,1,0.5,0.5,876,876,6,0.8402976531196337,155.45051576905513,0.05970234688036635,77.53592073462127
distributed,ffill,0.5,1,0.5,0.5,876,876,12,0.8558299827685238,156.43589588796002,0.04417001723147618,78.20603195003821
distributed,ffill,0.5,1,0.5,0.5,876,876,24,0.8785425101214575,177.84057880794361,0.02145748987854257,88.8680409988381
distributed,ffill,0.5,1,0.5,0.5,876,876,48,0.9495601173020528,207.5866886620066,0.049560117302052786,103.7933443310033
distributed,ffill,0.5,2,0.5,0.5,876,876,6,0.8362907842014883,154.26677572684173,0.06370921579851174,76.83989010398038
distributed,ffill,0.5,2,0.5,0.5,876,876,12,0.8340034462952326,150.72121161172095,0.06599655370476742,75.3090705130105
distributed,ffill,0.5,2,0.5,0.5,876,876,24,0.863504916136495,167.68182306445348,0.03649508386350497,83.52306037206903
distributed,ffill,0.5,2,0.5,0.5,876,876,48,0.9073313782991203,183.08223345289997,0.007331378299120228,91.54111672644999
distributed,ffill,0.5,3,0.5,0.5,876,876,6,0.8443045220377791,157.7516722039627,0.05569547796222096,78.83263910748548
distributed,ffill,0.5,3,0.5,0.5,876,876,12,0.871338311315336,161.17600845603516,0.02866168868466401,80.50292395130745
distributed,ffill,0.5,3,0.5,0.5,876,876,24,0.8756506651243493,175.0298793074736,0.02434933487565072,87.32741666599979
distributed,ffill,0.5,3,0.5,0.5,876,876,48,0.9325513196480938,195.9732708736792,0.03255131964809377,97.8823858473879
distributed,ffill,0.5,4,0.5,0.5,876,876,6,0.8070978820835718,143.7410383265274,0.09290211791642822,71.66188734766364
distributed,ffill,0.5,4,0.5,0.5,876,876,12,0.7920735209649626,139.2841308944989,0.10792647903503738,69.57206642128011
distributed,ffill,0.5,4,0.5,0.5,876,876,24,0.8091382301908617,148.65592182725624,0.09086176980913829,73.81094048657556
distributed,ffill,0.5,4,0.5,0.5,876,876,48,0.8375366568914956,156.50498296876134,0.06246334310850443,78.0054922274665
distributed,ffill,0.5,5,0.5,0.5,876,876,6,0.813966800228964,146.16587308287225,0.08603319977103607,72.71827740968638
distributed,ffill,0.5,5,0.5,0.5,876,876,12,0.8322802986789202,150.48406795113442,0.06771970132107985,75.16697618920412
distributed,ffill,0.5,5,0.5,0.5,876,876,24,0.8340080971659919,157.83705071418277,0.06599190283400813,78.52937256034474
distributed,ffill,0.5,5,0.5,0.5,876,876,48,0.8480938416422288,158.92341869448902,0.05190615835777124,79.2459311489992
distributed,ffill,0.5,6,0.5,0.5,876,876,6,0.8259874069834001,150.84208718003316,0.0740125930165999,75.22147466510319
distributed,ffill,0.5,6,0.5,0.5,876,876,12,0.8541068351522114,155.26701384332847,0.0458931648477886,77.15674865743269
distributed,ffill,0.5,6,0.5,0.5,876,876,24,0.8247541931752458,155.5625760544268,0.07524580682475424,77.74504740140755
distributed,ffill,0.5,6,0.5,0.5,876,876,48,0.866275659824047,166.1332875308258,0.03372434017595305,82.882198760812
distributed,ffill,0.5,7,0.5,0.5,876,876,6,0.8059530623926732,143.32095427037717,0.09404693760732685,71.32223712758201
distributed,ffill,0.5,7,0.5,0.5,876,876,12,0.8219414129810454,148.79615153538856,0.07805858701895463,74.36321621889682
distributed,ffill,0.5,7,0.5,0.5,876,876,24,0.8143435511856565,151.06285322296617,0.08565644881434353,75.13301612572347
distributed,ffill,0.5,7,0.5,0.5,876,876,48,0.852199413489736,160.76755990345896,0.047800586510263976,80.35160452202373
distributed,ffill,0.5,8,0.5,0.5,876,876,6,0.8099599313108186,144.94874070389488,0.09004006868918146,72.32881629666142
distributed,ffill,0.5,8,0.5,0.5,876,876,12,0.8213670304422745,148.39250382061005,0.07863296955772547,74.10867346718364
distributed,ffill,0.5,8,0.5,0.5,876,876,24,0.8224407171775593,154.58983241961403,0.07755928282244073,77.29491620980701
distributed,ffill,0.5,8,0.5,0.5,876,876,48,0.8668621700879765,166.5508354554189,0.03313782991202352,82.90581652709808
distributed,ffill,0.5,9,0.5,0.5,876,876,6,0.8214081282198054,148.92840959626614,0.07859187178019467,74.25689799279618
distributed,ffill,0.5,9,0.5,0.5,876,876,12,0.823090178058587,149.0532035284138,0.07690982194141305,74.33601810227049
distributed,ffill,0.5,9,0.5,0.5,876,876,24,0.8247541931752458,155.84010588799097,0.07524580682475424,77.62306344605226
distributed,ffill,0.5,9,0.5,0.5,876,876,48,0.8926686217008798,176.21458469187286,0.007331378299120228,87.9812611424434
distributed,ffill,0.5,10,0.5,0.5,876,876,6,0.8362907842014883,154.29904007794482,0.06370921579851174,77.13809179620458
distributed,ffill,0.5,10,0.5,0.5,876,876,12,0.8322802986789202,150.48406795113442,0.06771970132107985,75.19044814512601
distributed,ffill,0.5,10,0.5,0.5,876,876,24,0.8600347021399652,165.7231306683098,0.039965297860034776,82.48362435657936
distributed,ffill,0.5,10,0.5,0.5,876,876,48,0.9208211143695014,189.0629026930549,0.020821114369501403,94.53145134652745
distributed,ffill,0.5,11,0.5,0.5,876,876,6,0.8334287349742415,153.14444404179147,0.0665712650257585,76.26830363445609
distributed,ffill,0.5,11,0.5,0.5,876,876,12,0.8345778288340034,150.76559527104706,0.06542217116599658,75.36282498882679
distributed,ffill,0.5,11,0.5,0.5,876,876,24,0.8351648351648352,158.5122152775648,0.06483516483516483,79.0099205773761
distributed,ffill,0.5,11,0.5,0.5,876,876,48,0.8797653958944281,171.1818967759337,0.020234604105571874,85.37077758217228
distributed,ffill,0.5,12,0.5,0.5,876,876,6,0.8105323411562679,145.31847852210223,0.08946765884373209,72.41077957096942
distributed,ffill,0.5,12,0.5,0.5,876,876,12,0.8093049971280873,144.89428871708824,0.09069500287191268,72.17137698807316
distributed,ffill,0.5,12,0.5,0.5,876,876,24,0.8160786581839213,152.3530010871245,0.08392134181607869,75.84775848880639
distributed,ffill,0.5,12,0.5,0.5,876,876,48,0.829325513196481,151.92209907228627,0.07067448680351907,75.93908943701078
distributed,ffill,0.5,13,0.5,0.5,876,876,6,0.8317115054378935,152.72019030813672,0.0682884945621065,75.74771183184893
distributed,ffill,0.5,13,0.5,0.5,876,876,12,0.8213670304422745,148.59511381469477,0.07863296955772547,74.1032432801703
distributed,ffill,0.5,13,0.5,0.5,876,876,24,0.816657027183343,152.45762835352215,0.08334297281665703,76.18755589498096
distributed,ffill,0.5,13,0.5,0.5,876,876,48,0.8410557184750733,157.25173607573754,0.0589442815249267,78.6045812078701
distributed,ffill,0.5,14,0.5,0.5,876,876,6,0.8225529479107041,149.35502145360056,0.07744705208929592,74.36962037116301
distributed,ffill,0.5,14,0.5,0.5,876,876,12,0.8454910970706491,153.2994460192121,0.054508902929350955,76.61493820608334
distributed,ffill,0.5,14,0.5,0.5,876,876,24,0.8363215731636784,158.79463863871567,0.06367842683632163,78.61930959186373
distributed,ffill,0.5,14,0.5,0.5,876,876,48,0.866275659824047,166.21769992036124,0.03372434017595305,83.03227118394163
distributed,ffill,0.5,15,0.5,0.5,876,876,6,0.8076702919290212,144.21449021010565,0.09232970807097884,72.08387408147908
distributed,ffill,0.5,15,0.5,0.5,876,876,12,0.8064330844342332,144.2814723382638,0.0935669155657668,72.07899018907885
distributed,ffill,0.5,15,0.5,0.5,876,876,24,0.8027761711972238,147.44059112951936,0.09722382880277625,73.46616703724771
distributed,ffill,0.5,15,0.5,0.5,876,876,48,0.8281524926686217,151.25903920205394,0.07184750733137835,75.56608913533815
distributed,ffill,0.5,16,0.5,0.5,876,876,6,0.81740125930166,147.95026451758412,0.08259874069834006,73.835528520294
distributed,ffill,0.5,16,0.5,0.5,876,876,12,0.8558299827685238,156.40941590142268,0.04417001723147618,78.20041965908455
distributed,ffill,0.5,16,0.5,0.5,876,876,24,0.8675534991324465,170.4088405569696,0.03244650086755352,85.08287558246094
distributed,ffill,0.5,16,0.5,0.5,876,876,48,0.8944281524926686,177.81321058485685,0.005571847507331418,88.90660529242842
distributed,ffill,0.5,17,0.5,0.5,876,876,6,0.8225529479107041,149.44659933589782,0.07744705208929592,74.61520804682733
distributed,ffill,0.5,17,0.5,0.5,876,876,12,0.8213670304422745,148.59511381469477,0.07863296955772547,74.24860098228203
distributed,ffill,0.5,17,0.5,0.5,876,876,24,0.849624060150376,162.43302232172704,0.050375939849624074,81.04464419012575
distributed,ffill,0.5,17,0.5,0.5,876,876,48,0.8674486803519061,166.7414013008076,0.03255131964809388,83.11181458557792
distributed,ffill,0.5,18,0.5,0.5,876,876,6,0.7962220950200344,140.70254348111115,0.10377790497996564,70.17944101192754
distributed,ffill,0.5,18,0.5,0.5,876,876,12,0.8213670304422745,148.38554315773746,0.07863296955772547,73.99416901032983
distributed,ffill,0.5,18,0.5,0.5,876,876,24,0.8247541931752458,155.89853700198506,0.07524580682475424,77.89692074775195
distributed,ffill,0.5,18,0.5,0.5,876,876,48,0.8768328445747801,169.83697989483568,0.023167155425219965,84.55000459975011
distributed,ffill,0.5,19,0.5,0.5,876,876,6,0.8225529479107041,149.47139329459168,0.07744705208929592,74.61520804682733
distributed,ffill,0.5,19,0.5,0.5,876,876,12,0.8317059161401493,150.37027979374108,0.0682940838598507,75.15331624247156
distributed,ffill,0.5,19,0.5,0.5,876,876,24,0.8276460381723539,156.34803270205424,0.07235396182764608,78.06357371249015
distributed,ffill,0.5,19,0.5,0.5,876,876,48,0.866275659824047,166.32141210497326,0.03372434017595305,82.81988697187184
distributed,spline,0.0,0,0.0,0.0,0,0,6,0.9107040641099027,184.51546580978544,0.010704064109902656,91.93317010364271
distributed,spline,0.0,0,0.0,0.0,0,0,12,0.9126938541068351,180.21297386954228,0.0126938541068351,89.99882550417082
distributed,spline,0.0,0,0.0,0.0,0,0,24,0.8837478311162522,179.09690038815052,0.01625216888374781,89.4281193996245
distributed,spline,0.0,0,0.0,0.0,0,0,48,0.9020527859237537,180.37481308589946,0.002052785923753686,89.8818789254163
distributed,spline,0.0,1,0.0,0.0,0,0,6,0.9107040641099027,184.51546580978544,0.010704064109902656,91.93317010364271
distributed,spline,0.0,1,0.0,0.0,0,0,12,0.9126938541068351,180.21297386954228,0.0126938541068351,89.99882550417082
distributed,spline,0.0,1,0.0,0.0,0,0,24,0.8837478311162522,179.09690038815052,0.01625216888374781,89.4281193996245
distributed,spline,0.0,1,0.0,0.0,0,0,48,0.9020527859237537,180.37481308589946,0.002052785923753686,89.8818789254163
distributed,spline,0.0,2,0.0,0.0,0,0,6,0.9107040641099027,184.51546580978544,0.010704064109902656,91.93317010364271
distributed,spline,0.0,2,0.0,0.0,0,0,12,0.9126938541068351,180.21297386954228,0.0126938541068351,89.99882550417082
distributed,spline,0.0,2,0.0,0.0,0,0,24,0.8837478311162522,179.09690038815052,0.01625216888374781,89.4281193996245
distributed,spline,0.0,2,0.0,0.0,0,0,48,0.9020527859237537,180.37481308589946,0.002052785923753686,89.8818789254163
distributed,spline,0.0,3,0.0,0.0,0,0,6,0.9107040641099027,184.51546580978544,0.010704064109902656,91.93317010364271
distributed,spline,0.0,3,0.0,0.0,0,0,12,0.9126938541068351,180.21297386954228,0.0126938541068351,89.99882550417082
distributed,spline,0.0,3,0.0,0.0,0,0,24,0.8837478311162522,179.09690038815052,0.01625216888374781,89.4281193996245
distributed,spline,0.0,3,0.0,0.0,0,0,48,0.9020527859237537,180.37481308589946,0.002052785923753686,89.8818789254163
distributed,spline,0.0,4,0.0,0.0,0,0,6,0.9107040641099027,184.51546580978544,0.010704064109902656,91.93317010364271
distributed,spline,0.0,4,0.0,0.0,0,0,12,0.9126938541068351,180.21297386954228,0.0126938541068351,89.99882550417082
distributed,spline,0.0,4,0.0,0.0,0,0,24,0.8837478311162522,179.09690038815052,0.01625216888374781,89.4281193996245
distributed,spline,0.0,4,0.0,0.0,0,0,48,0.9020527859237537,180.37481308589946,0.002052785923753686,89.8818789254163
distributed,spline,0.0,5,0.0,0.0,0,0,6,0.9107040641099027,184.51546580978544,0.010704064109902656,91.93317010364271
distributed,spline,0.0,5,0.0,0.0,0,0,12,0.9126938541068351,180.21297386954228,0.0126938541068351,89.99882550417082
distributed,spline,0.0,5,0.0,0.0,0,0,24,0.8837478311162522,179.09690038815052,0.01625216888374781,89.4281193996245
distributed,spline,0.0,5,0.0,0.0,0,0,48,0.9020527859237537,180.37481308589946,0.002052785923753686,89.8818789254163
distributed,spline,0.0,6,0.0,0.0,0,0,6,0.9107040641099027,184.51546580978544,0.010704064109902656,91.93317010364271
distributed,spline,0.0,6,0.0,0.0,0,0,12,0.9126938541068351,180.21297386954228,0.0126938541068351,89.99882550417082
distributed,spline,0.0,6,0.0,0.0,0,0,24,0.8837478311162522,179.09690038815052,0.01625216888374781,89.4281193996245
distributed,spline,0.0,6,0.0,0.0,0,0,48,0.9020527859237537,180.37481308589946,0.002052785923753686,89.8818789254163
distributed,spline,0.0,7,0.0,0.0,0,0,6,0.9107040641099027,184.51546580978544,0.010704064109902656,91.93317010364271
distributed,spline,0.0,7,0.0,0.0,0,0,12,0.9126938541068351,180.21297386954228,0.0126938541068351,89.99882550417082
distributed,spline,0.0,7,0.0,0.0,0,0,24,0.8837478311162522,179.09690038815052,0.01625216888374781,89.4281193996245
distributed,spline,0.0,7,0.0,0.0,0,0,48,0.9020527859237537,180.37481308589946,0.002052785923753686,89.8818789254163
distributed,spline,0.0,8,0.0,0.0,0,0,6,0.9107040641099027,184.51546580978544,0.010704064109902656,91.93317010364271
distributed,spline,0.0,8,0.0,0.0,0,0,12,0.9126938541068351,180.21297386954228,0.0126938541068351,89.99882550417082
distributed,spline,0.0,8,0.0,0.0,0,0,24,0.8837478311162522,179.09690038815052,0.01625216888374781,89.4281193996245
distributed,spline,0.0,8,0.0,0.0,0,0,48,0.9020527859237537,180.37481308589946,0.002052785923753686,89.8818789254163
distributed,spline,0.0,9,0.0,0.0,0,0,6,0.9107040641099027,184.51546580978544,0.010704064109902656,91.93317010364271
distributed,spline,0.0,9,0.0,0.0,0,0,12,0.9126938541068351,180.21297386954228,0.0126938541068351,89.99882550417082
distributed,spline,0.0,9,0.0,0.0,0,0,24,0.8837478311162522,179.09690038815052,0.01625216888374781,89.4281193996245
distributed,spline,0.0,9,0.0,0.0,0,0,48,0.9020527859237537,180.37481308589946,0.002052785923753686,89.8818789254163
distributed,spline,0.0,10,0.0,0.0,0,0,6,0.9107040641099027,184.51546580978544,0.010704064109902656,91.93317010364271
distributed,spline,0.0,10,0.0,0.0,0,0,12,0.9126938541068351,180.21297386954228,0.0126938541068351,89.99882550417082
distributed,spline,0.0,10,0.0,0.0,0,0,24,0.8837478311162522,179.09690038815052,0.01625216888374781,89.4281193996245
distributed,spline,0.0,10,0.0,0.0,0,0,48,0.9020527859237537,180.37481308589946,0.002052785923753686,89.8818789254163
distributed,spline,0.0,11,0.0,0.0,0,0,6,0.9107040641099027,184.51546580978544,0.010704064109902656,91.93317010364271
distributed,spline,0.0,11,0.0,0.0,0,0,12,0.9126938541068351,180.21297386954228,0.0126938541068351,89.99882550417082
distributed,spline,0.0,11,0.0,0.0,0,0,24,0.8837478311162522,179.09690038815052,0.01625216888374781,89.4281193996245
distributed,spline,0.0,11,0.0,0.0,0,0,48,0.9020527859237537,180.37481308589946,0.002052785923753686,89.8818789254163
distributed,spline,0.0,12,0.0,0.0,0,0,6,0.9107040641099027,184.51546580978544,0.010704064109902656,91.93317010364271
distributed,spline,0.0,12,0.0,0.0,0,0,12,0.9126938541068351,180.21297386954228,0.0126938541068351,89.99882550417082
distributed,spline,0.0,12,0.0,0.0,0,0,24,0.8837478311162522,179.09690038815052,0.01625216888374781,89.4281193996245
distributed,spline,0.0,12,0.0,0.0,0,0,48,0.9020527859237537,180.37481308589946,0.002052785923753686,89.8818789254163
distributed,spline,0.0,13,0.0,0.0,0,0,6,0.9107040641099027,184.51546580978544,0.010704064109902656,91.93317010364271
distributed,spline,0.0,13,0.0,0.0,0,0,12,0.9126938541068351,180.21297386954228,0.0126938541068351,89.99882550417082
distributed,spline,0.0,13,0.0,0.0,0,0,24,0.8837478311162522,179.09690038815052,0.01625216888374781,89.4281193996245
distributed,spline,0.0,13,0.0,0.0,0,0,48,0.9020527859237537,180.37481308589946,0.002052785923753686,89.8818789254163
distributed,spline,0.0,14,0.0,0.0,0,0,6,0.9107040641099027,184.51546580978544,0.010704064109902656,91.93317010364271
distributed,spline,0.0,14,0.0,0.0,0,0,12,0.9126938541068351,180.21297386954228,0.0126938541068351,89.99882550417082
distributed,spline,0.0,14,0.0,0.0,0,0,24,0.8837478311162522,179.09690038815052,0.01625216888374781,89.4281193996245
distributed,spline,0.0,14,0.0,0.0,0,0,48,0.9020527859237537,180.37481308589946,0.002052785923753686,89.8818789254163
distributed,spline,0.0,15,0.0,0.0,0,0,6,0.9107040641099027,184.51546580978544,0.010704064109902656,91.93317010364271
distributed,spline,0.0,15,0.0,0.0,0,0,12,0.9126938541068351,180.21297386954228,0.0126938541068351,89.99882550417082
distributed,spline,0.0,15,0.0,0.0,0,0,24,0.8837478311162522,179.09690038815052,0.01625216888374781,89.4281193996245
distributed,spline,0.0,15,0.0,0.0,0,0,48,0.9020527859237537,180.37481308589946,0.002052785923753686,89.8818789254163
distributed,spline,0.0,16,0.0,0.0,0,0,6,0.9107040641099027,184.51546580978544,0.010704064109902656,91.93317010364271
distributed,spline,0.0,16,0.0,0.0,0,0,12,0.9126938541068351,180.21297386954228,0.0126938541068351,89.99882550417082
distributed,spline,0.0,16,0.0,0.0,0,0,24,0.8837478311162522,179.09690038815052,0.01625216888374781,89.4281193996245
distributed,spline,0.0,16,0.0,0.0,0,0,48,0.9020527859237537,180.37481308589946,0.002052785923753686,89.8818789254163
distributed,spline,0.0,17,0.0,0.0,0,0,6,0.9107040641099027,184.51546580978544,0.010704064109902656,91.93317010364271
distributed,spline,0.0,17,0.0,0.0,0,0,12,0.9126938541068351,180.21297386954228,0.0126938541068351,89.99882550417082
distributed,spline,0.0,17,0.0,0.0,0,0,24,0.8837478311162522,179.09690038815052,0.01625216888374781,89.4281193996245
distributed,spline,0.0,17,0.0,0.0,0,0,48,0.9020527859237537,180.37481308589946,0.002052785923753686,89.8818789254163
distributed,spline,0.0,18,0.0,0.0,0,0,6,0.9107040641099027,184.51546580978544,0.010704064109902656,91.93317010364271
distributed,spline,0.0,18,0.0,0.0,0,0,12,0.9126938541068351,180.21297386954228,0.0126938541068351,89.99882550417082
distributed,spline,0.0,18,0.0,0.0,0,0,24,0.8837478311162522,179.09690038815052,0.01625216888374781,89.4281193996245
distributed,spline,0.0,18,0.0,0.0,0,0,48,0.9020527859237537,180.37481308589946,0.002052785923753686,89.8818789254163
distributed,spline,0.0,19,0.0,0.0,0,0,6,0.9107040641099027,184.51546580978544,0.010704064109902656,91.93317010364271
distributed,spline,0.0,19,0.0,0.0,0,0,12,0.9126938541068351,180.21297386954228,0.0126938541068351,89.99882550417082
distributed,spline,0.0,19,0.0,0.0,0,0,24,0.8837478311162522,179.09690038815052,0.01625216888374781,89.4281193996245
distributed,spline,0.0,19,0.0,0.0,0,0,48,0.9020527859237537,180.37481308589946,0.002052785923753686,89.8818789254163
distributed,spline,0.1,0,0.1,0.09988584474885845,175,175,6,0.9748139668002289,240.85933499799853,0.07481396680022889,119.42566571884294
distributed,spline,0.1,0,0.1,0.09988584474885845,175,175,12,0.9931074095347502,274.1703543903263,0.09310740953475016,136.36556983537528
distributed,spline,0.1,0,0.1,0.09988584474885845,175,175,24,1.0,570.6624261121416,0.09999999999999998,278.5351418800763
distributed,spline,0.1,0,0.1,0.09988584474885845,175,175,48,1.0,1051.2516015751808,0.09999999999999998,522.4665274422869
distributed,spline,0.1,1,0.1,0.09988584474885845,175,175,6,0.9885518030910132,266.36667390487537,0.08855180309101318,132.59620667351396
distributed,spline,0.1,1,0.1,0.09988584474885845,175,175,12,1.0,370.82299830648117,0.09999999999999998,182.1027406424624
distributed,spline,0.1,1,0.1,0.09988584474885845,175,175,24,1.0,664.7504039568839,0.09999999999999998,327.425986953208
distributed,spline,0.1,1,0.1,0.09988584474885845,175,175,48,1.0,934.7816518506904,0.09999999999999998,459.94069531586786
distributed,spline,0.1,2,0.1,0.09988584474885845,175,175,6,0.929593589009731,196.1288718603543,0.02959358900973097,97.6436895237688
distributed,spline,0.1,2,0.1,0.09988584474885845,175,175,12,0.9488799540493968,205.98540164888843,0.04887995404939682,102.44992363991258
distributed,spline,0.1,2,0.1,0.09988584474885845,175,175,24,0.9745517640254482,249.65543277663556,0.07455176402544816,124.33375559591659
distributed,spline,0.1,2,0.1,0.09988584474885845,175,175,48,0.9994134897360704,357.28086999858925,0.09941348973607034,175.01410540442848
distributed,spline,0.1,3,0.1,0.09988584474885845,175,175,6,0.979965655409273,253.08599837572046,0.07996565540927303,125.5356343940932
distributed,spline,0.1,3,0.1,0.09988584474885845,175,175,12,0.9931074095347502,291.7630641412056,0.09310740953475016,145.3696574779292
distributed,spline,0.1,3,0.1,0.09988584474885845,175,175,24,1.0,714.8158830658633,0.09999999999999998,332.6596786395133
distributed,spline,0.1,3,0.1,0.09988584474885845,175,175,48,1.0,1126.7167371316268,0.09999999999999998,561.6930941524708
distributed,spline,0.1,4,0.1,0.09988584474885845,175,175,6,0.9862621637092158,261.32068935310303,0.0862621637092158,129.2219585971703
distributed,spline,0.1,4,0.1,0.09988584474885845,175,175,12,0.9942561746122918,301.10670501863643,0.09425617461229174,146.34871411447497
distributed,spline,0.1,4,0.1,0.09988584474885845,175,175,24,1.0,723.7927405964442,0.09999999999999998,355.47597874388003
distributed,spline,0.1,4,0.1,0.09988584474885845,175,175,48,1.0,1359.6916658436994,0.09999999999999998,671.4725835699876
distributed,spline,0.1,5,0.1,0.09988584474885845,175,175,6,0.9759587864911277,242.8065938019723,0.07595878649112764,120.5140173371142
distributed,spline,0.1,5,0.1,0.09988584474885845,175,175,12,0.9931074095347502,274.1703543903263,0.09310740953475016,136.57822201159644
distributed,spline,0.1,5,0.1,0.09988584474885845,175,175,24,1.0,468.82815265739436,0.09999999999999998,228.43351612867357
distributed,spline,0.1,5,0.1,0.09988584474885845,175,175,48,1.0,736.6018487655124,0.09999999999999998,365.46455401355627
distributed,spline,0.1,6,0.1,0.09988584474885845,175,175,6,0.9427590154550658,205.58783669171441,0.042759015455065774,102.73309081489393
distributed,spline,0.1,6,0.1,0.09988584474885845,175,175,12,0.9816197587593337,247.76816546023923,0.0816197587593337,123.68822018593764
distributed,spline,0.1,6,0.1,0.09988584474885845,175,175,24,1.0,358.2191384321284,0.09999999999999998,177.11707691656207
distributed,spline,0.1,6,0.1,0.09988584474885845,175,175,48,1.0,868.7096882688179,0.09999999999999998,431.58446553720194
distributed,spline,0.1,7,0.1,0.09988584474885845,175,175,6,0.9748139668002289,240.67317802428875,0.07481396680022889,119.93683972945212
distributed,spline,0.1,7,0.1,0.09988584474885845,175,175,12,0.9931074095347502,282.8841920540633,0.09310740953475016,139.7378593091959
distributed,spline,0.1,7,0.1,0.09988584474885845,175,175,24,1.0,589.4810584002344,0.09999999999999998,280.02764371179893
distributed,spline,0.1,7,0.1,0.09988584474885845,175,175,48,1.0,1091.1775954886778,0.09999999999999998,538.0843966611674
distributed,spline,0.1,8,0.1,0.09988584474885845,175,175,6,0.9696622781911849,233.80347062127115,0.06966227819118487,116.39959644605997
distributed,spline,0.1,8,0.1,0.09988584474885845,175,175,12,0.9902354968408961,260.4896182671976,0.09023549684089605,129.70132030801778
distributed,spline,0.1,8,0.1,0.09988584474885845,175,175,24,0.9994216310005783,331.98444324668696,0.09942163100057833,164.4383829330446
distributed,spline,0.1,8,0.1,0.09988584474885845,175,175,48,1.0,535.665611716676,0.09999999999999998,265.7011427861537
distributed,spline,0.1,9,0.1,0.09988584474885845,175,175,6,0.9610761305094447,224.04879680326297,0.061076130509444715,111.47348542058532
distributed,spline,0.1,9,0.1,0.09988584474885845,175,175,12,0.9913842619184376,268.3243982746917,0.09138426191843763,133.51801754910264
distributed,spline,0.1,9,0.1,0.09988584474885845,175,175,24,1.0,434.3892439900694,0.09999999999999998,213.83204477403518
distributed,spline,0.1,9,0.1,0.09988584474885845,175,175,48,1.0,675.1572824180319,0.09999999999999998,335.80750307250844
distributed,spline,0.1,10,0.1,0.09988584474885845,175,175,6,0.9719519175729823,236.6535631932813,0.07195191757298225,118.26625481345332
distributed,spline,0.1,10,0.1,0.09988584474885845,175,175,12,0.9948305571510626,306.3874177700045,0.09483055715106259,150.71712415699486
distributed,spline,0.1,10,0.1,0.09988584474885845,175,175,24,1.0,589.7126934838466,0.09999999999999998,292.098743540548
distributed,spline,0.1,10,0.1,0.09988584474885845,175,175,48,1.0,665.4766636266123,0.09999999999999998,331.35521381560795
distributed,spline,0.1,11,0.1,0.09988584474885845,175,175,6,0.9793932455638237,252.8485347314176,0.07939324556382366,125.5356343940932
distributed,spline,0.1,11,0.1,0.09988584474885845,175,175,12,0.9931074095347502,282.8841920540633,0.09310740953475016,139.7378593091959
distributed,spline,0.1,11,0.1,0.09988584474885845,175,175,24,1.0,622.4544663825931,0.09999999999999998,299.58223123827736
distributed,spline,0.1,11,0.1,0.09988584474885845,175,175,48,1.0,1696.2999701232704,0.09999999999999998,841.3481314915805
distributed,spline,0.1,12,0.1,0.09988584474885845,175,175,6,0.9759587864911277,243.27213182977124,0.07595878649112764,121.00083203810763
distributed,spline,0.1,12,0.1,0.09988584474885845,175,175,12,0.9919586444572085,272.7250324728142,0.09195864445720847,136.29330373949958
distributed,spline,0.1,12,0.1,0.09988584474885845,175,175,24,1.0,433.51060555723336,0.09999999999999998,210.53391707591746
distributed,spline,0.1,12,0.1,0.09988584474885845,175,175,48,1.0,537.4416699695664,0.09999999999999998,265.2347647691686
distributed,spline,0.1,13,0.1,0.09988584474885845,175,175,6,0.9719519175729823,237.83243846180264,0.07195191757298225,118.57744078113598
distributed,spline,0.1,13,0.1,0.09988584474885845,175,175,12,0.9931074095347502,274.1703543903263,0.09310740953475016,136.80502744150252
distributed,spline,0.1,13,0.1,0.09988584474885845,175,175,24,1.0,532.0723400951003,0.09999999999999998,253.5047603302851
distributed,spline,0.1,13,0.1,0.09988584474885845,175,175,48,1.0,781.5704348752618,0.09999999999999998,385.17874150613983
distributed,spline,0.1,14,0.1,0.09988584474885845,175,175,6,0.954779622209502,216.59437204171206,0.054779622209501944,108.04679780812484
distributed,spline,0.1,14,0.1,0.09988584474885845,175,175,12,0.9816197587593337,245.00568191054236,0.0816197587593337,122.44333228759939
distributed,spline,0.1,14,0.1,0.09988584474885845,175,175,24,1.0,367.42030234499896,0.09999999999999998,174.08417367877354
distributed,spline,0.1,14,0.1,0.09988584474885845,175,175,48,1.0,510.6421399197933,0.09999999999999998,254.49841447305846
distributed,spline,0.1,15,0.1,0.09988584474885845,175,175,6,0.9719519175729823,236.6535631932813,0.07195191757298225,118.19201517739518
distributed,spline,0.1,15,0.1,0.09988584474885845,175,175,12,0.9931074095347502,281.370784939425,0.09310740953475016,139.97927160304832
distributed,spline,0.1,15,0.1,0.09988584474885845,175,175,24,0.9994216310005783,333.30194571962085,0.09942163100057833,164.75020535397553
distributed,spline,0.1,15,0.1,0.09988584474885845,175,175,48,1.0,404.2950629680539,0.09999999999999998,199.74643321863186
distributed,spline,0.1,16,0.1,0.09988584474885845,175,175,6,0.9868345735546652,263.29416877028365,0.08683457355466517,131.09844941627446
distributed,spline,0.1,16,0.1,0.09988584474885845,175,175,12,0.9977024698449167,332.8482373829645,0.0977024698449167,163.2912858075696
distributed,spline,0.1,16,0.1,0.09988584474885845,175,175,24,1.0,930.8410178050476,0.09999999999999998,450.2986076173033
distributed,spline,0.1,16,0.1,0.09988584474885845,175,175,48,1.0,1576.8771899766782,0.09999999999999998,785.956068161699
distributed,spline,0.1,17,0.1,0.09988584474885845,175,175,6,0.9524899828277046,215.6473695702789,0.05248998282770456,107.43003432731845
distributed,spline,0.1,17,0.1,0.09988584474885845,175,175,12,0.9885123492245835,255.4842695263807,0.08851234922458351,127.28101868172595
distributed,spline,0.1,17,0.1,0.09988584474885845,175,175,24,1.0,460.51764801370985,0.09999999999999998,225.4435237327049
distributed,spline,0.1,17,0.1,0.09988584474885845,175,175,48,1.0,620.0757779394887,0.09999999999999998,307.43757221803315
distributed,spline,0.1,18,0.1,0.09988584474885845,175,175,6,0.9427590154550658,205.47847068330688,0.042759015455065774,102.6462009296484
distributed,spline,0.1,18,0.1,0.09988584474885845,175,175,12,0.9569213095921884,215.4866269426984,0.05692130959218833,107.466286863436
distributed,spline,0.1,18,0.1,0.09988584474885845,175,175,24,0.9728166570271833,243.1194231050834,0.07281665702718332,120.92045082693339
distributed,spline,0.1,18,0.1,0.09988584474885845,175,175,48,0.9976539589442815,307.24782622167197,0.09765395894428153,153.17182976861042
distributed,spline,0.1,19,0.1,0.09988584474885845,175,175,6,0.9524899828277046,215.32707305098515,0.05248998282770456,107.15529607245037
distributed,spline,0.1,19,0.1,0.09988584474885845,175,175,12,0.9885123492245835,256.271291614156,0.08851234922458351,127.9424852272903
distributed,spline,0.1,19,0.1,0.09988584474885845,175,175,24,1.0,374.1892909450867,0.09999999999999998,182.5660956526181
distributed,spline,0.1,19,0.1,0.09988584474885845,175,175,48,1.0,673.5652638525116,0.09999999999999998,333.6860350168889
distributed,spline,0.2,0,0.2,0.1997716894977169,350,350,6,0.994848311390956,294.0440746533203,0.09484831139095595,145.44823494092321
distributed,spline,0.2,0,0.2,0.1997716894977169,350,350,12,1.0,554.0553822713232,0.09999999999999998,276.4870319580676
distributed,spline,0.2,0,0.2,0.1997716894977169,350,350,24,1.0,1034.853572711973,0.09999999999999998,516.0818358285844
distributed,spline,0.2,0,0.2,0.1997716894977169,350,350,48,1.0,1636.1370350282002,0.09999999999999998,816.9224796198584
distributed,spline,0.2,1,0.2,0.1997716894977169,350,350,6,1.0,438.31006673455886,0.09999999999999998,218.41698036667526
distributed,spline,0.2,1,0.2,0.1997716894977169,350,350,12,1.0,746.3381089210379,0.09999999999999998,370.9911450963328
distributed,spline,0.2,1,0.2,0.1997716894977169,350,350,24,1.0,975.69888082554,0.09999999999999998,486.17016030036905
distributed,spline,0.2,1,0.2,0.1997716894977169,350,350,48,1.0,1212.6184126695375,0.09999999999999998,597.4892989700644
distributed,spline,0.2,2,0.2,0.1997716894977169,350,350,6,0.9891242129364625,267.31587151279246,0.08912421293646244,133.24134685423164
distributed,spline,0.2,2,0.2,0.1997716894977169,350,350,12,1.0,436.7695573806905,0.09999999999999998,217.89479988125862
distributed,spline,0.2,2,0.2,0.1997716894977169,350,350,24,1.0,702.680522045327,0.09999999999999998,348.85662203564704
distributed,spline,0.2,2,0.2,0.1997716894977169,350,350,48,1.0,910.6488374863507,0.09999999999999998,435.9948799240236
distributed,spline,0.2,3,0.2,0.1997716894977169,350,350,6,1.0,437.7720544656813,0.09999999999999998,217.4655682760521
distributed,spline,0.2,3,0.2,0.1997716894977169,350,350,12,1.0,842.4806403193688,0.09999999999999998,419.1384570859964
distributed,spline,0.2,3,0.2,0.1997716894977169,350,350,24,1.0,1345.4654957399116,0.09999999999999998,671.7148424243842
distributed,spline,0.2,3,0.2,0.1997716894977169,350,350,48,1.0,1841.630596449626,0.09999999999999998,915.3132212536136
distributed,spline,0.2,4,0.2,0.1997716894977169,350,350,6,1.0,504.8483287014351,0.09999999999999998,251.8186937243711
distributed,spline,0.2,4,0.2,0.1997716894977169,350,350,12,1.0,972.2006831417293,0.09999999999999998,482.01342486726975
distributed,spline,0.2,4,0.2,0.1997716894977169,350,350,24,1.0,1911.5909838090865,0.09999999999999998,949.303322714088
distributed,spline,0.2,4,0.2,0.1997716894977169,350,350,48,1.0,3364.301527232098,0.09999999999999998,1679.8256871533285
distributed,spline,0.2,5,0.2,0.1997716894977169,350,350,6,0.9994275901545506,348.9701674498949,0.0994275901545506,170.3197691245668
distributed,spline,0.2,5,0.2,0.1997716894977169,350,350,12,1.0,650.091552373422,0.09999999999999998,319.457419071576
distributed,spline,0.2,5,0.2,0.1997716894977169,350,350,24,1.0,1139.782188353992,0.09999999999999998,566.8542555029359
distributed,spline,0.2,5,0.2,0.1997716894977169,350,350,48,1.0,1692.4387485483678,0.09999999999999998,842.8125381677294
distributed,spline,0.2,6,0.2,0.1997716894977169,350,350,6,0.994848311390956,295.55680505568404,0.09484831139095595,146.74882482030876
distributed,spline,0.2,6,0.2,0.1997716894977169,350,350,12,1.0,574.3629066289755,0.09999999999999998,285.3477212925592
distributed,spline,0.2,6,0.2,0.1997716894977169,350,350,24,1.0,1036.2233894463473,0.09999999999999998,515.5120661905048
distributed,spline,0.2,6,0.2,0.1997716894977169,350,350,48,1.0,1971.383239500422,0.09999999999999998,977.7056627821429
distributed,spline,0.2,7,0.2,0.1997716894977169,350,350,6,0.9759587864911277,243.27884270344873,0.07595878649112764,121.51968140793588
distributed,spline,0.2,7,0.2,0.1997716894977169,350,350,12,1.0,398.9417176101256,0.09999999999999998,198.30009932638987
distributed,spline,0.2,7,0.2,0.1997716894977169,350,350,24,1.0,750.7450848095561,0.09999999999999998,373.3232977128731
distributed,spline,0.2,7,0.2,0.1997716894977169,350,350,48,1.0,1161.5260383554505,0.09999999999999998,574.8793580152168
distributed,spline,0.2,8,0.2,0.1997716894977169,350,350,6,0.9605037206639955,222.97765853768567,0.06050372066399545,110.82886904099728
distributed,spline,0.2,8,0.2,0.1997716894977169,350,350,12,0.9931074095347502,275.2401180167041,0.09310740953475016,136.59856419425526
distributed,spline,0.2,8,0.2,0.1997716894977169,350,350,24,1.0,459.3207556207865,0.09999999999999998,229.54027175165766
distributed,spline,0.2,8,0.2,0.1997716894977169,350,350,48,1.0,799.6221592561627,0.09999999999999998,398.0907950357624
distributed,spline,0.2,9,0.2,0.1997716894977169,350,350,6,0.9994275901545506,379.65953181547934,0.0994275901545506,189.1451412243531
distributed,spline,0.2,9,0.2,0.1997716894977169,350,350,12,1.0,715.3451070323581,0.09999999999999998,355.7181200473476
distributed,spline,0.2,9,0.2,0.1997716894977169,350,350,24,1.0,1238.884178833533,0.09999999999999998,615.626766348488
distributed,spline,0.2,9,0.2,0.1997716894977169,350,350,48,1.0,1477.9389948454555,0.09999999999999998,732.1007359898643
distributed,spline,0.2,10,0.2,0.1997716894977169,350,350,6,0.9988551803091014,332.6218965203489,0.09885518030910134,166.0732349894662
distributed,spline,0.2,10,0.2,0.1997716894977169,350,350,12,1.0,656.3215194546221,0.09999999999999998,327.2032568890783
distributed,spline,0.2,10,0.2,0.1997716894977169,350,350,24,1.0,966.4040285441051,0.09999999999999998,475.50199731211393
distributed,spline,0.2,10,0.2,0.1997716894977169,350,350,48,1.0,1147.9063240947785,0.09999999999999998,570.995699643082
distributed,spline,0.2,11,0.2,0.1997716894977169,350,350,6,0.994848311390956,295.9187103081081,0.09484831139095595,147.4165332928576
distributed,spline,0.2,11,0.2,0.1997716894977169,350,350,12,1.0,572.9602826250034,0.09999999999999998,284.58029001052216
distributed,spline,0.2,11,0.2,0.1997716894977169,350,350,24,1.0,1134.0556088716671,0.09999999999999998,562.5718913713256
distributed,spline,0.2,11,0.2,0.1997716894977169,350,350,48,1.0,1747.3794727340355,0.09999999999999998,871.3408152392662
distributed,spline,0.2,12,0.2,0.1997716894977169,350,350,6,0.9994275901545506,391.1576337349643,0.0994275901545506,193.229412002704
distributed,spline,0.2,12,0.2,0.1997716894977169,350,350,12,1.0,742.3806955061025,0.09999999999999998,370.36651544762685
distributed,spline,0.2,12,0.2,0.1997716894977169,350,350,24,1.0,1197.1753349898863,0.09999999999999998,592.4646770351504
distributed,spline,0.2,12,0.2,0.1997716894977169,350,350,48,1.0,2074.5538858233267,0.09999999999999998,1034.4616107651054
distributed,spline,0.2,13,0.2,0.1997716894977169,350,350,6,0.9759587864911277,243.20739904565403,0.07595878649112764,121.47712366188208
distributed,spline,0.2,13,0.2,0.1997716894977169,350,350,12,1.0,368.91224032275244,0.09999999999999998,184.1208692348324
distributed,spline,0.2,13,0.2,0.1997716894977169,350,350,24,1.0,705.0318156832996,0.09999999999999998,352.1503765698465
distributed,spline,0.2,13,0.2,0.1997716894977169,350,350,48,1.0,908.686484945353,0.09999999999999998,449.39141850242714
distributed,spline,0.2,14,0.2,0.1997716894977169,350,350,6,0.9988551803091014,328.82069955816905,0.09885518030910134,162.46885845042453
distributed,spline,0.2,14,0.2,0.1997716894977169,350,350,12,1.0,622.5572285376721,0.09999999999999998,310.9709014103045
distributed,spline,0.2,14,0.2,0.1997716894977169,350,350,24,1.0,1004.548949019415,0.09999999999999998,498.0221539627927
distributed,spline,0.2,14,0.2,0.1997716894977169,350,350,48,1.0,1303.2950624046205,0.09999999999999998,644.8606649696784
distributed,spline,0.2,15,0.2,0.1997716894977169,350,350,6,0.9879793932455638,264.1662728198602,0.08797939324556381,131.86625610925287
distributed,spline,0.2,15,0.2,0.1997716894977169,350,350,12,1.0,409.0966073259474,0.09999999999999998,204.50812289619554
distributed,spline,0.2,15,0.2,0.1997716894977169,350,350,24,1.0,612.9134565047088,0.09999999999999998,303.207232573067
distributed,spline,0.2,15,0.2,0.1997716894977169,350,350,48,1.0,803.8345736651445,0.09999999999999998,400.825318009832
distributed,spline,0.2,16,0.2,0.1997716894977169,350,350,6,1.0,444.72248142562694,0.09999999999999998,221.2063178174367
distributed,spline,0.2,16,0.2,0.1997716894977169,350,350,12,1.0,856.9692973604346,0.09999999999999998,428.2489633240009
distributed,spline,0.2,16,0.2,0.1997716894977169,350,350,24,1.0,1494.3109798058888,0.09999999999999998,743.7275926741801
distributed,spline,0.2,16,0.2,0.1997716894977169,350,350,48,1.0,2460.583457445736,0.09999999999999998,1219.8713077248904
distributed,spline,0.2,17,0.2,0.1997716894977169,350,350,6,0.994848311390956,296.7563978724563,0.09484831139095595,147.4069546295259
distributed,spline,0.2,17,0.2,0.1997716894977169,350,350,12,1.0,543.8337934410243,0.09999999999999998,271.6726488794648
distributed,spline,0.2,17,0.2,0.1997716894977169,350,350,24,1.0,779.244614494353,0.09999999999999998,387.66508374338576
distributed,spline,0.2,17,0.2,0.1997716894977169,350,350,48,1.0,929.2297362138304,0.09999999999999998,463.98877318418886
distributed,spline,0.2,18,0.2,0.1997716894977169,350,350,6,0.9942759015455066,289.5506226679375,0.09427590154550658,143.4781020109716
distributed,spline,0.2,18,0.2,0.1997716894977169,350,350,12,1.0,555.3567476016863,0.09999999999999998,276.98144801264704
distributed,spline,0.2,18,0.2,0.1997716894977169,350,350,24,1.0,902.233282214438,0.09999999999999998,445.3999308111418
distributed,spline,0.2,18,0.2,0.1997716894977169,350,350,48,1.0,1201.8236185337835,0.09999999999999998,598.9437946054221
distributed,spline,0.2,19,0.2,0.1997716894977169,350,350,6,0.9994275901545506,335.96173748563353,0.0994275901545506,166.16356362761047
distributed,spline,0.2,19,0.2,0.1997716894977169,350,350,12,1.0,628.8601727718701,0.09999999999999998,314.0698122024022
distributed,spline,0.2,19,0.2,0.1997716894977169,350,350,24,1.0,1128.3724790701144,0.09999999999999998,552.5145498655954
distributed,spline,0.2,19,0.2,0.1997716894977169,350,350,48,1.0,1623.778304273662,0.09999999999999998,809.7758332986609
distributed,spline,0.3,0,0.3,0.2996575342465753,525,525,6,0.9994275901545506,407.95547113931207,0.0994275901545506,200.2664222389194
distributed,spline,0.3,0,0.3,0.2996575342465753,525,525,12,1.0,776.5476762412302,0.09999999999999998,388.2358550800547
distributed,spline,0.3,0,0.3,0.2996575342465753,525,525,24,1.0,1440.0833123133145,0.09999999999999998,710.6142261597765
distributed,spline,0.3,0,0.3,0.2996575342465753,525,525,48,1.0,1879.5630847045827,0.09999999999999998,935.6375166526113
distributed,spline,0.3,1,0.3,0.2996575342465753,525,525,6,1.0,486.79590845148186,0.09999999999999998,242.26104163665252
distributed,spline,0.3,1,0.3,0.2996575342465753,525,525,12,1.0,886.5780296173511,0.09999999999999998,439.87235321549275
distributed,spline,0.3,1,0.3,0.2996575342465753,525,525,24,1.0,1369.551599922304,0.09999999999999998,682.5340262416981
distributed,spline,0.3,1,0.3,0.2996575342465753,525,525,48,1.0,1871.3837874296273,0.09999999999999998,931.3918329822261
distributed,spline,0.3,2,0.3,0.2996575342465753,525,525,6,0.9994275901545506,358.2582294236288,0.0994275901545506,178.70304934758252
distributed,spline,0.3,2,0.3,0.2996575342465753,525,525,12,1.0,686.2072500330773,0.09999999999999998,342.33772174806774
distributed,spline,0.3,2,0.3,0.2996575342465753,525,525,24,1.0,1231.0829160062046,0.09999999999999998,612.5430727376126
distributed,spline,0.3,2,0.3,0.2996575342465753,525,525,48,1.0,1751.5769186205798,0.09999999999999998,874.3070308381431
distributed,spline,0.3,3,0.3,0.2996575342465753,525,525,6,1.0,531.4057371420745,0.09999999999999998,265.07109151535985
distributed,spline,0.3,3,0.3,0.2996575342465753,525,525,12,1.0,1011.4605423139774,0.09999999999999998,505.1808943762379
distributed,spline,0.3,3,0.3,0.2996575342465753,525,525,24,1.0,1807.0542843561811,0.09999999999999998,899.3486351753397
distributed,spline,0.3,3,0.3,0.2996575342465753,525,525,48,1.0,2083.722168943779,0.09999999999999998,1037.2897890886711
distributed,spline,0.3,4,0.3,0.2996575342465753,525,525,6,1.0,610.5321344461283,0.09999999999999998,301.624935925159
distributed,spline,0.3,4,0.3,0.2996575342465753,525,525,12,1.0,1181.5231695128405,0.09999999999999998,590.6879054975565
distributed,spline,0.3,4,0.3,0.2996575342465753,525,525,24,1.0,2299.3208375684044,0.09999999999999998,1125.7532184150996
distributed,spline,0.3,4,0.3,0.2996575342465753,525,525,48,1.0,3788.605200163889,0.09999999999999998,1892.0883575365006
distributed,spline,0.3,5,0.3,0.2996575342465753,525,525,6,1.0,446.6227782818994,0.09999999999999998,220.3679024793649
distributed,spline,0.3,5,0.3,0.2996575342465753,525,525,12,1.0,765.7278335542833,0.09999999999999998,382.8411385568649
distributed,spline,0.3,5,0.3,0.2996575342465753,525,525,24,1.0,1249.974306808171,0.09999999999999998,623.3445652327737
distributed,spline,0.3,5,0.3,0.2996575342465753,525,525,48,1.0,1692.4387485483678,0.09999999999999998,842.8125381677294
distributed,spline,0.3,6,0.3,0.2996575342465753,525,525,6,1.0,456.5605016875452,0.09999999999999998,225.76931570256806
distributed,spline,0.3,6,0.3,0.2996575342465753,525,525,12,1.0,871.4971539380103,0.09999999999999998,435.6945556647995
distributed,spline,0.3,6,0.3,0.2996575342465753,525,525,24,1.0,1705.8701418101164,0.09999999999999998,851.4400808872324
distributed,spline,0.3,6,0.3,0.2996575342465753,525,525,48,1.0,2729.637281500747,0.09999999999999998,1362.2526758661522
distributed,spline,0.3,7,0.3,0.2996575342465753,525,525,6,0.9988551803091014,329.26369006366895,0.09885518030910134,163.40358738685157
distributed,spline,0.3,7,0.3,0.2996575342465753,525,525,12,1.0,591.8985742105665,0.09999999999999998,295.59374531183556
distributed,spline,0.3,7,0.3,0.2996575342465753,525,525,24,1.0,1004.1679617614168,0.09999999999999998,486.7433915328419
distributed,spline,0.3,7,0.3,0.2996575342465753,525,525,48,1.0,1923.3159580793283,0.09999999999999998,954.7611403453578
distributed,spline,0.3,8,0.3,0.2996575342465753,525,525,6,0.9977103606182026,313.4742634679968,0.0977103606182026,156.16906466839222
distributed,spline,0.3,8,0.3,0.2996575342465753,525,525,12,1.0,551.5139874247491,0.09999999999999998,274.77613337837164
distributed,spline,0.3,8,0.3,0.2996575342465753,525,525,24,1.0,852.0305184417989,0.09999999999999998,422.5338499290106
distributed,spline,0.3,8,0.3,0.2996575342465753,525,525,48,1.0,1436.5889667243082,0.09999999999999998,715.0880557251387
distributed,spline,0.3,9,0.3,0.2996575342465753,525,525,6,1.0,449.6262704426881,0.09999999999999998,224.55355479286106
distributed,spline,0.3,9,0.3,0.2996575342465753,525,525,12,1.0,862.2077923006364,0.09999999999999998,430.9650721797262
distributed,spline,0.3,9,0.3,0.2996575342465753,525,525,24,1.0,1494.4944701060806,0.09999999999999998,743.4624619949109
distributed,spline,0.3,9,0.3,0.2996575342465753,525,525,48,1.0,1934.3686869446856,0.09999999999999998,966.8931717583401
distributed,spline,0.3,10,0.3,0.2996575342465753,525,525,6,1.0,442.7310748151326,0.09999999999999998,221.13697923178168
distributed,spline,0.3,10,0.3,0.2996575342465753,525,525,12,1.0,824.6864727800112,0.09999999999999998,404.98195919803294
distributed,spline,0.3,10,0.3,0.2996575342465753,525,525,24,1.0,1383.1722534313349,0.09999999999999998,687.4543817581774
distributed,spline,0.3,10,0.3,0.2996575342465753,525,525,48,1.0,1900.4948983907288,0.09999999999999998,947.8834535885712
distributed,spline,0.3,11,0.3,0.2996575342465753,525,525,6,1.0,431.9739218712183,0.09999999999999998,214.1355547990214
distributed,spline,0.3,11,0.3,0.2996575342465753,525,525,12,1.0,794.6710484956379,0.09999999999999998,396.70505005649767
distributed,spline,0.3,11,0.3,0.2996575342465753,525,525,24,1.0,1429.1188163498045,0.09999999999999998,711.0457636669151
distributed,spline,0.3,11,0.3,0.2996575342465753,525,525,48,1.0,2259.436963706996,0.09999999999999998,1125.8107116401281
distributed,spline,0.3,12,0.3,0.2996575342465753,525,525,6,1.0,561.7252583977292,0.09999999999999998,279.0260790671331
distributed,spline,0.3,12,0.3,0.2996575342465753,525,525,12,1.0,1052.342237493837,0.09999999999999998,525.4600135861268
distributed,spline,0.3,12,0.3,0.2996575342465753,525,525,24,1.0,1919.053000446641,0.09999999999999998,955.0011478254868
distributed,spline,0.3,12,0.3,0.2996575342465753,525,525,48,1.0,3288.434422092596,0.09999999999999998,1634.9722252409485
distributed,spline,0.3,13,0.3,0.2996575342465753,525,525,6,1.0,484.3797383095107,0.09999999999999998,241.2375434918149
distributed,spline,0.3,13,0.3,0.2996575342465753,525,525,12,1.0,960.0451625512551,0.09999999999999998,479.3619498129558
distributed,spline,0.3,13,0.3,0.2996575342465753,525,525,24,1.0,1881.0423124182662,0.09999999999999998,940.0568367387585
distributed,spline,0.3,13,0.3,0.2996575342465753,525,525,48,1.0,3306.2893614269337,0.09999999999999998,1652.6523289102183
distributed,spline,0.3,14,0.3,0.2996575342465753,525,525,6,0.9994275901545506,390.4751543573025,0.0994275901545506,194.26991589962688
distributed,spline,0.3,14,0.3,0.2996575342465753,525,525,12,1.0,757.9205869762795,0.09999999999999998,378.8716824653946
distributed,spline,0.3,14,0.3,0.2996575342465753,525,525,24,1.0,1338.2285031913407,0.09999999999999998,666.1943369548035
distributed,spline,0.3,14,0.3,0.2996575342465753,525,525,48,1.0,1932.413273532728,0.09999999999999998,959.7850769358367
distributed,spline,0.3,15,0.3,0.2996575342465753,525,525,6,0.9994275901545506,381.87293303032084,0.0994275901545506,190.54300661461912
distributed,spline,0.3,15,0.3,0.2996575342465753,525,525,12,1.0,717.6217634883537,0.09999999999999998,358.80452479398133
distributed,spline,0.3,15,0.3,0.2996575342465753,525,525,24,1.0,1286.7381385674362,0.09999999999999998,637.6525495520569
distributed,spline,0.3,15,0.3,0.2996575342465753,525,525,48,1.0,1774.8858573025925,0.09999999999999998,882.769501839312
distributed,spline,0.3,16,0.3,0.2996575342465753,525,525,6,1.0,611.6449016164164,0.09999999999999998,304.8596950419001
distributed,spline,0.3,16,0.3,0.2996575342465753,525,525,12,1.0,1175.2265313772084,0.09999999999999998,584.1641598847566
distributed,spline,0.3,16,0.3,0.2996575342465753,525,525,24,1.0,2221.345322706869,0.09999999999999998,1107.8053554962341
distributed,spline,0.3,16,0.3,0.2996575342465753,525,525,48,1.0,3754.232651612868,0.09999999999999998,1859.2072665416708
distributed,spline,0.3,17,0.3,0.2996575342465753,525,525,6,1.0,471.62736360903955,0.09999999999999998,234.81431266470258
distributed,spline,0.3,17,0.3,0.2996575342465753,525,525,12,1.0,887.1059809358371,0.09999999999999998,443.2095692481602
distributed,spline,0.3,17,0.3,0.2996575342465753,525,525,24,1.0,1485.2671727359223,0.09999999999999998,737.187572197085
distributed,spline,0.3,17,0.3,0.2996575342465753,525,525,48,1.0,1865.513027247448,0.09999999999999998,929.498067087196
distributed,spline,0.3,18,0.3,0.2996575342465753,525,525,6,0.9994275901545506,411.28649732422764,0.0994275901545506,203.94802232372052
distributed,spline,0.3,18,0.3,0.2996575342465753,525,525,12,1.0,793.4908763301232,0.09999999999999998,395.8991383849299
distributed,spline,0.3,18,0.3,0.2996575342465753,525,525,24,1.0,1380.7752354887857,0.09999999999999998,688.7375621449809
distributed,spline,0.3,18,0.3,0.2996575342465753,525,525,48,1.0,2029.8079560795732,0.09999999999999998,1012.6821580880201
distributed,spline,0.3,19,0.3,0.2996575342465753,525,525,6,1.0,436.908694731698,0.09999999999999998,217.8055296033066
distributed,spline,0.3,19,0.3,0.2996575342465753,525,525,12,1.0,845.0630616521028,0.09999999999999998,418.6033832504614
distributed,spline,0.3,19,0.3,0.2996575342465753,525,525,24,1.0,1580.311845253356,0.09999999999999998,787.9674891627092
distributed,spline,0.3,19,0.3,0.2996575342465753,525,525,48,1.0,2082.078551520181,0.09999999999999998,1039.081698762892
distributed,spline,0.4,0,0.4,0.3995433789954338,700,700,6,0.9994275901545506,405.4480824241,0.0994275901545506,202.08878693684906
distributed,spline,0.4,0,0.4,0.3995433789954338,700,700,12,1.0,784.0387977619321,0.09999999999999998,391.33769236326054
distributed,spline,0.4,0,0.4,0.3995433789954338,700,700,24,1.0,1393.9452284474353,0.09999999999999998,695.7214105542855
distributed,spline,0.4,0,0.4,0.3995433789954338,700,700,48,1.0,2113.9047266951534,0.09999999999999998,1054.8256734845897
distributed,spline,0.4,1,0.4,0.3995433789954338,700,700,6,1.0,675.8066150850289,0.09999999999999998,337.3353058319002
distributed,spline,0.4,1,0.4,0.3995433789954338,700,700,12,1.0,1238.4017605505776,0.09999999999999998,619.1397436784051
distributed,spline,0.4,1,0.4,0.3995433789954338,700,700,24,1.0,2194.7212116657815,0.09999999999999998,1090.097074573786
distributed,spline,0.4,1,0.4,0.3995433789954338,700,700,48,1.0,3900.7293672559495,0.09999999999999998,1934.549576908868
distributed,spline,0.4,2,0.4,0.3995433789954338,700,700,6,1.0,427.3427330917475,0.09999999999999998,212.0008603508528
distributed,spline,0.4,2,0.4,0.3995433789954338,700,700,12,1.0,833.553575543514,0.09999999999999998,416.12570218013656
distributed,spline,0.4,2,0.4,0.3995433789954338,700,700,24,1.0,1516.5828998384172,0.09999999999999998,756.741565384873
distributed,spline,0.4,2,0.4,0.3995433789954338,700,700,48,1.0,2386.6556129742808,0.09999999999999998,1192.2070145649864
distributed,spline,0.4,3,0.4,0.3995433789954338,700,700,6,1.0,521.9736574629896,0.09999999999999998,260.41935663322886
distributed,spline,0.4,3,0.4,0.3995433789954338,700,700,12,1.0,1023.4244970349018,0.09999999999999998,507.9565565087123
distributed,spline,0.4,3,0.4,0.3995433789954338,700,700,24,1.0,1853.4160591232253,0.09999999999999998,925.3641492759648
distributed,spline,0.4,3,0.4,0.3995433789954338,700,700,48,1.0,2841.3671415162444,0.09999999999999998,1417.4553164129723
distributed,spline,0.4,4,0.4,0.3995433789954338,700,700,6,1.0,751.1382924668201,0.09999999999999998,375.00029566270183
distributed,spline,0.4,4,0.4,0.3995433789954338,700,700,12,1.0,1462.4402567942873,0.09999999999999998,729.6347229684493
distributed,spline,0.4,4,0.4,0.3995433789954338,700,700,24,1.0,2694.7674927150965,0.09999999999999998,1338.3975956596014
distributed,spline,0.4,4,0.4,0.3995433789954338,700,700,48,1.0,4058.726352877303,0.09999999999999998,2028.076071022696
distributed,spline,0.4,5,0.4,0.3995433789954338,700,700,6,1.0,483.4230259671865,0.09999999999999998,240.64152196929777
distributed,spline,0.4,5,0.4,0.3995433789954338,700,700,12,1.0,853.7816604268962,0.09999999999999998,425.7040854860664
distributed,spline,0.4,5,0.4,0.3995433789954338,700,700,24,1.0,1464.4792354088336,0.09999999999999998,729.8322506672727
distributed,spline,0.4,5,0.4,0.3995433789954338,700,700,48,1.0,1960.4425079787293,0.09999999999999998,979.2092945105505
distributed,spline,0.4,6,0.4,0.3995433789954338,700,700,6,1.0,446.938393505412,0.09999999999999998,223.10637561128436
distributed,spline,0.4,6,0.4,0.3995433789954338,700,700,12,1.0,839.3748148038967,0.09999999999999998,419.5167727637509
distributed,spline,0.4,6,0.4,0.3995433789954338,700,700,24,1.0,1579.487086300027,0.09999999999999998,785.8896403351077
distributed,spline,0.4,6,0.4,0.3995433789954338,700,700,48,1.0,2718.62037242491,0.09999999999999998,1357.2424797712333
distributed,spline,0.4,7,0.4,0.3995433789954338,700,700,6,1.0,565.709622876042,0.09999999999999998,282.4565632973929
distributed,spline,0.4,7,0.4,0.3995433789954338,700,700,12,1.0,1115.465931121943,0.09999999999999998,556.7071060040936
distributed,spline,0.4,7,0.4,0.3995433789954338,700,700,24,1.0,2119.6236774878653,0.09999999999999998,1052.5474365461314
distributed,spline,0.4,7,0.4,0.3995433789954338,700,700,48,1.0,3579.542938145145,0.09999999999999998,1786.4461080513465
distributed,spline,0.4,8,0.4,0.3995433789954338,700,700,6,0.9977103606182026,312.8268270938661,0.0977103606182026,155.8768514442165
distributed,spline,0.4,8,0.4,0.3995433789954338,700,700,12,1.0,577.8118852689735,0.09999999999999998,288.7657472447064
distributed,spline,0.4,8,0.4,0.3995433789954338,700,700,24,1.0,950.6817360000077,0.09999999999999998,474.3395390840856
distributed,spline,0.4,8,0.4,0.3995433789954338,700,700,48,1.0,1416.9134674988345,0.09999999999999998,706.8366154139064
distributed,spline,0.4,9,0.4,0.3995433789954338,700,700,6,1.0,498.83771935769073,0.09999999999999998,248.27903610560244
distributed,spline,0.4,9,0.4,0.3995433789954338,700,700,12,1.0,965.2451673195228,0.09999999999999998,480.8721166992688
distributed,spline,0.4,9,0.4,0.3995433789954338,700,700,24,1.0,1692.5445292819218,0.09999999999999998,843.1779643555743
distributed,spline,0.4,9,0.4,0.3995433789954338,700,700,48,1.0,2147.8587363432193,0.09999999999999998,1071.4658612309936
distributed,spline,0.4,10,0.4,0.3995433789954338,700,700,6,1.0,503.3506596394543,0.09999999999999998,250.10446568770385
distributed,spline,0.4,10,0.4,0.3995433789954338,700,700,12,1.0,924.1733789311074,0.09999999999999998,461.57502039101445
distributed,spline,0.4,10,0.4,0.3995433789954338,700,700,24,1.0,1682.9998537671938,0.09999999999999998,839.0754421996545
distributed,spline,0.4,10,0.4,0.3995433789954338,700,700,48,1.0,2532.8894162145966,0.09999999999999998,1263.3110750008573
distributed,spline,0.4,11,0.4,0.3995433789954338,700,700,6,1.0,480.35840841773825,0.09999999999999998,239.02808378138474
distributed,spline,0.4,11,0.4,0.3995433789954338,700,700,12,1.0,885.6826539512022,0.09999999999999998,442.5390537152206
distributed,spline,0.4,11,0.4,0.3995433789954338,700,700,24,1.0,1486.8992026035999,0.09999999999999998,741.299845243598
distributed,spline,0.4,11,0.4,0.3995433789954338,700,700,48,1.0,2474.649831792642,0.09999999999999998,1235.0998966165414
distributed,spline,0.4,12,0.4,0.3995433789954338,700,700,6,1.0,734.2199155048866,0.09999999999999998,363.7629580859209
distributed,spline,0.4,12,0.4,0.3995433789954338,700,700,12,1.0,1414.8608142441844,0.09999999999999998,704.7599935311946
distributed,spline,0.4,12,0.4,0.3995433789954338,700,700,24,1.0,2739.7090146281043,0.09999999999999998,1368.3248674161557
distributed,spline,0.4,12,0.4,0.3995433789954338,700,700,48,1.0,5016.648166102114,0.09999999999999998,2498.4291477857987
distributed,spline,0.4,13,0.4,0.3995433789954338,700,700,6,1.0,519.0542112946787,0.09999999999999998,259.3893273914696
distributed,spline,0.4,13,0.4,0.3995433789954338,700,700,12,1.0,1020.7786976647965,0.09999999999999998,509.88792407614324
distributed,spline,0.4,13,0.4,0.3995433789954338,700,700,24,1.0,1880.0577920203496,0.09999999999999998,937.4843202650513
distributed,spline,0.4,13,0.4,0.3995433789954338,700,700,48,1.0,3229.0239469916914,0.09999999999999998,1612.9874941387066
distributed,spline,0.4,14,0.4,0.3995433789954338,700,700,6,1.0,528.3916843936361,0.09999999999999998,263.4242149780716
distributed,spline,0.4,14,0.4,0.3995433789954338,700,700,12,1.0,1001.4632667210084,0.09999999999999998,499.24037111758423
distributed,spline,0.4,14,0.4,0.3995433789954338,700,700,24,1.0,1883.373910131494,0.09999999999999998,936.7873143387095
distributed,spline,0.4,14,0.4,0.3995433789954338,700,700,48,1.0,3241.9836704697486,0.09999999999999998,1604.702521752605
distributed,spline,0.4,15,0.4,0.3995433789954338,700,700,6,1.0,448.16360055646254,0.09999999999999998,223.1202081999545
distributed,spline,0.4,15,0.4,0.3995433789954338,700,700,12,1.0,841.4066812556558,0.09999999999999998,420.30730283742747
distributed,spline,0.4,15,0.4,0.3995433789954338,700,700,24,1.0,1432.7900889662662,0.09999999999999998,709.4223268861602
distributed,spline,0.4,15,0.4,0.3995433789954338,700,700,48,1.0,2315.0144463423953,0.09999999999999998,1157.0266321584347
distributed,spline,0.4,16,0.4,0.3995433789954338,700,700,6,1.0,525.8279972636592,0.09999999999999998,262.50146527532365
distributed,spline,0.4,16,0.4,0.3995433789954338,700,700,12,1.0,970.1513958611304,0.09999999999999998,484.52556877074795
distributed,spline,0.4,16,0.4,0.3995433789954338,700,700,24,1.0,1815.7074352699,0.09999999999999998,903.3378167470634
distributed,spline,0.4,16,0.4,0.3995433789954338,700,700,48,1.0,3225.1488579282463,0.09999999999999998,1610.9642761160892
distributed,spline,0.4,17,0.4,0.3995433789954338,700,700,6,1.0,581.2798616555538,0.09999999999999998,289.98055805638825
distributed,spline,0.4,17,0.4,0.3995433789954338,700,700,12,1.0,1134.9004172144769,0.09999999999999998,565.816177182141
distributed,spline,0.4,17,0.4,0.3995433789954338,700,700,24,1.0,2005.3940008397094,0.09999999999999998,999.1696690379188
distributed,spline,0.4,17,0.4,0.3995433789954338,700,700,48,1.0,3129.1836502827964,0.09999999999999998,1550.7827422422158
distributed,spline,0.4,18,0.4,0.3995433789954338,700,700,6,1.0,445.7260919707187,0.09999999999999998,222.4864535586729
distributed,spline,0.4,18,0.4,0.3995433789954338,700,700,12,1.0,825.0970440497147,0.09999999999999998,411.76436014991697
distributed,spline,0.4,18,0.4,0.3995433789954338,700,700,24,1.0,1316.7439023227255,0.09999999999999998,656.253011879811
distributed,spline,0.4,18,0.4,0.3995433789954338,700,700,48,1.0,2052.0584726154702,0.09999999999999998,1025.7932608730164
distributed,spline,0.4,19,0.4,0.3995433789954338,700,700,6,1.0,472.6124371190498,0.09999999999999998,235.1522873360129
distributed,spline,0.4,19,0.4,0.3995433789954338,700,700,12,1.0,918.5978536140333,0.09999999999999998,458.4831577866623
distributed,spline,0.4,19,0.4,0.3995433789954338,700,700,24,1.0,1630.4887363203707,0.09999999999999998,813.3677734648685
distributed,spline,0.4,19,0.4,0.3995433789954338,700,700,48,1.0,2222.5288038737017,0.09999999999999998,1110.8662826395005
distributed,spline,0.5,0,0.5,0.5,876,876,6,1.0,550.9580610300654,0.09999999999999998,272.3559156365163
distributed,spline,0.5,0,0.5,0.5,876,876,12,1.0,1050.3510967249813,0.09999999999999998,515.3553020426729
distributed,spline,0.5,0,0.5,0.5,876,876,24,1.0,1912.8952326641968,0.09999999999999998,953.6017708083376
distributed,spline,0.5,0,0.5,0.5,876,876,48,1.0,2950.513332005069,0.09999999999999998,1471.75033837316
distributed,spline,0.5,1,0.5,0.5,876,876,6,1.0,782.4025642056049,0.09999999999999998,390.6526858790186
distributed,spline,0.5,1,0.5,0.5,876,876,12,1.0,1479.7537473715147,0.09999999999999998,738.1805768251675
distributed,spline,0.5,1,0.5,0.5,876,876,24,1.0,2856.8657175347394,0.09999999999999998,1419.8423617488077
distributed,spline,0.5,1,0.5,0.5,876,876,48,1.0,5448.069998596449,0.09999999999999998,2715.2355618774604
distributed,spline,0.5,2,0.5,0.5,876,876,6,1.0,418.4996607723815,0.09999999999999998,209.15598776075458
distributed,spline,0.5,2,0.5,0.5,876,876,12,1.0,833.553575543514,0.09999999999999998,416.12570218013616
distributed,spline,0.5,2,0.5,0.5,876,876,24,1.0,1520.9381071568214,0.09999999999999998,757.9365866168298
distributed,spline,0.5,2,0.5,0.5,876,876,48,1.0,2393.906031666686,0.09999999999999998,1195.6020167171425
distributed,spline,0.5,3,0.5,0.5,876,876,6,1.0,551.2988825291366,0.09999999999999998,275.5258629804939
distributed,spline,0.5,3,0.5,0.5,876,876,12,1.0,1072.5655347409559,0.09999999999999998,535.9211107990724
distributed,spline,0.5,3,0.5,0.5,876,876,24,1.0,1964.8752716430909,0.09999999999999998,978.19391174392
distributed,spline,0.5,3,0.5,0.5,876,876,48,1.0,3139.5387306683137,0.09999999999999998,1564.4593298366317
distributed,spline,0.5,4,0.5,0.5,876,876,6,1.0,744.3014074648617,0.09999999999999998,368.74204953878865
distributed,spline,0.5,4,0.5,0.5,876,876,12,1.0,1413.5714897480036,0.09999999999999998,706.7505069675885
distributed,spline,0.5,4,0.5,0.5,876,876,24,1.0,2486.0064545872265,0.09999999999999998,1237.6090480711832
distributed,spline,0.5,4,0.5,0.5,876,876,48,1.0,3735.62587872915,0.09999999999999998,1860.3257381451306
distributed,spline,0.5,5,0.5,0.5,876,876,6,1.0,531.4675027248044,0.09999999999999998,263.0130915902215
distributed,spline,0.5,5,0.5,0.5,876,876,12,1.0,976.4419984226151,0.09999999999999998,487.35400686612763
distributed,spline,0.5,5,0.5,0.5,876,876,24,1.0,1820.5013684137084,0.09999999999999998,908.013363624864
distributed,spline,0.5,5,0.5,0.5,876,876,48,1.0,3431.0870835924434,0.09999999999999998,1707.0907760891866
distributed,spline,0.5,6,0.5,0.5,876,876,6,1.0,479.0502484701401,0.09999999999999998,238.70880557486134
distributed,spline,0.5,6,0.5,0.5,876,876,12,1.0,932.0144860764249,0.09999999999999998,465.9674846588861
distributed,spline,0.5,6,0.5,0.5,876,876,24,1.0,1808.5957786375293,0.09999999999999998,902.1399087315058
distributed,spline,0.5,6,0.5,0.5,876,876,48,1.0,2859.7404492176915,0.09999999999999998,1427.3658327610842
distributed,spline,0.5,7,0.5,0.5,876,876,6,1.0,588.6720821270392,0.09999999999999998,292.4559953402909
distributed,spline,0.5,7,0.5,0.5,876,876,12,1.0,1152.8799346416647,0.09999999999999998,575.2958101360558
distributed,spline,0.5,7,0.5,0.5,876,876,24,1.0,2182.022260759746,0.09999999999999998,1085.7695224477584
distributed,spline,0.5,7,0.5,0.5,876,876,48,1.0,3760.0574736460494,0.09999999999999998,1875.156304201652
distributed,spline,0.5,8,0.5,0.5,876,876,6,0.9994275901545506,399.4038889992253,0.0994275901545506,196.7798941620071
distributed,spline,0.5,8,0.5,0.5,876,876,12,1.0,767.4878669916798,0.09999999999999998,383.4243281807751
distributed,spline,0.5,8,0.5,0.5,876,876,24,1.0,1374.438202351059,0.09999999999999998,683.5927193989066
distributed,spline,0.5,8,0.5,0.5,876,876,48,1.0,1891.3529555529803,0.09999999999999998,933.761229629472
distributed,spline,0.5,9,0.5,0.5,876,876,6,1.0,585.3496232825984,0.09999999999999998,292.1941152960333
distributed,spline,0.5,9,0.5,0.5,876,876,12,1.0,1125.437370017447,0.09999999999999998,560.6545547095445
distributed,spline,0.5,9,0.5,0.5,876,876,24,1.0,1914.47121480438,0.09999999999999998,956.0982666659252
distributed,spline,0.5,9,0.5,0.5,876,876,48,1.0,2994.862048494002,0.09999999999999998,1493.184558184002
distributed,spline,0.5,10,0.5,0.5,876,876,6,1.0,676.9339805932859,0.09999999999999998,334.5905885420466
distributed,spline,0.5,10,0.5,0.5,876,876,12,1.0,1272.5743215751347,0.09999999999999998,632.2804438076469
distributed,spline,0.5,10,0.5,0.5,876,876,24,1.0,2261.9404791272764,0.09999999999999998,1128.7673062428676
distributed,spline,0.5,10,0.5,0.5,876,876,48,1.0,3487.3412209725366,0.09999999999999998,1741.841836176586
distributed,spline,0.5,11,0.5,0.5,876,876,6,1.0,728.2021232897416,0.09999999999999998,361.73311569767077
distributed,spline,0.5,11,0.5,0.5,876,876,12,1.0,1303.22321695947,0.09999999999999998,650.6825331719235
distributed,spline,0.5,11,0.5,0.5,876,876,24,1.0,2222.1912926495493,0.09999999999999998,1089.353611615891
distributed,spline,0.5,11,0.5,0.5,876,876,48,1.0,3166.79708252128,0.09999999999999998,1578.79320762882
distributed,spline,0.5,12,0.5,0.5,876,876,6,1.0,731.6382516971426,0.09999999999999998,363.7595183099809
distributed,spline,0.5,12,0.5,0.5,876,876,12,1.0,1413.5948014592868,0.09999999999999998,704.6966928919496
distributed,spline,0.5,12,0.5,0.5,876,876,24,1.0,2742.2741898783165,0.09999999999999998,1369.882765441424
distributed,spline,0.5,12,0.5,0.5,876,876,48,1.0,5074.468291937843,0.09999999999999998,2532.404424561188
distributed,spline,0.5,13,0.5,0.5,876,876,6,1.0,526.3204906530964,0.09999999999999998,262.75639869386947
distributed,spline,0.5,13,0.5,0.5,876,876,12,1.0,1026.1989383493917,0.09999999999999998,512.8238764403337
distributed,spline,0.5,13,0.5,0.5,876,876,24,1.0,1921.0662719689417,0.09999999999999998,955.669419240404
distributed,spline,0.5,13,0.5,0.5,876,876,48,1.0,3229.0239469916914,0.09999999999999998,1612.9868716994524
distributed,spline,0.5,14,0.5,0.5,876,876,6,1.0,476.05048201227737,0.09999999999999998,237.33372586216825
distributed,spline,0.5,14,0.5,0.5,876,876,12,1.0,910.6785187660807,0.09999999999999998,454.28436236911483
distributed,spline,0.5,14,0.5,0.5,876,876,24,1.0,1726.4523312427073,0.09999999999999998,860.8521144011112
distributed,spline,0.5,14,0.5,0.5,876,876,48,1.0,3005.4992100423997,0.09999999999999998,1494.446371239425
distributed,spline,0.5,15,0.5,0.5,876,876,6,1.0,462.2065973200581,0.09999999999999998,231.0685648513303
distributed,spline,0.5,15,0.5,0.5,876,876,12,1.0,874.5946301995298,0.09999999999999998,437.1614057085457
distributed,spline,0.5,15,0.5,0.5,876,876,24,1.0,1528.4084106764335,0.09999999999999998,761.0578395453964
distributed,spline,0.5,15,0.5,0.5,876,876,48,1.0,2314.6574805328955,0.09999999999999998,1154.4431871420593
distributed,spline,0.5,16,0.5,0.5,876,876,6,1.0,517.4006753335234,0.09999999999999998,256.9187361732452
distributed,spline,0.5,16,0.5,0.5,876,876,12,1.0,940.1571181427089,0.09999999999999998,469.76478289603034
distributed,spline,0.5,16,0.5,0.5,876,876,24,1.0,1750.0531107540437,0.09999999999999998,873.8629311282535
distributed,spline,0.5,16,0.5,0.5,876,876,48,1.0,2999.521530077106,0.09999999999999998,1496.3068689171928
distributed,spline,0.5,17,0.5,0.5,876,876,6,1.0,624.8837338377868,0.09999999999999998,310.9970320665609
distributed,spline,0.5,17,0.5,0.5,876,876,12,1.0,1180.1109853110129,0.09999999999999998,585.1088623987421
distributed,spline,0.5,17,0.5,0.5,876,876,24,1.0,2155.4144960429976,0.09999999999999998,1075.885197729007
distributed,spline,0.5,17,0.5,0.5,876,876,48,1.0,3409.627149550233,0.09999999999999998,1703.9563412931966
distributed,spline,0.5,18,0.5,0.5,876,876,6,1.0,530.7782585638356,0.09999999999999998,264.4410334721183
distributed,spline,0.5,18,0.5,0.5,876,876,12,1.0,951.6182424938395,0.09999999999999998,473.40174679401724
distributed,spline,0.5,18,0.5,0.5,876,876,24,1.0,1525.724487971147,0.09999999999999998,756.4132468825402
distributed,spline,0.5,18,0.5,0.5,876,876,48,1.0,2078.2036386637515,0.09999999999999998,1038.2659447348506
distributed,spline,0.5,19,0.5,0.5,876,876,6,1.0,528.2200119293724,0.09999999999999998,262.97377462301847
distributed,spline,0.5,19,0.5,0.5,876,876,12,1.0,1037.6345015899524,0.09999999999999998,518.795770657752
distributed,spline,0.5,19,0.5,0.5,876,876,24,1.0,1844.37813262891,0.09999999999999998,919.5581218109116
distributed,spline,0.5,19,0.5,0.5,876,876,48,1.0,2921.845959523415,0.09999999999999998,1453.910181578925
distributed,none,0.0,0,0.0,0.0,0,0,6,0.9107040641099027,184.51546580978544,0.010704064109902656,91.93317010364271
distributed,none,0.0,0,0.0,0.0,0,0,12,0.9126938541068351,180.21297386954228,0.0126938541068351,89.99882550417082
distributed,none,0.0,0,0.0,0.0,0,0,24,0.8837478311162522,179.09690038815052,0.01625216888374781,89.4281193996245
distributed,none,0.0,0,0.0,0.0,0,0,48,0.9020527859237537,180.37481308589946,0.002052785923753686,89.8818789254163
distributed,none,0.0,1,0.0,0.0,0,0,6,0.9107040641099027,184.51546580978544,0.010704064109902656,91.93317010364271
distributed,none,0.0,1,0.0,0.0,0,0,12,0.9126938541068351,180.21297386954228,0.0126938541068351,89.99882550417082
distributed,none,0.0,1,0.0,0.0,0,0,24,0.8837478311162522,179.09690038815052,0.01625216888374781,89.4281193996245
distributed,none,0.0,1,0.0,0.0,0,0,48,0.9020527859237537,180.37481308589946,0.002052785923753686,89.8818789254163
distributed,none,0.0,2,0.0,0.0,0,0,6,0.9107040641099027,184.51546580978544,0.010704064109902656,91.93317010364271
distributed,none,0.0,2,0.0,0.0,0,0,12,0.9126938541068351,180.21297386954228,0.0126938541068351,89.99882550417082
distributed,none,0.0,2,0.0,0.0,0,0,24,0.8837478311162522,179.09690038815052,0.01625216888374781,89.4281193996245
distributed,none,0.0,2,0.0,0.0,0,0,48,0.9020527859237537,180.37481308589946,0.002052785923753686,89.8818789254163
distributed,none,0.0,3,0.0,0.0,0,0,6,0.9107040641099027,184.51546580978544,0.010704064109902656,91.93317010364271
distributed,none,0.0,3,0.0,0.0,0,0,12,0.9126938541068351,180.21297386954228,0.0126938541068351,89.99882550417082
distributed,none,0.0,3,0.0,0.0,0,0,24,0.8837478311162522,179.09690038815052,0.01625216888374781,89.4281193996245
distributed,none,0.0,3,0.0,0.0,0,0,48,0.9020527859237537,180.37481308589946,0.002052785923753686,89.8818789254163
distributed,none,0.0,4,0.0,0.0,0,0,6,0.9107040641099027,184.51546580978544,0.010704064109902656,91.93317010364271
distributed,none,0.0,4,0.0,0.0,0,0,12,0.9126938541068351,180.21297386954228,0.0126938541068351,89.99882550417082
distributed,none,0.0,4,0.0,0.0,0,0,24,0.8837478311162522,179.09690038815052,0.01625216888374781,89.4281193996245
distributed,none,0.0,4,0.0,0.0,0,0,48,0.9020527859237537,180.37481308589946,0.002052785923753686,89.8818789254163
distributed,none,0.0,5,0.0,0.0,0,0,6,0.9107040641099027,184.51546580978544,0.010704064109902656,91.93317010364271
distributed,none,0.0,5,0.0,0.0,0,0,12,0.9126938541068351,180.21297386954228,0.0126938541068351,89.99882550417082
distributed,none,0.0,5,0.0,0.0,0,0,24,0.8837478311162522,179.09690038815052,0.01625216888374781,89.4281193996245
distributed,none,0.0,5,0.0,0.0,0,0,48,0.9020527859237537,180.37481308589946,0.002052785923753686,89.8818789254163
distributed,none,0.0,6,0.0,0.0,0,0,6,0.9107040641099027,184.51546580978544,0.010704064109902656,91.93317010364271
distributed,none,0.0,6,0.0,0.0,0,0,12,0.9126938541068351,180.21297386954228,0.0126938541068351,89.99882550417082
distributed,none,0.0,6,0.0,0.0,0,0,24,0.8837478311162522,179.09690038815052,0.01625216888374781,89.4281193996245
distributed,none,0.0,6,0.0,0.0,0,0,48,0.9020527859237537,180.37481308589946,0.002052785923753686,89.8818789254163
distributed,none,0.0,7,0.0,0.0,0,0,6,0.9107040641099027,184.51546580978544,0.010704064109902656,91.93317010364271
distributed,none,0.0,7,0.0,0.0,0,0,12,0.9126938541068351,180.21297386954228,0.0126938541068351,89.99882550417082
distributed,none,0.0,7,0.0,0.0,0,0,24,0.8837478311162522,179.09690038815052,0.01625216888374781,89.4281193996245
distributed,none,0.0,7,0.0,0.0,0,0,48,0.9020527859237537,180.37481308589946,0.002052785923753686,89.8818789254163
distributed,none,0.0,8,0.0,0.0,0,0,6,0.9107040641099027,184.51546580978544,0.010704064109902656,91.93317010364271
distributed,none,0.0,8,0.0,0.0,0,0,12,0.9126938541068351,180.21297386954228,0.0126938541068351,89.99882550417082
distributed,none,0.0,8,0.0,0.0,0,0,24,0.8837478311162522,179.09690038815052,0.01625216888374781,89.4281193996245
distributed,none,0.0,8,0.0,0.0,0,0,48,0.9020527859237537,180.37481308589946,0.002052785923753686,89.8818789254163
distributed,none,0.0,9,0.0,0.0,0,0,6,0.9107040641099027,184.51546580978544,0.010704064109902656,91.93317010364271
distributed,none,0.0,9,0.0,0.0,0,0,12,0.9126938541068351,180.21297386954228,0.0126938541068351,89.99882550417082
distributed,none,0.0,9,0.0,0.0,0,0,24,0.8837478311162522,179.09690038815052,0.01625216888374781,89.4281193996245
distributed,none,0.0,9,0.0,0.0,0,0,48,0.9020527859237537,180.37481308589946,0.002052785923753686,89.8818789254163
distributed,none,0.0,10,0.0,0.0,0,0,6,0.9107040641099027,184.51546580978544,0.010704064109902656,91.93317010364271
distributed,none,0.0,10,0.0,0.0,0,0,12,0.9126938541068351,180.21297386954228,0.0126938541068351,89.99882550417082
distributed,none,0.0,10,0.0,0.0,0,0,24,0.8837478311162522,179.09690038815052,0.01625216888374781,89.4281193996245
distributed,none,0.0,10,0.0,0.0,0,0,48,0.9020527859237537,180.37481308589946,0.002052785923753686,89.8818789254163
distributed,none,0.0,11,0.0,0.0,0,0,6,0.9107040641099027,184.51546580978544,0.010704064109902656,91.93317010364271
distributed,none,0.0,11,0.0,0.0,0,0,12,0.9126938541068351,180.21297386954228,0.0126938541068351,89.99882550417082
distributed,none,0.0,11,0.0,0.0,0,0,24,0.8837478311162522,179.09690038815052,0.01625216888374781,89.4281193996245
distributed,none,0.0,11,0.0,0.0,0,0,48,0.9020527859237537,180.37481308589946,0.002052785923753686,89.8818789254163
distributed,none,0.0,12,0.0,0.0,0,0,6,0.9107040641099027,184.51546580978544,0.010704064109902656,91.93317010364271
distributed,none,0.0,12,0.0,0.0,0,0,12,0.9126938541068351,180.21297386954228,0.0126938541068351,89.99882550417082
distributed,none,0.0,12,0.0,0.0,0,0,24,0.8837478311162522,179.09690038815052,0.01625216888374781,89.4281193996245
distributed,none,0.0,12,0.0,0.0,0,0,48,0.9020527859237537,180.37481308589946,0.002052785923753686,89.8818789254163
distributed,none,0.0,13,0.0,0.0,0,0,6,0.9107040641099027,184.51546580978544,0.010704064109902656,91.93317010364271
distributed,none,0.0,13,0.0,0.0,0,0,12,0.9126938541068351,180.21297386954228,0.0126938541068351,89.99882550417082
distributed,none,0.0,13,0.0,0.0,0,0,24,0.8837478311162522,179.09690038815052,0.01625216888374781,89.4281193996245
distributed,none,0.0,13,0.0,0.0,0,0,48,0.9020527859237537,180.37481308589946,0.002052785923753686,89.8818789254163
distributed,none,0.0,14,0.0,0.0,0,0,6,0.9107040641099027,184.51546580978544,0.010704064109902656,91.93317010364271
distributed,none,0.0,14,0.0,0.0,0,0,12,0.9126938541068351,180.21297386954228,0.0126938541068351,89.99882550417082
distributed,none,0.0,14,0.0,0.0,0,0,24,0.8837478311162522,179.09690038815052,0.01625216888374781,89.4281193996245
distributed,none,0.0,14,0.0,0.0,0,0,48,0.9020527859237537,180.37481308589946,0.002052785923753686,89.8818789254163
distributed,none,0.0,15,0.0,0.0,0,0,6,0.9107040641099027,184.51546580978544,0.010704064109902656,91.93317010364271
distributed,none,0.0,15,0.0,0.0,0,0,12,0.9126938541068351,180.21297386954228,0.0126938541068351,89.99882550417082
distributed,none,0.0,15,0.0,0.0,0,0,24,0.8837478311162522,179.09690038815052,0.01625216888374781,89.4281193996245
distributed,none,0.0,15,0.0,0.0,0,0,48,0.9020527859237537,180.37481308589946,0.002052785923753686,89.8818789254163
distributed,none,0.0,16,0.0,0.0,0,0,6,0.9107040641099027,184.51546580978544,0.010704064109902656,91.93317010364271
distributed,none,0.0,16,0.0,0.0,0,0,12,0.9126938541068351,180.21297386954228,0.0126938541068351,89.99882550417082
distributed,none,0.0,16,0.0,0.0,0,0,24,0.8837478311162522,179.09690038815052,0.01625216888374781,89.4281193996245
distributed,none,0.0,16,0.0,0.0,0,0,48,0.9020527859237537,180.37481308589946,0.002052785923753686,89.8818789254163
distributed,none,0.0,17,0.0,0.0,0,0,6,0.9107040641099027,184.51546580978544,0.010704064109902656,91.93317010364271
distributed,none,0.0,17,0.0,0.0,0,0,12,0.9126938541068351,180.21297386954228,0.0126938541068351,89.99882550417082
distributed,none,0.0,17,0.0,0.0,0,0,24,0.8837478311162522,179.09690038815052,0.01625216888374781,89.4281193996245
distributed,none,0.0,17,0.0,0.0,0,0,48,0.9020527859237537,180.37481308589946,0.002052785923753686,89.8818789254163
distributed,none,0.0,18,0.0,0.0,0,0,6,0.9107040641099027,184.51546580978544,0.010704064109902656,91.93317010364271
distributed,none,0.0,18,0.0,0.0,0,0,12,0.9126938541068351,180.21297386954228,0.0126938541068351,89.99882550417082
distributed,none,0.0,18,0.0,0.0,0,0,24,0.8837478311162522,179.09690038815052,0.01625216888374781,89.4281193996245
distributed,none,0.0,18,0.0,0.0,0,0,48,0.9020527859237537,180.37481308589946,0.002052785923753686,89.8818789254163
distributed,none,0.0,19,0.0,0.0,0,0,6,0.9107040641099027,184.51546580978544,0.010704064109902656,91.93317010364271
distributed,none,0.0,19,0.0,0.0,0,0,12,0.9126938541068351,180.21297386954228,0.0126938541068351,89.99882550417082
distributed,none,0.0,19,0.0,0.0,0,0,24,0.8837478311162522,179.09690038815052,0.01625216888374781,89.4281193996245
distributed,none,0.0,19,0.0,0.0,0,0,48,0.9020527859237537,180.37481308589946,0.002052785923753686,89.8818789254163
distributed,none,0.1,0,0.1,0.09988584474885845,175,175,6,0.9124212936462507,185.41513374965515,0.012421293646250664,92.57530721389132
distributed,none,0.1,0,0.1,0.09988584474885845,175,175,12,0.9080987937966686,178.79551563767842,0.008098793796668557,89.27546217931952
distributed,none,0.1,0,0.1,0.09988584474885845,175,175,24,0.8877964141122036,180.2559966709954,0.012203585887796464,89.72347045313822
distributed,none,0.1,0,0.1,0.09988584474885845,175,175,48,0.9020527859237537,181.0608802429881,0.002052785923753686,90.28235079550677
distributed,none,0.1,1,0.1,0.09988584474885845,175,175,6,0.9084144247281053,183.69515774581623,0.008414424728105274,91.7004042534479
distributed,none,0.1,1,0.1,0.09988584474885845,175,175,12,0.9190120620333142,182.4546359079241,0.01901206203331418,91.18968574603117
distributed,none,0.1,1,0.1,0.09988584474885845,175,175,24,0.8958935801041065,183.7081166008768,0.004106419895893554,91.36093023555885
distributed,none,0.1,1,0.1,0.09988584474885845,175,175,48,0.9085043988269794,184.0512073629858,0.008504398826979398,91.98964606510184
distributed,none,0.1,2,0.1,0.09988584474885845,175,175,6,0.9124212936462507,185.50662100011374,0.012421293646250664,92.68338501958107
distributed,none,0.1,2,0.1,0.09988584474885845,175,175,12,0.9080987937966686,178.79551563767842,0.008098793796668557,89.27546217931952
distributed,none,0.1,2,0.1,0.09988584474885845,175,175,24,0.8837478311162522,179.09690038815052,0.01625216888374781,89.40107888488403
distributed,none,0.1,2,0.1,0.09988584474885845,175,175,48,0.9049853372434018,181.76111616920548,0.004985337243401777,90.56545191780496
distributed,none,0.1,3,0.1,0.09988584474885845,175,175,6,0.9055523755008587,182.23241348235695,0.005552375500858631,91.02547956208157
distributed,none,0.1,3,0.1,0.09988584474885845,175,175,12,0.9080987937966686,178.44803105071028,0.008098793796668557,89.14240225483017
distributed,none,0.1,3,0.1,0.09988584474885845,175,175,24,0.8831694621168306,178.90305915012408,0.01683053788316946,89.37556751126888
distributed,none,0.1,3,0.1,0.09988584474885845,175,175,48,0.9020527859237537,180.37481308589946,0.002052785923753686,89.87794925170328
distributed,none,0.1,4,0.1,0.09988584474885845,175,175,6,0.9118488838008014,185.05981135015253,0.011848883800801402,92.37604202231323
distributed,none,0.1,4,0.1,0.09988584474885845,175,175,12,0.9080987937966686,178.48977653887917,0.008098793796668557,89.22401552535514
distributed,none,0.1,4,0.1,0.09988584474885845,175,175,24,0.8831694621168306,178.83617293458826,0.01683053788316946,89.30883078454518
distributed,none,0.1,4,0.1,0.09988584474885845,175,175,48,0.9020527859237537,180.50957062968297,0.002052785923753686,90.12708695418563
distributed,none,0.1,5,0.1,0.09988584474885845,175,175,6,0.9107040641099027,184.51546580978544,0.010704064109902656,91.98304036779177
distributed,none,0.1,5,0.1,0.09988584474885845,175,175,12,0.9138426191843768,181.23449149797457,0.013842619184376792,90.49924275634744
distributed,none,0.1,5,0.1,0.09988584474885845,175,175,24,0.8831694621168306,178.90305915012408,0.01683053788316946,89.42477508884771
distributed,none,0.1,5,0.1,0.09988584474885845,175,175,48,0.9020527859237537,180.37481308589946,0.002052785923753686,89.8713499732348
distributed,none,0.1,6,0.1,0.09988584474885845,175,175,6,0.9118488838008014,185.05981135015253,0.011848883800801402,92.37604202231323
distributed,none,0.1,6,0.1,0.09988584474885845,175,175,12,0.9115450890292935,179.50179828094014,0.01154508902929352,89.58750432874386
distributed,none,0.1,6,0.1,0.09988584474885845,175,175,24,0.8849045691150954,179.44694090627644,0.015095430884904615,89.50968194646998
distributed,none,0.1,6,0.1,0.09988584474885845,175,175,48,0.9020527859237537,181.0608802429881,0.002052785923753686,90.24130956046314
distributed,none,0.1,7,0.1,0.09988584474885845,175,175,6,0.9089868345735547,183.96608073558355,0.008986834573554647,91.87615564617654
distributed,none,0.1,7,0.1,0.09988584474885845,175,175,12,0.9190120620333142,182.4546359079241,0.01901206203331418,91.19804436267839
distributed,none,0.1,7,0.1,0.09988584474885845,175,175,24,0.896471949103528,184.0956044088581,0.0035280508964720125,91.8540583004384
distributed,none,0.1,7,0.1,0.09988584474885845,175,175,48,0.9085043988269794,183.7930326208272,0.008504398826979398,91.71183450755346
distributed,none,0.1,8,0.1,0.09988584474885845,175,175,6,0.9124212936462507,185.74256489034187,0.012421293646250664,92.79476306185059
distributed,none,0.1,8,0.1,0.09988584474885845,175,175,12,0.9161401493394601,181.7204715076699,0.016140149339460064,90.5385770872274
distributed,none,0.1,8,0.1,0.09988584474885845,175,175,24,0.8889531521110469,180.92551828971352,0.01104684788895316,89.84482881784605
distributed,none,0.1,8,0.1,0.09988584474885845,175,175,48,0.9020527859237537,180.50957062968297,0.002052785923753686,89.87925914294095
distributed,none,0.1,9,0.1,0.09988584474885845,175,175,6,0.9164281625643961,187.28261890958387,0.016428162564396054,93.26248835793372
distributed,none,0.1,9,0.1,0.09988584474885845,175,175,12,0.9190120620333142,182.37625083558342,0.01901206203331418,90.92581368662633
distributed,none,0.1,9,0.1,0.09988584474885845,175,175,24,0.8837478311162522,179.09690038815052,0.01625216888374781,89.41808646729413
distributed,none,0.1,9,0.1,0.09988584474885845,175,175,48,0.9008797653958944,179.6340998481167,0.0008797653958944052,89.73339609940511
distributed,none,0.1,10,0.1,0.09988584474885845,175,175,6,0.9084144247281053,183.69515774581623,0.008414424728105274,91.80387795175002
distributed,none,0.1,10,0.1,0.09988584474885845,175,175,12,0.9138426191843768,181.23449149797457,0.013842619184376792,90.43305558826587
distributed,none,0.1,10,0.1,0.09988584474885845,175,175,24,0.8849045691150954,179.44694090627644,0.015095430884904615,89.49998988456865
distributed,none,0.1,10,0.1,0.09988584474885845,175,175,48,0.9073313782991203,183.32819496087217,0.007331378299120228,91.48595493908796
distributed,none,0.1,11,0.1,0.09988584474885845,175,175,6,0.911276473955352,184.67515221824493,0.011276473955352029,92.27370154573867
distributed,none,0.1,11,0.1,0.09988584474885845,175,175,12,0.9126938541068351,180.21297386954228,0.0126938541068351,89.986863122993
distributed,none,0.1,11,0.1,0.09988584474885845,175,175,24,0.8877964141122036,180.2559966709954,0.012203585887796464,89.65346234951306
distributed,none,0.1,11,0.1,0.09988584474885845,175,175,48,0.9008797653958944,179.7716171982586,0.0008797653958944052,89.87225644891335
distributed,none,0.1,12,0.1,0.09988584474885845,175,175,6,0.9061247853463079,182.83925261082362,0.006124785346307893,91.34527279395978
distributed,none,0.1,12,0.1,0.09988584474885845,175,175,12,0.9115450890292935,179.50179828094014,0.01154508902929352,89.6201832910891
distributed,none,0.1,12,0.1,0.09988584474885845,175,175,24,0.8889531521110469,181.15317235644858,0.01104684788895316,90.37627311205021
distributed,none,0.1,12,0.1,0.09988584474885845,175,175,48,0.8944281524926686,177.69410043155034,0.005571847507331418,88.56072630111917
distributed,none,0.1,13,0.1,0.09988584474885845,175,175,6,0.9118488838008014,185.05981135015253,0.011848883800801402,92.37604202231323
distributed,none,0.1,13,0.1,0.09988584474885845,175,175,12,0.9190120620333142,182.37625083558342,0.01901206203331418,90.86023575383496
distributed,none,0.1,13,0.1,0.09988584474885845,175,175,24,0.8889531521110469,181.15317235644858,0.01104684788895316,90.34744443444805
distributed,none,0.1,13,0.1,0.09988584474885845,175,175,48,0.9020527859237537,180.50957062968297,0.002052785923753686,90.12708695418563
distributed,none,0.1,14,0.1,0.09988584474885845,175,175,6,0.9164281625643961,187.28261890958387,0.016428162564396054,93.06831945561537
distributed,none,0.1,14,0.1,0.09988584474885845,175,175,12,0.9190120620333142,182.37625083558342,0.01901206203331418,90.71444175092638
distributed,none,0.1,14,0.1,0.09988584474885845,175,175,24,0.896471949103528,184.10430129206358,0.0035280508964720125,91.58037824682195
distributed,none,0.1,14,0.1,0.09988584474885845,175,175,48,0.9008797653958944,179.6340998481167,0.0008797653958944052,89.73339609940511
distributed,none,0.1,15,0.1,0.09988584474885845,175,175,6,0.9118488838008014,185.05981135015253,0.011848883800801402,92.09291738263218
distributed,none,0.1,15,0.1,0.09988584474885845,175,175,12,0.9190120620333142,182.37625083558342,0.01901206203331418,90.71444175092638
distributed,none,0.1,15,0.1,0.09988584474885845,175,175,24,0.8825910931174089,178.6660971104873,0.017408906882591113,89.28661112099412
distributed,none,0.1,15,0.1,0.09988584474885845,175,175,48,0.8991202346041056,179.4249652864836,0.0008797653958944052,89.57415584304796
distributed,none,0.1,16,0.1,0.09988584474885845,175,175,6,0.9124212936462507,185.74256489034187,0.012421293646250664,92.83621562364428
distributed,none,0.1,16,0.1,0.09988584474885845,175,175,12,0.9138426191843768,181.23449149797457,0.013842619184376792,90.51235419997408
distributed,none,0.1,16,0.1,0.09988584474885845,175,175,24,0.8889531521110469,181.15317235644858,0.01104684788895316,90.46275914485676
distributed,none,0.1,16,0.1,0.09988584474885845,175,175,48,0.9008797653958944,179.6340998481167,0.0008797653958944052,89.72293937132346
distributed,none,0.1,17,0.1,0.09988584474885845,175,175,6,0.9089868345735547,183.96608073558355,0.008986834573554647,91.86186725954234
distributed,none,0.1,17,0.1,0.09988584474885845,175,175,12,0.9115450890292935,179.5530055894725,0.01154508902929352,89.65286225343436
distributed,none,0.1,17,0.1,0.09988584474885845,175,175,24,0.8976286871023713,184.52310506436442,0.002371312897628708,91.93329523867577
distributed,none,0.1,17,0.1,0.09988584474885845,175,175,48,0.9073313782991203,183.02080808045093,0.007331378299120228,91.43705673681293
distributed,none,0.1,18,0.1,0.09988584474885845,175,175,6,0.9061247853463079,182.58015268839893,0.006124785346307893,91.0980613053591
distributed,none,0.1,18,0.1,0.09988584474885845,175,175,12,0.9126938541068351,180.21297386954228,0.0126938541068351,89.986863122993
distributed,none,0.1,18,0.1,0.09988584474885845,175,175,24,0.8820127241179873,178.55000352486348,0.017987275882012765,89.17104217451515
distributed,none,0.1,18,0.1,0.09988584474885845,175,175,48,0.8956011730205279,178.46258830819113,0.004398826979472137,89.07685431387401
distributed,none,0.1,19,0.1,0.09988584474885845,175,175,6,0.9072696050372067,183.4008085068958,0.007269605037206639,91.5524120378686
distributed,none,0.1,19,0.1,0.09988584474885845,175,175,12,0.9126938541068351,180.21297386954228,0.0126938541068351,89.86064692603897
distributed,none,0.1,19,0.1,0.09988584474885845,175,175,24,0.8802776171197224,178.07403533172527,0.01972238288027761,88.44988194194278
distributed,none,0.1,19,0.1,0.09988584474885845,175,175,48,0.9073313782991203,183.32819496087217,0.007331378299120228,91.48595493908796
distributed,none,0.2,0,0.2,0.1997716894977169,350,350,6,0.9107040641099027,184.51546580978544,0.010704064109902656,91.8344685965607
distributed,none,0.2,0,0.2,0.1997716894977169,350,350,12,0.9017805858701895,175.9521242771005,0.0017805858701894772,87.7369959760219
distributed,none,0.2,0,0.2,0.1997716894977169,350,350,24,0.8820127241179873,178.54500825699492,0.017987275882012765,88.895471412438
distributed,none,0.2,0,0.2,0.1997716894977169,350,350,48,0.9020527859237537,180.37481308589946,0.002052785923753686,89.91596839351139
distributed,none,0.2,1,0.2,0.1997716894977169,350,350,6,0.9124212936462507,185.50662100011374,0.012421293646250664,92.64711223671134
distributed,none,0.2,1,0.2,0.1997716894977169,350,350,12,0.9161401493394601,181.7204715076699,0.016140149339460064,90.64154474947209
distributed,none,0.2,1,0.2,0.1997716894977169,350,350,24,0.8999421631000578,185.21844506287312,5.783689994220964e-05,92.51354694502866
distributed,none,0.2,1,0.2,0.1997716894977169,350,350,48,0.9090909090909091,184.3525803240788,0.009090909090909038,92.00708334695392
distributed,none,0.2,2,0.2,0.1997716894977169,350,350,6,0.9175729822552948,187.57000820396576,0.0175729822552948,93.76097708306396
distributed,none,0.2,2,0.2,0.1997716894977169,350,350,12,0.9126938541068351,180.21297386954228,0.0126938541068351,89.71980325493854
distributed,none,0.2,2,0.2,0.1997716894977169,350,350,24,0.8877964141122036,180.2559966709954,0.012203585887796464,89.53541382139716
distributed,none,0.2,2,0.2,0.1997716894977169,350,350,48,0.9020527859237537,181.0608802429881,0.002052785923753686,90.22783380608479
distributed,none,0.2,3,0.2,0.1997716894977169,350,350,6,0.9089868345735547,183.96608073558355,0.008986834573554647,91.85829516288378
distributed,none,0.2,3,0.2,0.1997716894977169,350,350,12,0.9115450890292935,179.50179828094014,0.01154508902929352,89.51160572478203
distributed,none,0.2,3,0.2,0.1997716894977169,350,350,24,0.896471949103528,184.10430129206358,0.0035280508964720125,91.59288807574967
distributed,none,0.2,3,0.2,0.1997716894977169,350,350,48,0.9073313782991203,182.8578140728675,0.007331378299120228,89.97628798227545
distributed,none,0.2,4,0.2,0.1997716894977169,350,350,6,0.907842014882656,183.60775590350005,0.007842014882656012,91.582487413716
distributed,none,0.2,4,0.2,0.1997716894977169,350,350,12,0.9080987937966686,178.44803105071028,0.008098793796668557,89.19058093654586
distributed,none,0.2,4,0.2,0.1997716894977169,350,350,24,0.8831694621168306,178.83617293458826,0.01683053788316946,89.31488522721979
distributed,none,0.2,4,0.2,0.1997716894977169,350,350,48,0.9085043988269794,183.7930326208272,0.008504398826979398,91.71806063085867
distributed,none,0.2,5,0.2,0.1997716894977169,350,350,6,0.9055523755008587,182.23241348235695,0.005552375500858631,90.9023044632765
distributed,none,0.2,5,0.2,0.1997716894977169,350,350,12,0.9115450890292935,179.5530055894725,0.01154508902929352,89.70188069695222
distributed,none,0.2,5,0.2,0.1997716894977169,350,350,24,0.8877964141122036,180.2559966709954,0.012203585887796464,89.66435982235977
distributed,none,0.2,5,0.2,0.1997716894977169,350,350,48,0.9049853372434018,181.76111616920548,0.004985337243401777,90.6004637141158
distributed,none,0.2,6,0.2,0.1997716894977169,350,350,6,0.9210074413279908,189.72422331785828,0.021007441327990817,94.17808241352904
distributed,none,0.2,6,0.2,0.1997716894977169,350,350,12,0.9161401493394601,181.7204715076699,0.016140149339460064,90.64154474947209
distributed,none,0.2,6,0.2,0.1997716894977169,350,350,24,0.896471949103528,184.10430129206358,0.0035280508964720125,91.58037824682195
distributed,none,0.2,6,0.2,0.1997716894977169,350,350,48,0.9073313782991203,183.02080808045093,0.007331378299120228,91.31923724606753
distributed,none,0.2,7,0.2,0.1997716894977169,350,350,6,0.9124212936462507,185.7138838090823,0.012421293646250664,92.76367364050532
distributed,none,0.2,7,0.2,0.1997716894977169,350,350,12,0.913268236645606,180.97226262544154,0.013268236645605946,90.18057345481483
distributed,none,0.2,7,0.2,0.1997716894977169,350,350,24,0.8958935801041065,183.7081166008768,0.004106419895893554,91.34243291446619
distributed,none,0.2,7,0.2,0.1997716894977169,350,350,48,0.9085043988269794,183.99829212144584,0.008504398826979398,91.90109418687265
distributed,none,0.2,8,0.2,0.1997716894977169,350,350,6,0.9175729822552948,187.60614998783817,0.0175729822552948,93.7868111911765
distributed,none,0.2,8,0.2,0.1997716894977169,350,350,12,0.9190120620333142,182.68038161794897,0.01901206203331418,91.2674099403801
distributed,none,0.2,8,0.2,0.1997716894977169,350,350,24,0.8849045691150954,179.44694090627644,0.015095430884904615,89.4787236628697
distributed,none,0.2,8,0.2,0.1997716894977169,350,350,48,0.9049853372434018,181.76111616920548,0.004985337243401777,90.44774367949829
distributed,none,0.2,9,0.2,0.1997716894977169,350,350,6,0.9175729822552948,187.51661482859038,0.0175729822552948,93.55807910973894
distributed,none,0.2,9,0.2,0.1997716894977169,350,350,12,0.9190120620333142,182.4546359079241,0.01901206203331418,91.02418058581333
distributed,none,0.2,9,0.2,0.1997716894977169,350,350,24,0.8877964141122036,180.2559966709954,0.012203585887796464,89.70596842723194
distributed,none,0.2,9,0.2,0.1997716894977169,350,350,48,0.9073313782991203,183.02080808045093,0.007331378299120228,91.42890703643376
distributed,none,0.2,10,0.2,0.1997716894977169,350,350,6,0.9124212936462507,185.7138838090823,0.012421293646250664,92.72128996239637
distributed,none,0.2,10,0.2,0.1997716894977169,350,350,12,0.919586444572085,184.579154559921,0.019586444572085027,91.99528674472828
distributed,none,0.2,10,0.2,0.1997716894977169,350,350,24,0.8976286871023713,184.52310506436442,0.002371312897628708,92.05215064603179
distributed,none,0.2,10,0.2,0.1997716894977169,350,350,48,0.9085043988269794,183.8943671343895,0.008504398826979398,91.90262014569234
distributed,none,0.2,11,0.2,0.1997716894977169,350,350,6,0.9124212936462507,185.41513374965515,0.012421293646250664,92.58098240624321
distributed,none,0.2,11,0.2,0.1997716894977169,350,350,12,0.9161401493394601,181.7204715076699,0.016140149339460064,90.60413430536065
distributed,none,0.2,11,0.2,0.1997716894977169,350,350,24,0.8820127241179873,178.54500825699492,0.017987275882012765,89.00870841517774
distributed,none,0.2,11,0.2,0.1997716894977169,350,350,48,0.9020527859237537,181.0608802429881,0.002052785923753686,90.12708695418563
distributed,none,0.2,12,0.2,0.1997716894977169,350,350,6,0.9124212936462507,185.7138838090823,0.012421293646250664,92.74873613753394
distributed,none,0.2,12,0.2,0.1997716894977169,350,350,12,0.9190120620333142,182.5348198807602,0.01901206203331418,91.23132715260385
distributed,none,0.2,12,0.2,0.1997716894977169,350,350,24,0.896471949103528,184.10430129206358,0.0035280508964720125,91.62599158909133
distributed,none,0.2,12,0.2,0.1997716894977169,350,350,48,0.9008797653958944,179.6340998481167,0.0008797653958944052,89.55026901862281
distributed,none,0.2,13,0.2,0.1997716894977169,350,350,6,0.907842014882656,183.60775590350005,0.007842014882656012,91.69878125147265
distributed,none,0.2,13,0.2,0.1997716894977169,350,350,12,0.9190120620333142,182.37625083558342,0.01901206203331418,90.83593675335021
distributed,none,0.2,13,0.2,0.1997716894977169,350,350,24,0.8877964141122036,180.2559966709954,0.012203585887796464,89.69293205455384
distributed,none,0.2,13,0.2,0.1997716894977169,350,350,48,0.9090909090909091,184.324686355934,0.009090909090909038,91.97129015808905
distributed,none,0.2,14,0.2,0.1997716894977169,350,350,6,0.9118488838008014,185.05981135015253,0.011848883800801402,92.31362314785355
distributed,none,0.2,14,0.2,0.1997716894977169,350,350,12,0.9190120620333142,182.38145192971496,0.01901206203331418,91.02418058581333
distributed,none,0.2,14,0.2,0.1997716894977169,350,350,24,0.891844997108155,182.13248438925825,0.008155002891845009,90.62555177986484
distributed,none,0.2,14,0.2,0.1997716894977169,350,350,48,0.9020527859237537,180.37481308589946,0.002052785923753686,89.88318881665397
distributed,none,0.2,15,0.2,0.1997716894977169,350,350,6,0.9107040641099027,184.51546580978544,0.010704064109902656,91.95311820930235
distributed,none,0.2,15,0.2,0.1997716894977169,350,350,12,0.9190120620333142,182.82596175917786,0.01901206203331418,91.29652412822188
distributed,none,0.2,15,0.2,0.1997716894977169,350,350,24,0.8785425101214575,177.50785031802673,0.02145748987854257,88.14583872487201
distributed,none,0.2,15,0.2,0.1997716894977169,350,350,48,0.9020527859237537,180.50957062968297,0.002052785923753686,89.83840735345751
distributed,none,0.2,16,0.2,0.1997716894977169,350,350,6,0.9124212936462507,185.41513374965515,0.012421293646250664,92.61083945384159
distributed,none,0.2,16,0.2,0.1997716894977169,350,350,12,0.9126938541068351,180.21297386954228,0.0126938541068351,89.76114060217654
distributed,none,0.2,16,0.2,0.1997716894977169,350,350,24,0.8837478311162522,179.09690038815052,0.01625216888374781,89.44484095350846
distributed,none,0.2,16,0.2,0.1997716894977169,350,350,48,0.8909090909090909,175.53591996627745,0.00909090909090915,87.71724161609654
distributed,none,0.2,17,0.2,0.1997716894977169,350,350,6,0.9107040641099027,184.51546580978544,0.010704064109902656,91.91322199798309
distributed,none,0.2,17,0.2,0.1997716894977169,350,350,12,0.9080987937966686,178.3811618730917,0.008098793796668557,89.1155805050507
distributed,none,0.2,17,0.2,0.1997716894977169,350,350,24,0.8999421631000578,185.07673219864597,5.783689994220964e-05,92.38723096404519
distributed,none,0.2,17,0.2,0.1997716894977169,350,350,48,0.9073313782991203,183.50807212894745,0.007331378299120228,91.66741876255435
distributed,none,0.2,18,0.2,0.1997716894977169,350,350,6,0.9009730967372639,178.84425432253207,0.0009730967372638677,88.92131232115666
distributed,none,0.2,18,0.2,0.1997716894977169,350,350,12,0.9109707064905227,179.17500865748772,0.010970706490522675,89.4167324698297
distributed,none,0.2,18,0.2,0.1997716894977169,350,350,24,0.8785425101214575,177.50785031802673,0.02145748987854257,88.06982792060441
distributed,none,0.2,18,0.2,0.1997716894977169,350,350,48,0.9008797653958944,179.6340998481167,0.0008797653958944052,89.6595406056068
distributed,none,0.2,19,0.2,0.1997716894977169,350,350,6,0.9204350314825415,189.10617966627802,0.020435031482541444,93.87807647784118
distributed,none,0.2,19,0.2,0.1997716894977169,350,350,12,0.9190120620333142,182.38145192971496,0.01901206203331418,91.0739494840308
distributed,none,0.2,19,0.2,0.1997716894977169,350,350,24,0.8756506651243493,174.47213745484652,0.02434933487565072,86.51152843381594
distributed,none,0.2,19,0.2,0.1997716894977169,350,350,48,0.9073313782991203,183.02080808045093,0.007331378299120228,91.26440235088448
distributed,none,0.3,0,0.3,0.2996575342465753,525,525,6,0.9158557527189468,186.72774994256378,0.01585575271894679,92.86841433704498
distributed,none,0.3,0,0.3,0.2996575342465753,525,525,12,0.9075244112578977,178.1565161920615,0.007524411257897712,88.47869525170036
distributed,none,0.3,0,0.3,0.2996575342465753,525,525,24,0.8831694621168306,178.83617293458826,0.01683053788316946,89.27325341867774
distributed,none,0.3,0,0.3,0.2996575342465753,525,525,48,0.9008797653958944,179.7716171982586,0.0008797653958944052,89.87270968675261
distributed,none,0.3,1,0.3,0.2996575342465753,525,525,6,0.9232970807097882,191.3061150553508,0.023297080709788198,95.1866039200639
distributed,none,0.3,1,0.3,0.2996575342465753,525,525,12,0.9190120620333142,182.38145192971496,0.01901206203331418,90.92633379603947
distributed,none,0.3,1,0.3,0.2996575342465753,525,525,24,0.9103528050896472,190.54021132541578,0.010352805089647199,95.22824196065982
distributed,none,0.3,1,0.3,0.2996575342465753,525,525,48,0.9219941348973607,190.0104698438404,0.021994134897360684,94.96635503387257
distributed,none,0.3,2,0.3,0.2996575342465753,525,525,6,0.9210074413279908,189.72422331785828,0.021007441327990817,94.0922383944454
distributed,none,0.3,2,0.3,0.2996575342465753,525,525,12,0.9046524985640436,177.11625710089777,0.0046524985640435945,88.49016430533145
distributed,none,0.3,2,0.3,0.2996575342465753,525,525,24,0.8756506651243493,174.47213745484652,0.02434933487565072,86.43599572514889
distributed,none,0.3,2,0.3,0.2996575342465753,525,525,48,0.9073313782991203,183.32819496087217,0.007331378299120228,91.04506277015209
distributed,none,0.3,3,0.3,0.2996575342465753,525,525,6,0.9124212936462507,185.74256489034187,0.012421293646250664,92.81212939562708
distributed,none,0.3,3,0.3,0.2996575342465753,525,525,12,0.9115450890292935,179.5530055894725,0.01154508902929352,89.64552241744713
distributed,none,0.3,3,0.3,0.2996575342465753,525,525,24,0.8987854251012146,184.9112711700171,0.0012145748987854033,92.26155253218221
distributed,none,0.3,3,0.3,0.2996575342465753,525,525,48,0.9020527859237537,180.37481308589946,0.002052785923753686,89.87925914294095
distributed,none,0.3,4,0.3,0.2996575342465753,525,525,6,0.9061247853463079,182.92914114796815,0.006124785346307893,91.42861515912627
distributed,none,0.3,4,0.3,0.2996575342465753,525,525,12,0.9080987937966686,178.3811618730917,0.008098793796668557,89.14389161860382
distributed,none,0.3,4,0.3,0.2996575342465753,525,525,24,0.891844997108155,182.13248438925825,0.008155002891845009,90.44200982540633
distributed,none,0.3,4,0.3,0.2996575342465753,525,525,48,0.9085043988269794,183.7930326208272,0.008504398826979398,91.76828408906772
distributed,none,0.3,5,0.3,0.2996575342465753,525,525,6,0.9061247853463079,182.83925261082362,0.006124785346307893,91.14654869760184
distributed,none,0.3,5,0.3,0.2996575342465753,525,525,12,0.9109707064905227,179.17500865748772,0.010970706490522675,89.43570712082015
distributed,none,0.3,5,0.3,0.2996575342465753,525,525,24,0.8877964141122036,180.2559966709954,0.012203585887796464,89.48060576076601
distributed,none,0.3,5,0.3,0.2996575342465753,525,525,48,0.9020527859237537,180.37481308589946,0.002052785923753686,89.76566147265022
distributed,none,0.3,6,0.3,0.2996575342465753,525,525,6,0.9244419004006869,193.2610908206205,0.024441900400686833,96.32020122525263
distributed,none,0.3,6,0.3,0.2996575342465753,525,525,12,0.9190120620333142,182.68038161794897,0.01901206203331418,91.1894256913246
distributed,none,0.3,6,0.3,0.2996575342465753,525,525,24,0.8999421631000578,185.07673219864597,5.783689994220964e-05,92.44195466081587
distributed,none,0.3,6,0.3,0.2996575342465753,525,525,48,0.9020527859237537,180.37481308589946,0.002052785923753686,89.7124826432418
distributed,none,0.3,7,0.3,0.2996575342465753,525,525,6,0.9061247853463079,182.83925261082362,0.006124785346307893,91.22052850299109
distributed,none,0.3,7,0.3,0.2996575342465753,525,525,12,0.9109707064905227,179.17500865748772,0.010970706490522675,89.27613821340037
distributed,none,0.3,7,0.3,0.2996575342465753,525,525,24,0.8883747831116252,180.34894473766974,0.011625216888374812,89.72347045313822
distributed,none,0.3,7,0.3,0.2996575342465753,525,525,48,0.9085043988269794,183.99829212144584,0.008504398826979398,91.90414610451202
distributed,none,0.3,8,0.3,0.2996575342465753,525,525,6,0.9250143102461362,194.50764035100713,0.025014310246136207,96.17041240754291
distributed,none,0.3,8,0.3,0.2996575342465753,525,525,12,0.9190120620333142,182.38145192971496,0.01901206203331418,90.99139161941766
distributed,none,0.3,8,0.3,0.2996575342465753,525,525,24,0.8958935801041065,183.7081166008768,0.004106419895893554,90.72348298314577
distributed,none,0.3,8,0.3,0.2996575342465753,525,525,48,0.9090909090909091,184.324686355934,0.009090909090909038,91.94413339638716
distributed,none,0.3,9,0.3,0.2996575342465753,525,525,6,0.9118488838008014,185.05981135015253,0.011848883800801402,92.09291738263218
distributed,none,0.3,9,0.3,0.2996575342465753,525,525,12,0.9115450890292935,179.50179828094014,0.01154508902929352,89.49263107379153
distributed,none,0.3,9,0.3,0.2996575342465753,525,525,24,0.8889531521110469,181.15317235644858,0.01104684788895316,90.46275914485676
distributed,none,0.3,9,0.3,0.2996575342465753,525,525,48,0.9073313782991203,183.32819496087217,0.007331378299120228,90.5028746408288
distributed,none,0.3,10,0.3,0.2996575342465753,525,525,6,0.9118488838008014,185.05981135015253,0.011848883800801402,92.12485466432408
distributed,none,0.3,10,0.3,0.2996575342465753,525,525,12,0.919586444572085,184.72632791311494,0.019586444572085027,92.12834043397395
distributed,none,0.3,10,0.3,0.2996575342465753,525,525,24,0.896471949103528,184.10430129206358,0.0035280508964720125,91.89367676955709
distributed,none,0.3,10,0.3,0.2996575342465753,525,525,48,0.9090909090909091,184.3525803240788,0.009090909090909038,92.03324741150365
distributed,none,0.3,11,0.3,0.2996575342465753,525,525,6,0.9107040641099027,184.51546580978544,0.010704064109902656,91.96309226213215
distributed,none,0.3,11,0.3,0.2996575342465753,525,525,12,0.913268236645606,180.70688400316698,0.013268236645605946,90.15587794813362
distributed,none,0.3,11,0.3,0.2996575342465753,525,525,24,0.8837478311162522,179.09690038815052,0.01625216888374781,89.47091369886469
distributed,none,0.3,11,0.3,0.2996575342465753,525,525,48,0.9008797653958944,179.6340998481167,0.0008797653958944052,89.69327542772675
distributed,none,0.3,12,0.3,0.2996575342465753,525,525,6,0.9175729822552948,187.57000820396576,0.0175729822552948,93.40349742664561
distributed,none,0.3,12,0.3,0.2996575342465753,525,525,12,0.9190120620333142,183.1557512539538,0.01901206203331418,91.44595982906654
distributed,none,0.3,12,0.3,0.2996575342465753,525,525,24,0.9034123770965876,186.15577963898193,0.0034123770965875933,92.63790532719325
distributed,none,0.3,12,0.3,0.2996575342465753,525,525,48,0.898533724340176,179.04082097618277,0.0014662756598240456,89.19247770527359
distributed,none,0.3,13,0.3,0.2996575342465753,525,525,6,0.9118488838008014,185.17331519719016,0.011848883800801402,92.414507935504
distributed,none,0.3,13,0.3,0.2996575342465753,525,525,12,0.9190120620333142,182.4546359079241,0.01901206203331418,90.99139161941768
distributed,none,0.3,13,0.3,0.2996575342465753,525,525,24,0.8889531521110469,181.15317235644858,0.01104684788895316,89.84482881784609
distributed,none,0.3,13,0.3,0.2996575342465753,525,525,48,0.9102639296187683,184.7083218597357,0.01026392961876832,92.17489546363215
distributed,none,0.3,14,0.3,0.2996575342465753,525,525,6,0.9055523755008587,182.23241348235695,0.005552375500858631,90.9092159090154
distributed,none,0.3,14,0.3,0.2996575342465753,525,525,12,0.9190120620333142,182.82596175917786,0.01901206203331418,91.22139955506653
distributed,none,0.3,14,0.3,0.2996575342465753,525,525,24,0.8849045691150954,179.44694090627644,0.015095430884904615,89.50591775067728
distributed,none,0.3,14,0.3,0.2996575342465753,525,525,48,0.8926686217008798,175.989788549037,0.007331378299120228,87.72125396837284
distributed,none,0.3,15,0.3,0.2996575342465753,525,525,6,0.9124212936462507,185.41513374965515,0.012421293646250664,92.36660201296617
distributed,none,0.3,15,0.3,0.2996575342465753,525,525,12,0.919586444572085,184.579154559921,0.019586444572085027,91.96120346661097
distributed,none,0.3,15,0.3,0.2996575342465753,525,525,24,0.8727588201272412,173.02305686763188,0.02724117987275887,86.02616325669091
distributed,none,0.3,15,0.3,0.2996575342465753,525,525,48,0.9085043988269794,183.99829212144584,0.008504398826979398,91.80812665488165
distributed,none,0.3,16,0.3,0.2996575342465753,525,525,6,0.9210074413279908,189.72422331785828,0.021007441327990817,94.39947268690776
distributed,none,0.3,16,0.3,0.2996575342465753,525,525,12,0.913268236645606,180.70688400316698,0.013268236645605946,90.15587794813362
distributed,none,0.3,16,0.3,0.2996575342465753,525,525,24,0.8820127241179873,178.54500825699492,0.017987275882012765,88.92378066312293
distributed,none,0.3,16,0.3,0.2996575342465753,525,525,48,0.8956011730205279,178.46258830819113,0.004398826979472137,88.89213107941694
distributed,none,0.3,17,0.3,0.2996575342465753,525,525,6,0.9124212936462507,185.7138838090823,0.012421293646250664,92.7258643249193
distributed,none,0.3,17,0.3,0.2996575342465753,525,525,12,0.9109707064905227,179.17500865748772,0.010970706490522675,89.23236462298892
distributed,none,0.3,17,0.3,0.2996575342465753,525,525,24,0.9063042220936958,187.69809062740728,0.006304222093695744,93.48018235456092
distributed,none,0.3,17,0.3,0.2996575342465753,525,525,48,0.9020527859237537,180.37481308589946,0.002052785923753686,89.90213980209562
distributed,none,0.3,18,0.3,0.2996575342465753,525,525,6,0.8918145392100744,174.85187689108494,0.008185460789925658,87.40301815710782
distributed,none,0.3,18,0.3,0.2996575342465753,525,525,12,0.9075244112578977,178.29671941984947,0.007524411257897712,89.13346607218833
distributed,none,0.3,18,0.3,0.2996575342465753,525,525,24,0.8704453441295547,171.44584812652067,0.029554655870445368,85.30062556899841
distributed,none,0.3,18,0.3,0.2996575342465753,525,525,48,0.8897360703812317,175.38806956748437,0.01026392961876832,87.60754823698876
distributed,none,0.3,19,0.3,0.2996575342465753,525,525,6,0.9221522610188895,190.8851268268414,0.022152261018889452,95.24840828522194
distributed,none,0.3,19,0.3,0.2996575342465753,525,525,12,0.9190120620333142,183.47753490507085,0.01901206203331418,91.61005399208862
distributed,none,0.3,19,0.3,0.2996575342465753,525,525,24,0.8877964141122036,180.2559966709954,0.012203585887796464,89.60095627179416
distributed,none,0.3,19,0.3,0.2996575342465753,525,525,48,0.9085043988269794,184.0512073629858,0.008504398826979398,91.92233378462947
distributed,none,0.4,0,0.4,0.3995433789954338,700,700,6,0.9210074413279908,189.72422331785828,0.021007441327990817,94.55308983313901
distributed,none,0.4,0,0.4,0.3995433789954338,700,700,12,0.9075244112578977,178.1565161920615,0.007524411257897712,88.25825606020425
distributed,none,0.4,0,0.4,0.3995433789954338,700,700,24,0.8727588201272412,173.02305686763188,0.02724117987275887,86.42844784690118
distributed,none,0.4,0,0.4,0.3995433789954338,700,700,48,0.9090909090909091,184.324686355934,0.009090909090909038,91.978551612914
distributed,none,0.4,1,0.4,0.3995433789954338,700,700,6,0.9244419004006869,193.39497926216325,0.024441900400686833,96.27759523160209
distributed,none,0.4,1,0.4,0.3995433789954338,700,700,12,0.9190120620333142,182.5348198807602,0.01901206203331418,91.02548085934622
distributed,none,0.4,1,0.4,0.3995433789954338,700,700,24,0.9103528050896472,190.48502276528464,0.010352805089647199,95.19494664270064
distributed,none,0.4,1,0.4,0.3995433789954338,700,700,48,0.9225806451612903,191.01363634980368,0.022580645161290325,95.1437611327609
distributed,none,0.4,2,0.4,0.3995433789954338,700,700,6,0.9250143102461362,194.8605162643534,0.025014310246136207,96.63048000777728
distributed,none,0.4,2,0.4,0.3995433789954338,700,700,12,0.9075244112578977,178.29671941984947,0.007524411257897712,89.12794527457257
distributed,none,0.4,2,0.4,0.3995433789954338,700,700,24,0.8727588201272412,172.87199145029777,0.02724117987275887,86.16923907884843
distributed,none,0.4,2,0.4,0.3995433789954338,700,700,48,0.9020527859237537,181.0608802429881,0.002052785923753686,89.98574604274185
distributed,none,0.4,3,0.4,0.3995433789954338,700,700,6,0.9244419004006869,191.52088428995026,0.024441900400686833,95.70205148074416
distributed,none,0.4,3,0.4,0.3995433789954338,700,700,12,0.9190120620333142,183.47753490507085,0.01901206203331418,91.33248525586653
distributed,none,0.4,3,0.4,0.3995433789954338,700,700,24,0.9080393290919607,189.49643220318939,0.0080393290919607,93.70940309764212
distributed,none,0.4,3,0.4,0.3995433789954338,700,700,48,0.9073313782991203,183.02080808045093,0.007331378299120228,90.80815678969174
distributed,none,0.4,4,0.4,0.3995433789954338,700,700,6,0.9061247853463079,182.92914114796815,0.006124785346307893,91.41962630541181
distributed,none,0.4,4,0.4,0.3995433789954338,700,700,12,0.9161401493394601,181.7204715076699,0.016140149339460064,90.61724574898729
distributed,none,0.4,4,0.4,0.3995433789954338,700,700,24,0.8889531521110469,181.15317235644858,0.01104684788895316,90.1279983354977
distributed,none,0.4,4,0.4,0.3995433789954338,700,700,48,0.918475073313783,187.66513568622946,0.018475073313782953,93.62197414433982
distributed,none,0.4,5,0.4,0.3995433789954338,700,700,6,0.9026903262736119,180.1447586653178,0.002690326273611876,90.04144889291143
distributed,none,0.4,5,0.4,0.3995433789954338,700,700,12,0.9080987937966686,178.3811618730917,0.008098793796668557,89.15258183258685
distributed,none,0.4,5,0.4,0.3995433789954338,700,700,24,0.8831694621168306,178.83617293458826,0.01683053788316946,89.28931023291798
distributed,none,0.4,5,0.4,0.3995433789954338,700,700,48,0.8944281524926686,177.6044550914578,0.005571847507331418,88.10729234593643
distributed,none,0.4,6,0.4,0.3995433789954338,700,700,6,0.9084144247281053,183.69515774581623,0.008414424728105274,91.79190757994455
distributed,none,0.4,6,0.4,0.3995433789954338,700,700,12,0.9190120620333142,182.68038161794897,0.01901206203331418,91.1904659101509
distributed,none,0.4,6,0.4,0.3995433789954338,700,700,24,0.8831694621168306,178.90305915012408,0.01683053788316946,89.42477508884771
distributed,none,0.4,6,0.4,0.3995433789954338,700,700,48,0.9073313782991203,183.3392659012664,0.007331378299120228,91.63335879239398
distributed,none,0.4,7,0.4,0.3995433789954338,700,700,6,0.9055523755008587,182.05095912416314,0.005552375500858631,90.70673005454391
distributed,none,0.4,7,0.4,0.3995433789954338,700,700,12,0.913268236645606,180.70688400316698,0.013268236645605946,89.9069913641432
distributed,none,0.4,7,0.4,0.3995433789954338,700,700,24,0.896471949103528,184.10430129206358,0.0035280508964720125,91.65787580841815
distributed,none,0.4,7,0.4,0.3995433789954338,700,700,48,0.9090909090909091,184.324686355934,0.009090909090909038,91.95164608261747
distributed,none,0.4,8,0.4,0.3995433789954338,700,700,6,0.9107040641099027,184.51546580978544,0.010704064109902656,91.77399156317801
distributed,none,0.4,8,0.4,0.3995433789954338,700,700,12,0.9080987937966686,178.79551563767842,0.008098793796668557,89.23027734858047
distributed,none,0.4,8,0.4,0.3995433789954338,700,700,24,0.8802776171197224,178.07403533172527,0.01972238288027761,87.69142565690039
distributed,none,0.4,8,0.4,0.3995433789954338,700,700,48,0.9073313782991203,183.50807212894745,0.007331378299120228,91.35068172210276
distributed,none,0.4,9,0.4,0.3995433789954338,700,700,6,0.9055523755008587,182.05095912416314,0.005552375500858631,90.85108408248229
distributed,none,0.4,9,0.4,0.3995433789954338,700,700,12,0.9190120620333142,182.4546359079241,0.01901206203331418,90.38627767477526
distributed,none,0.4,9,0.4,0.3995433789954338,700,700,24,0.8768074031231926,175.98763423267326,0.023192596876807414,87.23606872742326
distributed,none,0.4,9,0.4,0.3995433789954338,700,700,48,0.9073313782991203,183.32819496087217,0.007331378299120228,90.13444214713137
distributed,none,0.4,10,0.4,0.3995433789954338,700,700,6,0.9221522610188895,190.8851268268414,0.022152261018889452,95.35474053895773
distributed,none,0.4,10,0.4,0.3995433789954338,700,700,12,0.9190120620333142,182.82596175917786,0.01901206203331418,91.20170356158884
distributed,none,0.4,10,0.4,0.3995433789954338,700,700,24,0.8976286871023713,184.52310506436442,0.002371312897628708,91.53893185811471
distributed,none,0.4,10,0.4,0.3995433789954338,700,700,48,0.9090909090909091,184.324686355934,0.009090909090909038,91.83129506556213
distributed,none,0.4,11,0.4,0.3995433789954338,700,700,6,0.9221522610188895,190.8851268268414,0.022152261018889452,95.10354705036215
distributed,none,0.4,11,0.4,0.3995433789954338,700,700,12,0.913268236645606,180.70688400316698,0.013268236645605946,90.04667502888208
distributed,none,0.4,11,0.4,0.3995433789954338,700,700,24,0.8849045691150954,179.44694090627644,0.015095430884904615,89.4117259782535
distributed,none,0.4,11,0.4,0.3995433789954338,700,700,48,0.9090909090909091,184.324686355934,0.009090909090909038,91.99021548934921
distributed,none,0.4,12,0.4,0.3995433789954338,700,700,6,0.9175729822552948,187.60614998783817,0.0175729822552948,93.51088760493934
distributed,none,0.4,12,0.4,0.3995433789954338,700,700,12,0.9190120620333142,182.5348198807602,0.01901206203331418,90.95938281714173
distributed,none,0.4,12,0.4,0.3995433789954338,700,700,24,0.9005205320994795,185.3618590416566,0.0005205320994794427,92.57379431537977
distributed,none,0.4,12,0.4,0.3995433789954338,700,700,48,0.8944281524926686,178.20381198271127,0.005571847507331418,88.8201566137474
distributed,none,0.4,13,0.4,0.3995433789954338,700,700,6,0.9124212936462507,185.7138838090823,0.012421293646250664,92.71997991976453
distributed,none,0.4,13,0.4,0.3995433789954338,700,700,12,0.9075244112578977,178.2631516464042,0.007524411257897712,88.71416741412348
distributed,none,0.4,13,0.4,0.3995433789954338,700,700,24,0.891844997108155,182.13248438925825,0.008155002891845009,89.96618718255391
distributed,none,0.4,13,0.4,0.3995433789954338,700,700,48,0.9020527859237537,181.0608802429881,0.002052785923753686,90.24130956046314
distributed,none,0.4,14,0.4,0.3995433789954338,700,700,6,0.9015455065827133,179.5927030752469,0.0015455065827132408,89.70011773378292
distributed,none,0.4,14,0.4,0.3995433789954338,700,700,12,0.9190120620333142,183.47753490507085,0.01901206203331418,91.61005399208862
distributed,none,0.4,14,0.4,0.3995433789954338,700,700,24,0.8831694621168306,178.90305915012408,0.01683053788316946,89.22740494311793
distributed,none,0.4,14,0.4,0.3995433789954338,700,700,48,0.8897360703812317,175.456117529061,0.01026392961876832,87.45186157527353
distributed,none,0.4,15,0.4,0.3995433789954338,700,700,6,0.9055523755008587,182.23241348235695,0.005552375500858631,90.83170680697125
distributed,none,0.4,15,0.4,0.3995433789954338,700,700,12,0.9121194715680643,179.973726245986,0.012119471568064255,89.77650279473625
distributed,none,0.4,15,0.4,0.3995433789954338,700,700,24,0.8646616541353384,168.41767281895076,0.03533834586466167,83.89061670327791
distributed,none,0.4,15,0.4,0.3995433789954338,700,700,48,0.8944281524926686,177.6044550914578,0.005571847507331418,88.32665157952262
distributed,none,0.4,16,0.4,0.3995433789954338,700,700,6,0.9204350314825415,189.10617966627802,0.020435031482541444,93.5065854427504
distributed,none,0.4,16,0.4,0.3995433789954338,700,700,12,0.913268236645606,180.70688400316698,0.013268236645605946,89.9286930376206
distributed,none,0.4,16,0.4,0.3995433789954338,700,700,24,0.8976286871023713,184.63765268616362,0.002371312897628708,90.80059641783922
distributed,none,0.4,16,0.4,0.3995433789954338,700,700,48,0.9008797653958944,179.74541937350523,0.0008797653958944052,89.8706701164759
distributed,none,0.4,17,0.4,0.3995433789954338,700,700,6,0.9089868345735547,183.96608073558355,0.008986834573554647,91.872583549518
distributed,none,0.4,17,0.4,0.3995433789954338,700,700,12,0.9012062033314188,175.73155056480158,0.0012062033314187426,87.7081155580405
distributed,none,0.4,17,0.4,0.3995433789954338,700,700,24,0.8999421631000578,185.07673219864597,5.783689994220964e-05,92.26155253218221
distributed,none,0.4,17,0.4,0.3995433789954338,700,700,48,0.9020527859237537,180.37481308589946,0.002052785923753686,89.69625392851505
distributed,none,0.4,18,0.4,0.3995433789954338,700,700,6,0.8929593589009731,176.23690086990163,0.007040641099026912,87.8702721217315
distributed,none,0.4,18,0.4,0.3995433789954338,700,700,12,0.9080987937966686,178.44803105071028,0.008098793796668557,89.14538098237745
distributed,none,0.4,18,0.4,0.3995433789954338,700,700,24,0.8704453441295547,171.5512853009338,0.029554655870445368,85.69512500741118
distributed,none,0.4,18,0.4,0.3995433789954338,700,700,48,0.8932551319648094,176.6384501130189,0.006744868035190588,87.80621837835803
distributed,none,0.4,19,0.4,0.3995433789954338,700,700,6,0.9244419004006869,193.39497926216325,0.024441900400686833,96.03082138541924
distributed,none,0.4,19,0.4,0.3995433789954338,700,700,12,0.919586444572085,185.65161127725185,0.019586444572085027,92.81590938561033
distributed,none,0.4,19,0.4,0.3995433789954338,700,700,24,0.8837478311162522,179.09690038815052,0.01625216888374781,89.26565894672154
distributed,none,0.4,19,0.4,0.3995433789954338,700,700,48,0.9073313782991203,183.50807212894745,0.007331378299120228,91.1954810624141
distributed,none,0.5,0,0.5,0.5,876,876,6,0.9232970807097882,191.3061150553508,0.023297080709788198,95.39377292760793
distributed,none,0.5,0,0.5,0.5,876,876,12,0.9017805858701895,175.9521242771005,0.0017805858701894772,87.50064841989254
distributed,none,0.5,0,0.5,0.5,876,876,24,0.8958935801041065,183.7081166008768,0.004106419895893554,89.61845829770044
distributed,none,0.5,0,0.5,0.5,876,876,48,0.9137829912023461,186.7112532740312,0.013782991202346051,92.23907027872734
distributed,none,0.5,1,0.5,0.5,876,876,6,0.9244419004006869,191.52088428995026,0.024441900400686833,95.49901998473528
distributed,none,0.5,1,0.5,0.5,876,876,12,0.9029293509477312,176.3818672809581,0.0029293509477311686,88.01698406550024
distributed,none,0.5,1,0.5,0.5,876,876,24,0.9086176980913823,189.91681745565012,0.008617698091382242,93.83925472313624
distributed,none,0.5,1,0.5,0.5,876,876,48,0.9219941348973607,190.0104698438404,0.021994134897360684,94.24571585136692
distributed,none,0.5,2,0.5,0.5,876,876,6,0.9341728677733258,198.10793864509844,0.03417286777332573,98.67783189965222
distributed,none,0.5,2,0.5,0.5,876,876,12,0.9017805858701895,175.99531266989408,0.0017805858701894772,87.81058415109557
distributed,none,0.5,2,0.5,0.5,876,876,24,0.871602082128398,172.72103388534373,0.028397917871602063,85.2464039174046
distributed,none,0.5,2,0.5,0.5,876,876,48,0.9073313782991203,183.32819496087217,0.007331378299120228,90.79998019597598
distributed,none,0.5,3,0.5,0.5,876,876,6,0.9244419004006869,192.4852303579764,0.024441900400686833,95.69601137459529
distributed,none,0.5,3,0.5,0.5,876,876,12,0.9190120620333142,183.64644635031755,0.01901206203331418,91.74721302479776
distributed,none,0.5,3,0.5,0.5,876,876,24,0.9161364950838635,193.57178874428763,0.0161364950838635,96.69104245455125
distributed,none,0.5,3,0.5,0.5,876,876,48,0.9219941348973607,189.7308757274903,0.021994134897360684,93.6247146652507
distributed,none,0.5,4,0.5,0.5,876,876,6,0.9072696050372067,183.4008085068958,0.007269605037206639,91.51173730987685
distributed,none,0.5,4,0.5,0.5,876,876,12,0.9190120620333142,183.64644635031755,0.01901206203331418,91.2441997979466
distributed,none,0.5,4,0.5,0.5,876,876,24,0.8704453441295547,171.68527008667547,0.029554655870445368,85.77981014023712
distributed,none,0.5,4,0.5,0.5,876,876,48,0.898533724340176,179.16025509830848,0.0014662756598240456,88.95780754641396
distributed,none,0.5,5,0.5,0.5,876,876,6,0.9055523755008587,182.23241348235695,0.005552375500858631,90.8348595161971
distributed,none,0.5,5,0.5,0.5,876,876,12,0.9075244112578977,178.29671941984947,0.007524411257897712,89.13644479973561
distributed,none,0.5,5,0.5,0.5,876,876,24,0.9103528050896472,190.38989328540129,0.010352805089647199,94.91397183330666
distributed,none,0.5,5,0.5,0.5,876,876,48,0.9008797653958944,179.74541937350523,0.0008797653958944052,88.01838267303569
distributed,none,0.5,6,0.5,0.5,876,876,6,0.907842014882656,183.60775590350005,0.007842014882656012,91.57437240383972
distributed,none,0.5,6,0.5,0.5,876,876,12,0.9190120620333142,183.47753490507085,0.01901206203331418,91.3765858442817
distributed,none,0.5,6,0.5,0.5,876,876,24,0.8831694621168306,178.83617293458826,0.01683053788316946,86.45865553774901
distributed,none,0.5,6,0.5,0.5,876,876,48,0.9085043988269794,183.80829220902405,0.008504398826979398,91.69308426602109
distributed,none,0.5,7,0.5,0.5,876,876,6,0.8946765884373211,177.3092241708102,0.005323411562678904,88.33051370041471
distributed,none,0.5,7,0.5,0.5,876,876,12,0.9075244112578977,178.26693214437665,0.007524411257897712,89.03801384179904
distributed,none,0.5,7,0.5,0.5,876,876,24,0.8837478311162522,179.09690038815052,0.01625216888374781,89.45152957506204
distributed,none,0.5,7,0.5,0.5,876,876,48,0.9149560117302052,186.92861014937068,0.014956011730205221,92.12970375451819
distributed,none,0.5,8,0.5,0.5,876,876,6,0.9061247853463079,182.92914114796815,0.006124785346307893,91.42412073226903
distributed,none,0.5,8,0.5,0.5,876,876,12,0.9006318207926479,175.49516325605248,0.0006318207926478969,87.68838252304764
distributed,none,0.5,8,0.5,0.5,876,876,24,0.8710237131289763,172.20963641054163,0.028976286871023715,86.05713687772423
distributed,none,0.5,8,0.5,0.5,876,876,48,0.9073313782991203,183.32819496087217,0.007331378299120228,90.810534491981
distributed,none,0.5,9,0.5,0.5,876,876,6,0.9061247853463079,182.58015268839893,0.006124785346307893,91.13359370148058
distributed,none,0.5,9,0.5,0.5,876,876,12,0.9115450890292935,179.50179828094014,0.01154508902929352,89.32401755745238
distributed,none,0.5,9,0.5,0.5,876,876,24,0.8820127241179873,178.54500825699492,0.017987275882012765,88.39042937566677
distributed,none,0.5,9,0.5,0.5,876,876,48,0.8909090909090909,175.72721194237394,0.00909090909090915,87.72373190515691
distributed,none,0.5,10,0.5,0.5,876,876,6,0.9244419004006869,193.39497926216325,0.024441900400686833,96.4509733159592
distributed,none,0.5,10,0.5,0.5,876,876,12,0.9046524985640436,177.11625710089777,0.0046524985640435945,88.35169365172186
distributed,none,0.5,10,0.5,0.5,876,876,24,0.9005205320994795,185.3618590416566,0.0005205320994794427,92.22080310900782
distributed,none,0.5,10,0.5,0.5,876,876,48,0.918475073313783,187.66513568622946,0.018475073313782953,92.13046884307047
distributed,none,0.5,11,0.5,0.5,876,876,6,0.9244419004006869,191.6380551837006,0.024441900400686833,95.70935031377304
distributed,none,0.5,11,0.5,0.5,876,876,12,0.913268236645606,180.97226262544154,0.013268236645605946,90.22996446817731
distributed,none,0.5,11,0.5,0.5,876,876,24,0.896471949103528,184.10430129206358,0.0035280508964720125,91.39792487774426
distributed,none,0.5,11,0.5,0.5,876,876,48,0.9085043988269794,183.8943671343895,0.008504398826979398,91.90109418687265
distributed,none,0.5,12,0.5,0.5,876,876,6,0.9055523755008587,182.05095912416314,0.005552375500858631,90.71305720526163
distributed,none,0.5,12,0.5,0.5,876,876,12,0.9190120620333142,182.38145192971496,0.01901206203331418,90.89328477493721
distributed,none,0.5,12,0.5,0.5,876,876,24,0.8999421631000578,185.07673219864597,5.783689994220964e-05,92.28446205654205
distributed,none,0.5,12,0.5,0.5,876,876,48,0.8885630498533724,174.40054403096275,0.0114369501466276,85.98385482278768
distributed,none,0.5,13,0.5,0.5,876,876,6,0.9324556382369776,197.24336338993754,0.03245563823697761,97.97312598667416
distributed,none,0.5,13,0.5,0.5,876,876,12,0.9190120620333142,182.37625083558342,0.01901206203331418,90.73874075141111
distributed,none,0.5,13,0.5,0.5,876,876,24,0.9086176980913823,189.91681745565012,0.008617698091382242,94.62710842850994
distributed,none,0.5,13,0.5,0.5,876,876,48,0.9020527859237537,180.50957062968297,0.002052785923753686,90.04492937303735
distributed,none,0.5,14,0.5,0.5,876,876,6,0.9055523755008587,181.5582587289428,0.005552375500858631,90.06893071916645
distributed,none,0.5,14,0.5,0.5,876,876,12,0.9224583572659392,187.81972825999952,0.022458357265939144,93.72322495151599
distributed,none,0.5,14,0.5,0.5,876,876,24,0.8999421631000578,185.07673219864597,5.783689994220964e-05,92.45563558500855
distributed,none,0.5,14,0.5,0.5,876,876,48,0.8897360703812317,175.456117529061,0.01026392961876832,87.65367258233076
distributed,none,0.5,15,0.5,0.5,876,876,6,0.9026903262736119,180.11027253039327,0.002690326273611876,89.70924862472215
distributed,none,0.5,15,0.5,0.5,876,876,12,0.9075244112578977,178.26693214437665,0.007524411257897712,89.02502589425299
distributed,none,0.5,15,0.5,0.5,876,876,24,0.8646616541353384,168.41767281895076,0.03533834586466167,83.87972935316496
distributed,none,0.5,15,0.5,0.5,876,876,48,0.8885630498533724,174.58082553925556,0.0114369501466276,86.1851759914492
distributed,none,0.5,16,0.5,0.5,876,876,6,0.9124212936462507,185.50662100011374,0.012421293646250664,92.71214123735051
distributed,none,0.5,16,0.5,0.5,876,876,12,0.9190120620333142,182.38145192971496,0.01901206203331418,91.18864552720487
distributed,none,0.5,16,0.5,0.5,876,876,24,0.9063042220936958,187.69809062740728,0.006304222093695744,92.95880172989216
distributed,none,0.5,16,0.5,0.5,876,876,48,0.9090909090909091,184.3525803240788,0.009090909090909038,91.83848688398685
distributed,none,0.5,17,0.5,0.5,876,876,6,0.9084144247281053,183.69515774581623,0.008414424728105274,91.72008534911177
distributed,none,0.5,17,0.5,0.5,876,876,12,0.8994830557151062,174.0249645983826,0.0005169442848937944,86.38154456605741
distributed,none,0.5,17,0.5,0.5,876,876,24,0.9080393290919607,189.49643220318939,0.0080393290919607,93.4986105758411
distributed,none,0.5,17,0.5,0.5,876,876,48,0.9085043988269794,183.8943671343895,0.008504398826979398,91.8965163104136
distributed,none,0.5,18,0.5,0.5,876,876,6,0.8912421293646251,174.54457854829798,0.00875787063537492,86.47375821444389
distributed,none,0.5,18,0.5,0.5,876,876,12,0.9012062033314188,175.73155056480158,0.0012062033314187426,87.5362255841156
distributed,none,0.5,18,0.5,0.5,876,876,24,0.8669751301330249,169.73120280060368,0.03302486986697517,84.37404526351769
distributed,none,0.5,18,0.5,0.5,876,876,48,0.8909090909090909,175.53591996627745,0.00909090909090915,87.70148951073244
distributed,none,0.5,19,0.5,0.5,876,876,6,0.9232970807097882,191.3061150553508,0.023297080709788198,95.09429236072575
distributed,none,0.5,19,0.5,0.5,876,876,12,0.9190120620333142,183.47753490507085,0.01901206203331418,91.19072596485748
distributed,none,0.5,19,0.5,0.5,876,876,24,0.8785425101214575,177.50785031802673,0.02145748987854257,86.3219863462696
distributed,none,0.5,19,0.5,0.5,876,876,48,0.9085043988269794,183.7930326208272,0.008504398826979398,91.58349364749995
isolated,linear,0.0,0,0.0,0.0,0,0,6,0.9107040641099027,184.51546580978544,0.010704064109902656,91.93317010364271
isolated,linear,0.0,0,0.0,0.0,0,0,12,0.9126938541068351,180.21297386954228,0.0126938541068351,89.99882550417082
isolated,linear,0.0,0,0.0,0.0,0,0,24,0.8837478311162522,179.09690038815052,0.01625216888374781,89.4281193996245
isolated,linear,0.0,0,0.0,0.0,0,0,48,0.9020527859237537,180.37481308589946,0.002052785923753686,89.8818789254163
isolated,linear,0.0,1,0.0,0.0,0,0,6,0.9107040641099027,184.51546580978544,0.010704064109902656,91.93317010364271
isolated,linear,0.0,1,0.0,0.0,0,0,12,0.9126938541068351,180.21297386954228,0.0126938541068351,89.99882550417082
isolated,linear,0.0,1,0.0,0.0,0,0,24,0.8837478311162522,179.09690038815052,0.01625216888374781,89.4281193996245
isolated,linear,0.0,1,0.0,0.0,0,0,48,0.9020527859237537,180.37481308589946,0.002052785923753686,89.8818789254163
isolated,linear,0.0,2,0.0,0.0,0,0,6,0.9107040641099027,184.51546580978544,0.010704064109902656,91.93317010364271
isolated,linear,0.0,2,0.0,0.0,0,0,12,0.9126938541068351,180.21297386954228,0.0126938541068351,89.99882550417082
isolated,linear,0.0,2,0.0,0.0,0,0,24,0.8837478311162522,179.09690038815052,0.01625216888374781,89.4281193996245
isolated,linear,0.0,2,0.0,0.0,0,0,48,0.9020527859237537,180.37481308589946,0.002052785923753686,89.8818789254163
isolated,linear,0.0,3,0.0,0.0,0,0,6,0.9107040641099027,184.51546580978544,0.010704064109902656,91.93317010364271
isolated,linear,0.0,3,0.0,0.0,0,0,12,0.9126938541068351,180.21297386954228,0.0126938541068351,89.99882550417082
isolated,linear,0.0,3,0.0,0.0,0,0,24,0.8837478311162522,179.09690038815052,0.01625216888374781,89.4281193996245
isolated,linear,0.0,3,0.0,0.0,0,0,48,0.9020527859237537,180.37481308589946,0.002052785923753686,89.8818789254163
isolated,linear,0.0,4,0.0,0.0,0,0,6,0.9107040641099027,184.51546580978544,0.010704064109902656,91.93317010364271
isolated,linear,0.0,4,0.0,0.0,0,0,12,0.9126938541068351,180.21297386954228,0.0126938541068351,89.99882550417082
isolated,linear,0.0,4,0.0,0.0,0,0,24,0.8837478311162522,179.09690038815052,0.01625216888374781,89.4281193996245
isolated,linear,0.0,4,0.0,0.0,0,0,48,0.9020527859237537,180.37481308589946,0.002052785923753686,89.8818789254163
isolated,linear,0.0,5,0.0,0.0,0,0,6,0.9107040641099027,184.51546580978544,0.010704064109902656,91.93317010364271
isolated,linear,0.0,5,0.0,0.0,0,0,12,0.9126938541068351,180.21297386954228,0.0126938541068351,89.99882550417082
isolated,linear,0.0,5,0.0,0.0,0,0,24,0.8837478311162522,179.09690038815052,0.01625216888374781,89.4281193996245
isolated,linear,0.0,5,0.0,0.0,0,0,48,0.9020527859237537,180.37481308589946,0.002052785923753686,89.8818789254163
isolated,linear,0.0,6,0.0,0.0,0,0,6,0.9107040641099027,184.51546580978544,0.010704064109902656,91.93317010364271
isolated,linear,0.0,6,0.0,0.0,0,0,12,0.9126938541068351,180.21297386954228,0.0126938541068351,89.99882550417082
isolated,linear,0.0,6,0.0,0.0,0,0,24,0.8837478311162522,179.09690038815052,0.01625216888374781,89.4281193996245
isolated,linear,0.0,6,0.0,0.0,0,0,48,0.9020527859237537,180.37481308589946,0.002052785923753686,89.8818789254163
isolated,linear,0.0,7,0.0,0.0,0,0,6,0.9107040641099027,184.51546580978544,0.010704064109902656,91.93317010364271
isolated,linear,0.0,7,0.0,0.0,0,0,12,0.9126938541068351,180.21297386954228,0.0126938541068351,89.99882550417082
isolated,linear,0.0,7,0.0,0.0,0,0,24,0.8837478311162522,179.09690038815052,0.01625216888374781,89.4281193996245
isolated,linear,0.0,7,0.0,0.0,0,0,48,0.9020527859237537,180.37481308589946,0.002052785923753686,89.8818789254163
isolated,linear,0.0,8,0.0,0.0,0,0,6,0.9107040641099027,184.51546580978544,0.010704064109902656,91.93317010364271
isolated,linear,0.0,8,0.0,0.0,0,0,12,0.9126938541068351,180.21297386954228,0.0126938541068351,89.99882550417082
isolated,linear,0.0,8,0.0,0.0,0,0,24,0.8837478311162522,179.09690038815052,0.01625216888374781,89.4281193996245
isolated,linear,0.0,8,0.0,0.0,0,0,48,0.9020527859237537,180.37481308589946,0.002052785923753686,89.8818789254163
isolated,linear,0.0,9,0.0,0.0,0,0,6,0.9107040641099027,184.51546580978544,0.010704064109902656,91.93317010364271
isolated,linear,0.0,9,0.0,0.0,0,0,12,0.9126938541068351,180.21297386954228,0.0126938541068351,89.99882550417082
isolated,linear,0.0,9,0.0,0.0,0,0,24,0.8837478311162522,179.09690038815052,0.01625216888374781,89.4281193996245
isolated,linear,0.0,9,0.0,0.0,0,0,48,0.9020527859237537,180.37481308589946,0.002052785923753686,89.8818789254163
isolated,linear,0.0,10,0.0,0.0,0,0,6,0.9107040641099027,184.51546580978544,0.010704064109902656,91.93317010364271
isolated,linear,0.0,10,0.0,0.0,0,0,12,0.9126938541068351,180.21297386954228,0.0126938541068351,89.99882550417082
isolated,linear,0.0,10,0.0,0.0,0,0,24,0.8837478311162522,179.09690038815052,0.01625216888374781,89.4281193996245
isolated,linear,0.0,10,0.0,0.0,0,0,48,0.9020527859237537,180.37481308589946,0.002052785923753686,89.8818789254163
isolated,linear,0.0,11,0.0,0.0,0,0,6,0.9107040641099027,184.51546580978544,0.010704064109902656,91.93317010364271
isolated,linear,0.0,11,0.0,0.0,0,0,12,0.9126938541068351,180.21297386954228,0.0126938541068351,89.99882550417082
isolated,linear,0.0,11,0.0,0.0,0,0,24,0.8837478311162522,179.09690038815052,0.01625216888374781,89.4281193996245
isolated,linear,0.0,11,0.0,0.0,0,0,48,0.9020527859237537,180.37481308589946,0.002052785923753686,89.8818789254163
isolated,linear,0.0,12,0.0,0.0,0,0,6,0.9107040641099027,184.51546580978544,0.010704064109902656,91.93317010364271
isolated,linear,0.0,12,0.0,0.0,0,0,12,0.9126938541068351,180.21297386954228,0.0126938541068351,89.99882550417082
isolated,linear,0.0,12,0.0,0.0,0,0,24,0.8837478311162522,179.09690038815052,0.01625216888374781,89.4281193996245
isolated,linear,0.0,12,0.0,0.0,0,0,48,0.9020527859237537,180.37481308589946,0.002052785923753686,89.8818789254163
isolated,linear,0.0,13,0.0,0.0,0,0,6,0.9107040641099027,184.51546580978544,0.010704064109902656,91.93317010364271
isolated,linear,0.0,13,0.0,0.0,0,0,12,0.9126938541068351,180.21297386954228,0.0126938541068351,89.99882550417082
isolated,linear,0.0,13,0.0,0.0,0,0,24,0.8837478311162522,179.09690038815052,0.01625216888374781,89.4281193996245
isolated,linear,0.0,13,0.0,0.0,0,0,48,0.9020527859237537,180.37481308589946,0.002052785923753686,89.8818789254163
isolated,linear,0.0,14,0.0,0.0,0,0,6,0.9107040641099027,184.51546580978544,0.010704064109902656,91.93317010364271
isolated,linear,0.0,14,0.0,0.0,0,0,12,0.9126938541068351,180.21297386954228,0.0126938541068351,89.99882550417082
isolated,linear,0.0,14,0.0,0.0,0,0,24,0.8837478311162522,179.09690038815052,0.01625216888374781,89.4281193996245
isolated,linear,0.0,14,0.0,0.0,0,0,48,0.9020527859237537,180.37481308589946,0.002052785923753686,89.8818789254163
isolated,linear,0.0,15,0.0,0.0,0,0,6,0.9107040641099027,184.51546580978544,0.010704064109902656,91.93317010364271
isolated,linear,0.0,15,0.0,0.0,0,0,12,0.9126938541068351,180.21297386954228,0.0126938541068351,89.99882550417082
isolated,linear,0.0,15,0.0,0.0,0,0,24,0.8837478311162522,179.09690038815052,0.01625216888374781,89.4281193996245
isolated,linear,0.0,15,0.0,0.0,0,0,48,0.9020527859237537,180.37481308589946,0.002052785923753686,89.8818789254163
isolated,linear,0.0,16,0.0,0.0,0,0,6,0.9107040641099027,184.51546580978544,0.010704064109902656,91.93317010364271
isolated,linear,0.0,16,0.0,0.0,0,0,12,0.9126938541068351,180.21297386954228,0.0126938541068351,89.99882550417082
isolated,linear,0.0,16,0.0,0.0,0,0,24,0.8837478311162522,179.09690038815052,0.01625216888374781,89.4281193996245
isolated,linear,0.0,16,0.0,0.0,0,0,48,0.9020527859237537,180.37481308589946,0.002052785923753686,89.8818789254163
isolated,linear,0.0,17,0.0,0.0,0,0,6,0.9107040641099027,184.51546580978544,0.010704064109902656,91.93317010364271
isolated,linear,0.0,17,0.0,0.0,0,0,12,0.9126938541068351,180.21297386954228,0.0126938541068351,89.99882550417082
isolated,linear,0.0,17,0.0,0.0,0,0,24,0.8837478311162522,179.09690038815052,0.01625216888374781,89.4281193996245
isolated,linear,0.0,17,0.0,0.0,0,0,48,0.9020527859237537,180.37481308589946,0.002052785923753686,89.8818789254163
isolated,linear,0.0,18,0.0,0.0,0,0,6,0.9107040641099027,184.51546580978544,0.010704064109902656,91.93317010364271
isolated,linear,0.0,18,0.0,0.0,0,0,12,0.9126938541068351,180.21297386954228,0.0126938541068351,89.99882550417082
isolated,linear,0.0,18,0.0,0.0,0,0,24,0.8837478311162522,179.09690038815052,0.01625216888374781,89.4281193996245
isolated,linear,0.0,18,0.0,0.0,0,0,48,0.9020527859237537,180.37481308589946,0.002052785923753686,89.8818789254163
isolated,linear,0.0,19,0.0,0.0,0,0,6,0.9107040641099027,184.51546580978544,0.010704064109902656,91.93317010364271
isolated,linear,0.0,19,0.0,0.0,0,0,12,0.9126938541068351,180.21297386954228,0.0126938541068351,89.99882550417082
isolated,linear,0.0,19,0.0,0.0,0,0,24,0.8837478311162522,179.09690038815052,0.01625216888374781,89.4281193996245
isolated,linear,0.0,19,0.0,0.0,0,0,48,0.9020527859237537,180.37481308589946,0.002052785923753686,89.8818789254163
isolated,linear,0.1,0,0.1,0.09988584474885845,175,175,6,0.9089868345735547,183.96608073558355,0.008986834573554647,91.84358889562185
isolated,linear,0.1,0,0.1,0.09988584474885845,175,175,12,0.9040781160252729,176.65760908123542,0.00407811602527286,88.20472073049294
isolated,linear,0.1,0,0.1,0.09988584474885845,175,175,24,0.8785425101214575,177.4714962856092,0.02145748987854257,87.84537391524543
isolated,linear,0.1,0,0.1,0.09988584474885845,175,175,48,0.8991202346041056,179.4249652864836,0.0008797653958944052,89.56221243083539
isolated,linear,0.1,1,0.1,0.09988584474885845,175,175,6,0.9072696050372067,183.4008085068958,0.007269605037206639,91.57437240383972
isolated,linear,0.1,1,0.1,0.09988584474885845,175,175,12,0.9046524985640436,177.11625710089777,0.0046524985640435945,88.49833801574614
isolated,linear,0.1,1,0.1,0.09988584474885845,175,175,24,0.8820127241179873,178.54500825699492,0.017987275882012765,89.21267765149905
isolated,linear,0.1,1,0.1,0.09988584474885845,175,175,48,0.8944281524926686,177.9532952078951,0.005571847507331418,88.83360341476128
isolated,linear,0.1,2,0.1,0.09988584474885845,175,175,6,0.9055523755008587,181.5582587289428,0.005552375500858631,90.09539355251636
isolated,linear,0.1,2,0.1,0.09988584474885845,175,175,12,0.9000574382538771,175.00129683978508,5.743825387705126e-05,87.17656838312763
isolated,linear,0.1,2,0.1,0.09988584474885845,175,175,24,0.8675534991324465,170.53003161974289,0.03244650086755352,85.09768742231297
isolated,linear,0.1,2,0.1,0.09988584474885845,175,175,48,0.8909090909090909,175.53591996627745,0.00909090909090915,87.72156847547012
isolated,linear,0.1,3,0.1,0.09988584474885845,175,175,6,0.9009730967372639,178.84425432253207,0.0009730967372638677,89.01395527055325
isolated,linear,0.1,3,0.1,0.09988584474885845,175,175,12,0.9000574382538771,174.86423128864678,5.743825387705126e-05,87.35317395543278
isolated,linear,0.1,3,0.1,0.09988584474885845,175,175,24,0.8727588201272412,173.02305686763188,0.02724117987275887,86.38316057741497
isolated,linear,0.1,3,0.1,0.09988584474885845,175,175,48,0.8897360703812317,175.41284893532514,0.01026392961876832,87.57294817950788
isolated,linear,0.1,4,0.1,0.09988584474885845,175,175,6,0.9026903262736119,180.01902338182524,0.002690326273611876,89.86505382838622
isolated,linear,0.1,4,0.1,0.09988584474885845,175,175,12,0.9017805858701895,175.9521242771005,0.0017805858701894772,87.87680396801575
isolated,linear,0.1,4,0.1,0.09988584474885845,175,175,24,0.8727588201272412,173.02305686763188,0.02724117987275887,86.25669703295402
isolated,linear,0.1,4,0.1,0.09988584474885845,175,175,48,0.8909090909090909,175.72721194237394,0.00909090909090915,87.75598961755625
isolated,linear,0.1,5,0.1,0.09988584474885845,175,175,6,0.9026903262736119,180.23681554474763,0.002690326273611876,89.93781739254602
isolated,linear,0.1,5,0.1,0.09988584474885845,175,175,12,0.8994830557151062,174.2010133485226,0.0005169442848937944,87.05359590628602
isolated,linear,0.1,5,0.1,0.09988584474885845,175,175,24,0.8669751301330249,170.0762144764417,0.03302486986697517,84.79859906017477
isolated,linear,0.1,5,0.1,0.09988584474885845,175,175,48,0.8926686217008798,176.21458469187286,0.007331378299120228,87.82294180919004
isolated,linear,0.1,6,0.1,0.09988584474885845,175,175,6,0.9015455065827133,179.4411042440128,0.0015455065827132408,89.69772489465831
isolated,linear,0.1,6,0.1,0.09988584474885845,175,175,12,0.9012062033314188,175.73155056480158,0.0012062033314187426,87.75940099346371
isolated,linear,0.1,6,0.1,0.09988584474885845,175,175,24,0.8727588201272412,173.02305686763188,0.02724117987275887,86.38316057741497
isolated,linear,0.1,6,0.1,0.09988584474885845,175,175,48,0.8944281524926686,177.69410043155034,0.005571847507331418,88.66475332197625
isolated,linear,0.1,7,0.1,0.09988584474885845,175,175,6,0.9055523755008587,181.88864956917882,0.005552375500858631,90.80541808572133
isolated,linear,0.1,7,0.1,0.09988584474885845,175,175,12,0.9000574382538771,175.00129683978508,5.743825387705126e-05,87.43896892188032
isolated,linear,0.1,7,0.1,0.09988584474885845,175,175,24,0.871602082128398,172.4914034526181,0.028397917871602063,85.9053962160688
isolated,linear,0.1,7,0.1,0.09988584474885845,175,175,48,0.8926686217008798,175.989788549037,0.007331378299120228,87.75598961755625
isolated,linear,0.1,8,0.1,0.09988584474885845,175,175,6,0.9061247853463079,182.58015268839893,0.006124785346307893,91.07084315163002
isolated,linear,0.1,8,0.1,0.09988584474885845,175,175,12,0.9080987937966686,178.44803105071028,0.008098793796668557,89.19392439542679
isolated,linear,0.1,8,0.1,0.09988584474885845,175,175,24,0.8704453441295547,171.5512853009338,0.029554655870445368,85.71092596812944
isolated,linear,0.1,8,0.1,0.09988584474885845,175,175,48,0.8926686217008798,175.989788549037,0.007331378299120228,87.8349121747725
isolated,linear,0.1,9,0.1,0.09988584474885845,175,175,6,0.9049799656554093,181.24721900774168,0.0049799656554092575,90.06375779892777
isolated,linear,0.1,9,0.1,0.09988584474885845,175,175,12,0.9000574382538771,175.00129683978508,5.743825387705126e-05,87.43896892188032
isolated,linear,0.1,9,0.1,0.09988584474885845,175,175,24,0.8831694621168306,178.83617293458826,0.01683053788316946,89.29241580027531
isolated,linear,0.1,9,0.1,0.09988584474885845,175,175,48,0.8926686217008798,176.21458469187286,0.007331378299120228,87.95550778351905
isolated,linear,0.1,10,0.1,0.09988584474885845,175,175,6,0.9072696050372067,183.4008085068958,0.007269605037206639,91.32457412529966
isolated,linear,0.1,10,0.1,0.09988584474885845,175,175,12,0.9040781160252729,176.65760908123542,0.00407811602527286,88.20472073049294
isolated,linear,0.1,10,0.1,0.09988584474885845,175,175,24,0.8727588201272412,173.02305686763188,0.02724117987275887,86.38316057741497
isolated,linear,0.1,10,0.1,0.09988584474885845,175,175,48,0.8897360703812317,175.41284893532514,0.01026392961876832,87.60754823698876
isolated,linear,0.1,11,0.1,0.09988584474885845,175,175,6,0.9055523755008587,182.05095912416314,0.005552375500858631,90.80541808572133
isolated,linear,0.1,11,0.1,0.09988584474885845,175,175,12,0.9046524985640436,177.11625710089777,0.0046524985640435945,88.49833801574614
isolated,linear,0.1,11,0.1,0.09988584474885845,175,175,24,0.8727588201272412,172.87199145029777,0.02724117987275887,86.32686104007779
isolated,linear,0.1,11,0.1,0.09988584474885845,175,175,48,0.8932551319648094,176.68796026644003,0.006744868035190588,87.95550778351905
isolated,linear,0.1,12,0.1,0.09988584474885845,175,175,6,0.9055523755008587,181.6634136139425,0.005552375500858631,90.44876856842261
isolated,linear,0.1,12,0.1,0.09988584474885845,175,175,12,0.9075244112578977,178.29671941984947,0.007524411257897712,89.13495543596197
isolated,linear,0.1,12,0.1,0.09988584474885845,175,175,24,0.8849045691150954,179.44694090627644,0.015095430884904615,89.4281193996245
isolated,linear,0.1,12,0.1,0.09988584474885845,175,175,48,0.8932551319648094,176.6384501130189,0.006744868035190588,88.07357292451105
isolated,linear,0.1,13,0.1,0.09988584474885845,175,175,6,0.8952489982827705,177.65296856781174,0.0047510017172295305,88.59499244197474
isolated,linear,0.1,13,0.1,0.09988584474885845,175,175,12,0.9006318207926479,175.36360968943336,0.0006318207926478969,87.62549555504413
isolated,linear,0.1,13,0.1,0.09988584474885845,175,175,24,0.8710237131289763,172.20963641054163,0.028976286871023715,85.9053962160688
isolated,linear,0.1,13,0.1,0.09988584474885845,175,175,48,0.8909090909090909,175.53591996627745,0.00909090909090915,87.717851570294
isolated,linear,0.1,14,0.1,0.09988584474885845,175,175,6,0.9015455065827133,179.4411042440128,0.0015455065827132408,89.69772489465831
isolated,linear,0.1,14,0.1,0.09988584474885845,175,175,12,0.9075244112578977,178.2631516464042,0.007524411257897712,89.0835898687479
isolated,linear,0.1,14,0.1,0.09988584474885845,175,175,24,0.8727588201272412,172.87199145029777,0.02724117987275887,86.23405339821092
isolated,linear,0.1,14,0.1,0.09988584474885845,175,175,48,0.8897360703812317,175.456117529061,0.01026392961876832,87.70270756248645
isolated,linear,0.1,15,0.1,0.09988584474885845,175,175,6,0.9026903262736119,180.1447586653178,0.002690326273611876,90.03232397805462
isolated,linear,0.1,15,0.1,0.09988584474885845,175,175,12,0.9075244112578977,178.1565161920615,0.007524411257897712,89.00595007439532
isolated,linear,0.1,15,0.1,0.09988584474885845,175,175,24,0.8727588201272412,173.02305686763188,0.02724117987275887,86.24830349000698
isolated,linear,0.1,15,0.1,0.09988584474885845,175,175,48,0.9020527859237537,181.0608802429881,0.002052785923753686,90.32527791641478
isolated,linear,0.1,16,0.1,0.09988584474885845,175,175,6,0.9055523755008587,181.6634136139425,0.005552375500858631,90.44876856842261
isolated,linear,0.1,16,0.1,0.09988584474885845,175,175,12,0.9075244112578977,178.26693214437665,0.007524411257897712,89.13176484810072
isolated,linear,0.1,16,0.1,0.09988584474885845,175,175,24,0.8802776171197224,178.07403533172527,0.01972238288027761,88.825085542982
isolated,linear,0.1,16,0.1,0.09988584474885845,175,175,48,0.8944281524926686,177.9532952078951,0.005571847507331418,88.68870266799547
isolated,linear,0.1,17,0.1,0.09988584474885845,175,175,6,0.9055523755008587,182.23241348235695,0.005552375500858631,90.98490217333548
isolated,linear,0.1,17,0.1,0.09988584474885845,175,175,12,0.9046524985640436,176.94634648810415,0.0046524985640435945,88.34324141096117
isolated,linear,0.1,17,0.1,0.09988584474885845,175,175,24,0.876229034123771,175.56976955459072,0.023770965876229067,86.72889052189811
isolated,linear,0.1,17,0.1,0.09988584474885845,175,175,48,0.898533724340176,179.02145858283103,0.0014662756598240456,89.19247770527359
isolated,linear,0.1,18,0.1,0.09988584474885845,175,175,6,0.9055523755008587,182.05095912416314,0.005552375500858631,90.47505728967253
isolated,linear,0.1,18,0.1,0.09988584474885845,175,175,12,0.9080987937966686,178.79551563767842,0.008098793796668557,89.26017522437957
isolated,linear,0.1,18,0.1,0.09988584474885845,175,175,24,0.8727588201272412,173.18063406095047,0.02724117987275887,86.40582039001508
isolated,linear,0.1,18,0.1,0.09988584474885845,175,175,48,0.8956011730205279,178.46258830819113,0.004398826979472137,89.06432847513322
isolated,linear,0.1,19,0.1,0.09988584474885845,175,175,6,0.9015455065827133,179.4411042440128,0.0015455065827132408,89.69772489465831
isolated,linear,0.1,19,0.1,0.09988584474885845,175,175,12,0.9075244112578977,178.29671941984947,0.007524411257897712,89.13495543596197
isolated,linear,0.1,19,0.1,0.09988584474885845,175,175,24,0.8739155581260845,174.05053083069913,0.026084441873915565,86.458655537749
isolated,linear,0.1,19,0.1,0.09988584474885845,175,175,48,0.8944281524926686,177.69410043155034,0.005571847507331418,88.76757904036016
isolated,linear,0.2,0,0.2,0.1997716894977169,350,350,6,0.8992558672009159,178.24648805451938,0.0007441327990841407,88.90823203133539
isolated,linear,0.2,0,0.2,0.1997716894977169,350,350,12,0.9017805858701895,175.99531266989408,0.0017805858701894772,87.87896338765543
isolated,linear,0.2,0,0.2,0.1997716894977169,350,350,24,0.86524002313476,168.7031653403817,0.034759976865240017,84.26853618211184
isolated,linear,0.2,0,0.2,0.1997716894977169,350,350,48,0.8926686217008798,175.989788549037,0.007331378299120228,87.8349121747725
isolated,linear,0.2,1,0.2,0.1997716894977169,350,350,6,0.8918145392100744,174.85187689108494,0.008185460789925658,87.36708398203157
isolated,linear,0.2,1,0.2,0.1997716894977169,350,350,12,0.9006318207926479,175.49516325605248,0.0006318207926478969,87.71194529006198
isolated,linear,0.2,1,0.2,0.1997716894977169,350,350,24,0.8756506651243493,174.47213745484652,0.02434933487565072,86.3848241543989
isolated,linear,0.2,1,0.2,0.1997716894977169,350,350,48,0.8885630498533724,174.8542527476476,0.0114369501466276,87.26874762381806
isolated,linear,0.2,2,0.2,0.1997716894977169,350,350,6,0.8998282770463651,178.36398961047757,0.00017172295363487855,88.97486415558278
isolated,linear,0.2,2,0.2,0.1997716894977169,350,350,12,0.9000574382538771,174.68880531333429,5.743825387705126e-05,87.16094380680507
isolated,linear,0.2,2,0.2,0.1997716894977169,350,350,24,0.8629265471370735,167.25427278515178,0.037073452862926515,83.49343852862302
isolated,linear,0.2,2,0.2,0.1997716894977169,350,350,48,0.8826979472140762,171.57573704066974,0.017302052785923783,85.59394807076234
isolated,linear,0.2,3,0.2,0.1997716894977169,350,350,6,0.8918145392100744,174.6377196802842,0.008185460789925658,87.22546165811268
isolated,linear,0.2,3,0.2,0.1997716894977169,350,350,12,0.8885697874784606,168.96866671833322,0.011430212521539418,84.31150020337328
isolated,linear,0.2,3,0.2,0.1997716894977169,350,350,24,0.8675534991324465,170.46511074813094,0.03244650086755352,85.08800115030003
isolated,linear,0.2,3,0.2,0.1997716894977169,350,350,48,0.8785923753665689,170.64513417155732,0.021407624633431155,85.01528465779427
isolated,linear,0.2,4,0.2,0.1997716894977169,350,350,6,0.8935317687464225,176.8784804486046,0.006468231253577539,87.74089221176291
isolated,linear,0.2,4,0.2,0.1997716894977169,350,350,12,0.8925904652498564,171.28830035857771,0.007409534750143609,85.6362398370616
isolated,linear,0.2,4,0.2,0.1997716894977169,350,350,24,0.8692886061307113,170.93796999352745,0.030711393869288672,85.402528457009
isolated,linear,0.2,4,0.2,0.1997716894977169,350,350,48,0.8780058651026393,170.41513047007265,0.021994134897360684,85.01528465779427
isolated,linear,0.2,5,0.2,0.1997716894977169,350,350,6,0.8918145392100744,175.4034283844121,0.008185460789925658,87.4959631518609
isolated,linear,0.2,5,0.2,0.1997716894977169,350,350,12,0.8879954049396899,168.58459303879243,0.012004595060310153,84.23695508696505
isolated,linear,0.2,5,0.2,0.1997716894977169,350,350,24,0.8640832851359167,168.0186347239765,0.03591671486408332,83.6747674475669
isolated,linear,0.2,5,0.2,0.1997716894977169,350,350,48,0.8873900293255131,173.7219110360976,0.012609970674486881,86.55528566508553
isolated,linear,0.2,6,0.2,0.1997716894977169,350,350,6,0.8866628506010303,172.44509789314247,0.013337149398969683,86.1729365911893
isolated,linear,0.2,6,0.2,0.1997716894977169,350,350,12,0.8989086731763355,173.67961669950998,0.001091326823664529,86.77231508534318
isolated,linear,0.2,6,0.2,0.1997716894977169,350,350,24,0.863504916136495,167.75745436640688,0.03649508386350497,83.80711484625087
isolated,linear,0.2,6,0.2,0.1997716894977169,350,350,48,0.8797653958944281,170.91344551859697,0.020234604105571874,85.39599708144806
isolated,linear,0.2,7,0.2,0.1997716894977169,350,350,6,0.8969662278191185,178.02686359942834,0.003033772180881522,88.68092854122513
isolated,linear,0.2,7,0.2,0.1997716894977169,350,350,12,0.8902929350947731,170.412999404978,0.009707064905226881,85.05161323923326
isolated,linear,0.2,7,0.2,0.1997716894977169,350,350,24,0.8629265471370735,166.94174987119072,0.037073452862926515,83.37002089407476
isolated,linear,0.2,7,0.2,0.1997716894977169,350,350,48,0.8785923753665689,170.70360431810934,0.021407624633431155,85.01528465779427
isolated,linear,0.2,8,0.2,0.1997716894977169,350,350,6,0.8929593589009731,176.23690086990163,0.007040641099026912,87.77220547290104
isolated,linear,0.2,8,0.2,0.1997716894977169,350,350,12,0.9000574382538771,174.86423128864678,5.743825387705126e-05,87.32076963688979
isolated,linear,0.2,8,0.2,0.1997716894977169,350,350,24,0.8675534991324465,170.422027994304,0.03244650086755352,85.08800115030003
isolated,linear,0.2,8,0.2,0.1997716894977169,350,350,48,0.8885630498533724,174.58082553925556,0.0114369501466276,87.13554713669991
isolated,linear,0.2,9,0.2,0.1997716894977169,350,350,6,0.9055523755008587,181.60385196150006,0.005552375500858631,90.70136943417111
isolated,linear,0.2,9,0.2,0.1997716894977169,350,350,12,0.9000574382538771,174.61679571657208,5.743825387705126e-05,87.25017916536149
isolated,linear,0.2,9,0.2,0.1997716894977169,350,350,24,0.8756506651243493,174.64512730913646,0.02434933487565072,87.04692011674987
isolated,linear,0.2,9,0.2,0.1997716894977169,350,350,48,0.8868035190615836,173.4857366565374,0.01319648093841641,86.69055353021513
isolated,linear,0.2,10,0.2,0.1997716894977169,350,350,6,0.8952489982827705,177.65296856781174,0.0047510017172295305,88.48730651142334
isolated,linear,0.2,10,0.2,0.1997716894977169,350,350,12,0.893739230327398,171.5993838941177,0.006260769672602029,85.74935330109345
isolated,linear,0.2,10,0.2,0.1997716894977169,350,350,24,0.8704453441295547,171.41156785471813,0.029554655870445368,85.36488475343556
isolated,linear,0.2,10,0.2,0.1997716894977169,350,350,48,0.8803519061583578,171.3055178370651,0.019648093841642233,85.55068069936634
isolated,linear,0.2,11,0.2,0.1997716894977169,350,350,6,0.8946765884373211,177.3092241708102,0.005323411562678904,88.16104624822083
isolated,linear,0.2,11,0.2,0.1997716894977169,350,350,12,0.8994830557151062,174.0249645983826,0.0005169442848937944,86.84934109821029
isolated,linear,0.2,11,0.2,0.1997716894977169,350,350,24,0.863504916136495,167.75745436640688,0.03649508386350497,83.80711484625087
isolated,linear,0.2,11,0.2,0.1997716894977169,350,350,48,0.886217008797654,172.3129903014273,0.013782991202346051,86.00425381882188
isolated,linear,0.2,12,0.2,0.1997716894977169,350,350,6,0.8929593589009731,176.3093371637167,0.007040641099026912,87.9548789458564
isolated,linear,0.2,12,0.2,0.1997716894977169,350,350,12,0.8948879954049397,171.84656156471968,0.005112004595060338,85.81205083058896
isolated,linear,0.2,12,0.2,0.1997716894977169,350,350,24,0.8820127241179873,178.54500825699492,0.017987275882012765,89.10402992018886
isolated,linear,0.2,12,0.2,0.1997716894977169,350,350,48,0.8897360703812317,175.36974378526173,0.01026392961876832,87.26337054338386
isolated,linear,0.2,13,0.2,0.1997716894977169,350,350,6,0.8929593589009731,176.33484782916665,0.007040641099026912,88.14029654345077
isolated,linear,0.2,13,0.2,0.1997716894977169,350,350,12,0.8994830557151062,173.88906685222082,0.0005169442848937944,86.78278759297875
isolated,linear,0.2,13,0.2,0.1997716894977169,350,350,24,0.8669751301330249,169.73120280060368,0.03302486986697517,84.76661657807868
isolated,linear,0.2,13,0.2,0.1997716894977169,350,350,48,0.8868035190615836,173.17467446095543,0.01319648093841641,86.3832976206334
isolated,linear,0.2,14,0.2,0.1997716894977169,350,350,6,0.8912421293646251,174.55890248677414,0.00875787063537492,87.22188067349364
isolated,linear,0.2,14,0.2,0.1997716894977169,350,350,12,0.8983342906375646,173.286879569624,0.0016657093624353747,86.30071988250512
isolated,linear,0.2,14,0.2,0.1997716894977169,350,350,24,0.8739155581260845,174.05571974302637,0.026084441873915565,86.4596042144231
isolated,linear,0.2,14,0.2,0.1997716894977169,350,350,48,0.8868035190615836,173.1812973203622,0.01319648093841641,86.47748681104837
isolated,linear,0.2,15,0.2,0.1997716894977169,350,350,6,0.8866628506010303,172.51601098704305,0.013337149398969683,86.22534963505048
isolated,linear,0.2,15,0.2,0.1997716894977169,350,350,12,0.9000574382538771,174.61679571657208,5.743825387705126e-05,87.30011657937047
isolated,linear,0.2,15,0.2,0.1997716894977169,350,350,24,0.8675534991324465,170.4088405569696,0.03244650086755352,85.08576685542364
isolated,linear,0.2,15,0.2,0.1997716894977169,350,350,48,0.886217008797654,172.3129903014273,0.013782991202346051,85.76895197184972
isolated,linear,0.2,16,0.2,0.1997716894977169,350,350,6,0.9015455065827133,179.6065109048663,0.0015455065827132408,89.74903224874473
isolated,linear,0.2,16,0.2,0.1997716894977169,350,350,12,0.9000574382538771,175.00129683978508,5.743825387705126e-05,87.43896892188032
isolated,linear,0.2,16,0.2,0.1997716894977169,350,350,24,0.8779641411220359,176.67339906832214,0.02203585887796411,88.08234235790296
isolated,linear,0.2,16,0.2,0.1997716894977169,350,350,48,0.8897360703812317,175.38806956748437,0.01026392961876832,87.54486900992023
isolated,linear,0.2,17,0.2,0.1997716894977169,350,350,6,0.9015455065827133,179.5927030752469,0.0015455065827132408,89.62895330289673
isolated,linear,0.2,17,0.2,0.1997716894977169,350,350,12,0.8994830557151062,173.88906685222082,0.0005169442848937944,86.50011183686802
isolated,linear,0.2,17,0.2,0.1997716894977169,350,350,24,0.871602082128398,172.72103388534373,0.028397917871602063,86.1237319318877
isolated,linear,0.2,17,0.2,0.1997716894977169,350,350,48,0.8909090909090909,175.53591996627745,0.00909090909090915,87.72156847547012
isolated,linear,0.2,18,0.2,0.1997716894977169,350,350,6,0.8929593589009731,176.3093371637167,0.007040641099026912,87.98057359427341
isolated,linear,0.2,18,0.2,0.1997716894977169,350,350,12,0.8994830557151062,173.88906685222082,0.0005169442848937944,86.85028085739054
isolated,linear,0.2,18,0.2,0.1997716894977169,350,350,24,0.8704453441295547,171.44584812652067,0.029554655870445368,85.65675694711672
isolated,linear,0.2,18,0.2,0.1997716894977169,350,350,48,0.8885630498533724,174.8542527476476,0.0114369501466276,87.2128185364945
isolated,linear,0.2,19,0.2,0.1997716894977169,350,350,6,0.8918145392100744,174.85187689108494,0.008185460789925658,87.27587025876804
isolated,linear,0.2,19,0.2,0.1997716894977169,350,350,12,0.8994830557151062,174.4874208434064,0.0005169442848937944,87.11482704900551
isolated,linear,0.2,19,0.2,0.1997716894977169,350,350,24,0.8704453441295547,171.68527008667547,0.029554655870445368,85.77814314432904
isolated,linear,0.2,19,0.2,0.1997716894977169,350,350,48,0.8897360703812317,175.36974378526173,0.01026392961876832,87.386112292565
isolated,linear,0.3,0,0.3,0.2996575342465753,525,525,6,0.8803663423010876,169.93807832543106,0.019633657698912454,84.5253528614266
isolated,linear,0.3,0,0.3,0.2996575342465753,525,525,12,0.8891441700172314,169.81900864969776,0.010855829982768572,84.63508146294711
isolated,linear,0.3,0,0.3,0.2996575342465753,525,525,24,0.8629265471370735,166.94046026144724,0.037073452862926515,83.187015831051
isolated,linear,0.3,0,0.3,0.2996575342465753,525,525,48,0.8762463343108504,169.6418151949439,0.023753665689149606,84.69977559019154
isolated,linear,0.3,1,0.3,0.2996575342465753,525,525,6,0.8866628506010303,172.45630064705944,0.013337149398969683,86.14350019557153
isolated,linear,0.3,1,0.3,0.2996575342465753,525,525,12,0.8960367604824814,172.08175553678495,0.003963239517518646,85.93504048096312
isolated,linear,0.3,1,0.3,0.2996575342465753,525,525,24,0.8675534991324465,170.39631399302857,0.03244650086755352,84.95931295504322
isolated,linear,0.3,1,0.3,0.2996575342465753,525,525,48,0.8879765395894428,173.942626798657,0.01202346041055724,86.79064489501195
isolated,linear,0.3,2,0.3,0.2996575342465753,525,525,6,0.8866628506010303,172.51601098704305,0.013337149398969683,85.97578330977962
isolated,linear,0.3,2,0.3,0.2996575342465753,525,525,12,0.8948879954049397,171.7827712771508,0.005112004595060338,85.80886131621051
isolated,linear,0.3,2,0.3,0.2996575342465753,525,525,24,0.8629265471370735,166.97699032039318,0.037073452862926515,83.39526930759936
isolated,linear,0.3,2,0.3,0.2996575342465753,525,525,48,0.8803519061583578,171.3055178370651,0.019648093841642233,85.41647605724255
isolated,linear,0.3,3,0.3,0.2996575342465753,525,525,6,0.886090440755581,172.33162770075467,0.013909559244419056,85.74521873761837
isolated,linear,0.3,3,0.3,0.2996575342465753,525,525,12,0.8724870763928777,161.7762924243748,0.02751292360712232,80.8845227469383
isolated,linear,0.3,3,0.3,0.2996575342465753,525,525,24,0.8640832851359167,168.0186347239765,0.03591671486408332,83.88996050030408
isolated,linear,0.3,3,0.3,0.2996575342465753,525,525,48,0.8592375366568915,163.9472706217931,0.04076246334310851,81.90968468965214
isolated,linear,0.3,4,0.3,0.2996575342465753,525,525,6,0.8912421293646251,174.55890248677414,0.00875787063537492,86.54995096521284
isolated,linear,0.3,4,0.3,0.2996575342465753,525,525,12,0.8868466398621482,167.75226115924693,0.013153360137851844,83.37849735649054
isolated,linear,0.3,4,0.3,0.2996575342465753,525,525,24,0.86524002313476,168.7031653403817,0.034759976865240017,84.31593310929222
isolated,linear,0.3,4,0.3,0.2996575342465753,525,525,48,0.873900293255132,168.89238812150646,0.026099706744868056,84.25860745476565
isolated,linear,0.3,5,0.3,0.2996575342465753,525,525,6,0.882655981682885,171.47404742362028,0.017344018317115073,85.22685699857472
isolated,linear,0.3,5,0.3,0.2996575342465753,525,525,12,0.8765077541642734,164.0810840848987,0.02349224583572662,81.9607694934027
isolated,linear,0.3,5,0.3,0.2996575342465753,525,525,24,0.8554077501445922,164.0490802007698,0.04459224985540777,82.01044533280292
isolated,linear,0.3,5,0.3,0.2996575342465753,525,525,48,0.8703812316715542,167.97361140677071,0.029618768328445788,83.81430139608209
isolated,linear,0.3,6,0.3,0.2996575342465753,525,525,6,0.8689181453921008,164.5458760989118,0.03108185460789925,81.948225760801
isolated,linear,0.3,6,0.3,0.2996575342465753,525,525,12,0.8845491097070649,166.82821248833716,0.015450890292935116,83.332294922945
isolated,linear,0.3,6,0.3,0.2996575342465753,525,525,24,0.8530942741469058,163.28491288824904,0.04690572585309427,81.55878610631122
isolated,linear,0.3,6,0.3,0.2996575342465753,525,525,48,0.8510263929618769,160.45786872750043,0.048973607038123146,79.90358466007063
isolated,linear,0.3,7,0.3,0.2996575342465753,525,525,6,0.8734974241556954,167.2235878194541,0.0265025758443046,83.11486236281945
isolated,linear,0.3,7,0.3,0.2996575342465753,525,525,12,0.8730614589316484,162.55396786503013,0.026938541068351585,81.04349447433127
isolated,linear,0.3,7,0.3,0.2996575342465753,525,525,24,0.8571428571428571,164.32102177847736,0.04285714285714293,81.86162153139453
isolated,linear,0.3,7,0.3,0.2996575342465753,525,525,48,0.8715542521994135,168.1394991983858,0.028445747800586507,83.94217200745528
isolated,linear,0.3,8,0.3,0.2996575342465753,525,525,6,0.8723526044647968,166.71898888488266,0.027647395535203234,83.24725937860626
isolated,linear,0.3,8,0.3,0.2996575342465753,525,525,12,0.8897185525560023,170.01380733162668,0.010281447443997727,84.89938911044676
isolated,linear,0.3,8,0.3,0.2996575342465753,525,525,24,0.8640832851359167,168.2378749947014,0.03591671486408332,84.00276586081613
isolated,linear,0.3,8,0.3,0.2996575342465753,525,525,48,0.8879765395894428,173.8854013656654,0.01202346041055724,86.86324988281473
isolated,linear,0.3,9,0.3,0.2996575342465753,525,525,6,0.8912421293646251,174.55890248677414,0.00875787063537492,87.20841202951581
isolated,linear,0.3,9,0.3,0.2996575342465753,525,525,12,0.8948879954049397,171.84656156471968,0.005112004595060338,85.81205083058896
isolated,linear,0.3,9,0.3,0.2996575342465753,525,525,24,0.8692886061307113,170.8898670095377,0.030711393869288672,85.10617980971601
isolated,linear,0.3,9,0.3,0.2996575342465753,525,525,48,0.8774193548387097,170.1629203001745,0.022580645161290325,85.01056021538518
isolated,linear,0.3,10,0.3,0.2996575342465753,525,525,6,0.8895248998282771,173.5851207704631,0.010475100171722929,86.44929548172534
isolated,linear,0.3,10,0.3,0.2996575342465753,525,525,12,0.8736358414704193,162.95955671285478,0.02636415852958074,81.46330137201733
isolated,linear,0.3,10,0.3,0.2996575342465753,525,525,24,0.8623481781376519,166.68341159750844,0.03765182186234817,83.25461212337684
isolated,linear,0.3,10,0.3,0.2996575342465753,525,525,48,0.8785923753665689,170.70360431810934,0.021407624633431155,85.14411686105493
isolated,linear,0.3,11,0.3,0.2996575342465753,525,525,6,0.8769318832283916,169.178911874213,0.02306811677160847,84.41643838044642
isolated,linear,0.3,11,0.3,0.2996575342465753,525,525,12,0.8879954049396899,168.58459303879243,0.012004595060310153,84.23668965938879
isolated,linear,0.3,11,0.3,0.2996575342465753,525,525,24,0.8577212261422787,164.51926191786674,0.042278773857721275,82.07509752201452
isolated,linear,0.3,11,0.3,0.2996575342465753,525,525,48,0.8727272727272727,168.5603119663304,0.027272727272727337,84.06533402150794
isolated,linear,0.3,12,0.3,0.2996575342465753,525,525,6,0.886090440755581,172.33162770075467,0.013909559244419056,85.70558211072063
isolated,linear,0.3,12,0.3,0.2996575342465753,525,525,12,0.8920160827110856,171.09145693247257,0.007983917288914455,85.24042257886377
isolated,linear,0.3,12,0.3,0.2996575342465753,525,525,24,0.8710237131289763,172.10367790488255,0.028976286871023715,85.5231886315459
isolated,linear,0.3,12,0.3,0.2996575342465753,525,525,48,0.8785923753665689,170.8951918877496,0.021407624633431155,85.12469901644435
isolated,linear,0.3,13,0.3,0.2996575342465753,525,525,6,0.8895248998282771,173.54639233705137,0.010475100171722929,86.48885709130343
isolated,linear,0.3,13,0.3,0.2996575342465753,525,525,12,0.8983342906375646,173.47850358593317,0.0016657093624353747,86.73343733172848
isolated,linear,0.3,13,0.3,0.2996575342465753,525,525,24,0.8681318681318682,170.60655120092298,0.031868131868131866,84.94675395893883
isolated,linear,0.3,13,0.3,0.2996575342465753,525,525,48,0.8868035190615836,173.32732730277272,0.01319648093841641,86.58965523127009
isolated,linear,0.3,14,0.3,0.2996575342465753,525,525,6,0.8734974241556954,167.49246648099285,0.0265025758443046,83.52648084850065
isolated,linear,0.3,14,0.3,0.2996575342465753,525,525,12,0.8879954049396899,168.58459303879243,0.012004595060310153,84.23668965938879
isolated,linear,0.3,14,0.3,0.2996575342465753,525,525,24,0.8733371891266628,173.30944047464936,0.026662810873337217,86.22565985526387
isolated,linear,0.3,14,0.3,0.2996575342465753,525,525,48,0.8768328445747801,169.8684761775629,0.023167155425219965,84.90248962814378
isolated,linear,0.3,15,0.3,0.2996575342465753,525,525,6,0.8740698340011448,168.08590336568906,0.025930165998855226,83.66343519723736
isolated,linear,0.3,15,0.3,0.2996575342465753,525,525,12,0.8879954049396899,168.58459303879243,0.012004595060310153,84.12376530243033
isolated,linear,0.3,15,0.3,0.2996575342465753,525,525,24,0.8663967611336032,169.5115829927067,0.03360323886639682,84.37956258656577
isolated,linear,0.3,15,0.3,0.2996575342465753,525,525,48,0.8674486803519061,167.0196743043517,0.03255131964809388,83.29214544333686
isolated,linear,0.3,16,0.3,0.2996575342465753,525,525,6,0.8929593589009731,176.33484782916665,0.007040641099026912,87.98057359427341
isolated,linear,0.3,16,0.3,0.2996575342465753,525,525,12,0.887421022400919,168.4610222387759,0.012578977599080998,84.11650795666267
isolated,linear,0.3,16,0.3,0.2996575342465753,525,525,24,0.8669751301330249,170.0762144764417,0.03302486986697517,84.82556338407316
isolated,linear,0.3,16,0.3,0.2996575342465753,525,525,48,0.8686217008797654,167.47139626471952,0.0313782991202346,83.44735118724337
isolated,linear,0.3,17,0.3,0.2996575342465753,525,525,6,0.8929593589009731,176.17327502079038,0.007040641099026912,87.84181290125179
isolated,linear,0.3,17,0.3,0.2996575342465753,525,525,12,0.8891441700172314,169.85812684221403,0.010855829982768572,84.89160508597611
isolated,linear,0.3,17,0.3,0.2996575342465753,525,525,24,0.8675534991324465,170.422027994304,0.03244650086755352,84.84708361808026
isolated,linear,0.3,17,0.3,0.2996575342465753,525,525,48,0.8897360703812317,175.36974378526173,0.01026392961876832,87.0630509093176
isolated,linear,0.3,18,0.3,0.2996575342465753,525,525,6,0.886090440755581,172.33162770075467,0.013909559244419056,86.04842718324707
isolated,linear,0.3,18,0.3,0.2996575342465753,525,525,12,0.8931648477886273,171.4875202364168,0.006835152211372764,85.74325125033785
isolated,linear,0.3,18,0.3,0.2996575342465753,525,525,24,0.8681318681318682,170.60655120092298,0.031868131868131866,85.21899044482115
isolated,linear,0.3,18,0.3,0.2996575342465753,525,525,48,0.8879765395894428,173.8854013656654,0.01202346041055724,86.83976310795471
isolated,linear,0.3,19,0.3,0.2996575342465753,525,525,6,0.86949055523755,165.19440308125888,0.03050944476244999,82.39996493608703
isolated,linear,0.3,19,0.3,0.2996575342465753,525,525,12,0.8862722573233773,167.31829692267237,0.01372774267662269,83.33337634417883
isolated,linear,0.3,19,0.3,0.2996575342465753,525,525,24,0.86524002313476,168.62135063056763,0.034759976865240017,83.88834163818233
isolated,linear,0.3,19,0.3,0.2996575342465753,525,525,48,0.8768328445747801,170.0852593115198,0.023167155425219965,84.91351332709831
isolated,linear,0.4,0,0.4,0.3995433789954338,700,700,6,0.8734974241556954,167.78421841163146,0.0265025758443046,83.75183870959461
isolated,linear,0.4,0,0.4,0.3995433789954338,700,700,12,0.8828259620907525,166.46908996103414,0.01717403790924754,83.1029347624918
isolated,linear,0.4,0,0.4,0.3995433789954338,700,700,24,0.8594563331405437,165.48220640311035,0.04054366685945632,82.68201560113097
isolated,linear,0.4,0,0.4,0.3995433789954338,700,700,48,0.8592375366568915,163.94006390554927,0.04076246334310851,81.87523170407134
isolated,linear,0.4,1,0.4,0.3995433789954338,700,700,6,0.8723526044647968,166.4965529430069,0.027647395535203234,82.89694359802303
isolated,linear,0.4,1,0.4,0.3995433789954338,700,700,12,0.8753589890867317,163.8179404979,0.024641010913268313,81.83861099310525
isolated,linear,0.4,1,0.4,0.3995433789954338,700,700,24,0.8530942741469058,163.37635848574274,0.04690572585309427,81.12680743869404
isolated,linear,0.4,1,0.4,0.3995433789954338,700,700,48,0.8651026392961877,165.23839239639773,0.03489736070381233,82.51163671419104
isolated,linear,0.4,2,0.4,0.3995433789954338,700,700,6,0.867773325701202,164.292224873195,0.032226674298798,81.97745356390715
isolated,linear,0.4,2,0.4,0.3995433789954338,700,700,12,0.8816771970132108,165.7454407861477,0.018322802986789233,82.86482815312478
isolated,linear,0.4,2,0.4,0.3995433789954338,700,700,24,0.8340080971659919,157.80074464580042,0.06599190283400813,78.75598272987217
isolated,linear,0.4,2,0.4,0.3995433789954338,700,700,48,0.8580645161290322,163.48388253923048,0.041935483870967794,81.61837023345115
isolated,linear,0.4,3,0.4,0.3995433789954338,700,700,6,0.8809387521465369,170.41774863880894,0.01906124785346308,85.14331139707764
isolated,linear,0.4,3,0.4,0.3995433789954338,700,700,12,0.867892016082711,159.90896223472174,0.032107983917288974,79.43356335517278
isolated,linear,0.4,3,0.4,0.3995433789954338,700,700,24,0.8478889531521111,161.17294799088728,0.05211104684788892,80.13848524462482
isolated,linear,0.4,3,0.4,0.3995433789954338,700,700,48,0.8651026392961877,165.13377234054522,0.03489736070381233,82.51707338414603
isolated,linear,0.4,4,0.4,0.3995433789954338,700,700,6,0.8866628506010303,172.42425030179686,0.013337149398969683,85.85889651895587
isolated,linear,0.4,4,0.4,0.3995433789954338,700,700,12,0.8765077541642734,164.24851274260388,0.02349224583572662,81.97045034882437
isolated,linear,0.4,4,0.4,0.3995433789954338,700,700,24,0.8600347021399652,165.65213715591855,0.039965297860034776,82.12191417750549
isolated,linear,0.4,4,0.4,0.3995433789954338,700,700,48,0.8703812316715542,167.92532944096112,0.029618768328445788,83.4931217671844
isolated,linear,0.4,5,0.4,0.3995433789954338,700,700,6,0.8729250143102462,167.01408228285652,0.02707498568975386,83.23889646346827
isolated,linear,0.4,5,0.4,0.3995433789954338,700,700,12,0.8736358414704193,162.95955671285478,0.02636415852958074,81.359241861253
isolated,linear,0.4,5,0.4,0.3995433789954338,700,700,24,0.8484673221515326,161.78416279544035,0.05153267784846738,80.315788912989
isolated,linear,0.4,5,0.4,0.3995433789954338,700,700,48,0.8480938416422288,159.36229082381692,0.05190615835777124,79.33502678188695
isolated,linear,0.4,6,0.4,0.3995433789954338,700,700,6,0.8500286204922725,159.26198388966054,0.049971379507727565,79.5921414284449
isolated,linear,0.4,6,0.4,0.3995433789954338,700,700,12,0.8661688684663986,159.18226973757507,0.0338311315336014,79.52885675654424
isolated,linear,0.4,6,0.4,0.3995433789954338,700,700,24,0.8409485251590515,159.60790093019546,0.059051474840948526,79.40398128429395
isolated,linear,0.4,6,0.4,0.3995433789954338,700,700,48,0.839882697947214,156.92225353528684,0.06011730205278598,77.88674556590733
isolated,linear,0.4,7,0.4,0.3995433789954338,700,700,6,0.8734974241556954,167.73711203382837,0.0265025758443046,83.73199665389416
isolated,linear,0.4,7,0.4,0.3995433789954338,700,700,12,0.8736358414704193,163.17260566891625,0.02636415852958074,81.09369516834839
isolated,linear,0.4,7,0.4,0.3995433789954338,700,700,24,0.8571428571428571,164.32102177847736,0.04285714285714293,81.93433374621435
isolated,linear,0.4,7,0.4,0.3995433789954338,700,700,48,0.8674486803519061,166.67927984029663,0.03255131964809388,83.26716451643294
isolated,linear,0.4,8,0.4,0.3995433789954338,700,700,6,0.8689181453921008,164.6970913721797,0.03108185460789925,82.22231156764283
isolated,linear,0.4,8,0.4,0.3995433789954338,700,700,12,0.8816771970132108,165.90090198838217,0.018322802986789233,82.93338739169458
isolated,linear,0.4,8,0.4,0.3995433789954338,700,700,24,0.858877964141122,165.0719405238783,0.04112203585887797,82.38439331801166
isolated,linear,0.4,8,0.4,0.3995433789954338,700,700,48,0.8774193548387097,170.1241192440768,0.022580645161290325,85.05740491513106
isolated,linear,0.4,9,0.4,0.3995433789954338,700,700,6,0.8797939324556382,169.81386058342397,0.020206067544361828,84.70512771409713
isolated,linear,0.4,9,0.4,0.3995433789954338,700,700,12,0.8885697874784606,169.3979893507409,0.011430212521539418,84.672875812298
isolated,linear,0.4,9,0.4,0.3995433789954338,700,700,24,0.8669751301330249,169.73120280060368,0.03302486986697517,84.7068126663964
isolated,linear,0.4,9,0.4,0.3995433789954338,700,700,48,0.8780058651026393,170.41513047007265,0.021994134897360684,85.1618312000739
isolated,linear,0.4,10,0.4,0.3995433789954338,700,700,6,0.8689181453921008,164.67424080612523,0.03108185460789925,82.13302072247407
isolated,linear,0.4,10,0.4,0.3995433789954338,700,700,12,0.8736358414704193,162.97649702733182,0.02636415852958074,81.46414838774118
isolated,linear,0.4,10,0.4,0.3995433789954338,700,700,24,0.8571428571428571,164.41546867629404,0.04285714285714293,81.87750314341172
isolated,linear,0.4,10,0.4,0.3995433789954338,700,700,48,0.8592375366568915,163.93597920910196,0.04076246334310851,81.92650051416963
isolated,linear,0.4,11,0.4,0.3995433789954338,700,700,6,0.8734974241556954,167.12696946793068,0.0265025758443046,83.53122428592164
isolated,linear,0.4,11,0.4,0.3995433789954338,700,700,12,0.887421022400919,168.4610222387759,0.012578977599080998,84.11650795666267
isolated,linear,0.4,11,0.4,0.3995433789954338,700,700,24,0.8623481781376519,166.59080993438056,0.03765182186234817,83.0872893689457
isolated,linear,0.4,11,0.4,0.3995433789954338,700,700,48,0.8580645161290322,163.49164025889257,0.041935483870967794,81.71470118827096
isolated,linear,0.4,12,0.4,0.3995433789954338,700,700,6,0.8803663423010876,170.06392445128793,0.019633657698912454,84.57480905423591
isolated,linear,0.4,12,0.4,0.3995433789954338,700,700,12,0.8828259620907525,166.34997809023093,0.01717403790924754,83.12989371992802
isolated,linear,0.4,12,0.4,0.3995433789954338,700,700,24,0.8710237131289763,172.2445964881339,0.028976286871023715,86.06773272829014
isolated,linear,0.4,12,0.4,0.3995433789954338,700,700,48,0.8744868035190616,168.9857653650276,0.025513196480938416,84.19698340028584
isolated,linear,0.4,13,0.4,0.3995433789954338,700,700,6,0.8706353749284488,165.46182253225288,0.029364625071551242,82.67580034953342
isolated,linear,0.4,13,0.4,0.3995433789954338,700,700,12,0.887421022400919,168.4610222387759,0.012578977599080998,84.13694908777283
isolated,linear,0.4,13,0.4,0.3995433789954338,700,700,24,0.8675534991324465,170.2722198581837,0.03244650086755352,84.98273944533204
isolated,linear,0.4,13,0.4,0.3995433789954338,700,700,48,0.873900293255132,168.8664115216779,0.026099706744868056,84.33998158691354
isolated,linear,0.4,14,0.4,0.3995433789954338,700,700,6,0.8494562106468231,158.99539400126412,0.05054378935317694,79.40187667391194
isolated,linear,0.4,14,0.4,0.3995433789954338,700,700,12,0.8730614589316484,162.51910758593982,0.026938541068351585,81.24862407922085
isolated,linear,0.4,14,0.4,0.3995433789954338,700,700,24,0.8594563331405437,165.23005891986355,0.04054366685945632,82.54176966044798
isolated,linear,0.4,14,0.4,0.3995433789954338,700,700,48,0.8715542521994135,168.1394991983858,0.028445747800586507,84.02937544177631
isolated,linear,0.4,15,0.4,0.3995433789954338,700,700,6,0.8586147681740126,161.38518534264608,0.04138523182598741,80.44211466239331
isolated,linear,0.4,15,0.4,0.3995433789954338,700,700,12,0.8811028144744399,165.53348889387087,0.01889718552556008,82.74270156993512
isolated,linear,0.4,15,0.4,0.3995433789954338,700,700,24,0.8629265471370735,166.90561717678673,0.037073452862926515,83.26394891757047
isolated,linear,0.4,15,0.4,0.3995433789954338,700,700,48,0.8545454545454545,161.79739860990088,0.045454545454545525,80.7727184716435
isolated,linear,0.4,16,0.4,0.3995433789954338,700,700,6,0.8729250143102462,167.08880787503298,0.02707498568975386,83.47857248468941
isolated,linear,0.4,16,0.4,0.3995433789954338,700,700,12,0.8707639287765652,161.1547747548018,0.029236071223434856,80.57603603402632
isolated,linear,0.4,16,0.4,0.3995433789954338,700,700,24,0.8658183921341817,169.1675960457655,0.034181607865818364,84.38017403051366
isolated,linear,0.4,16,0.4,0.3995433789954338,700,700,48,0.853958944281525,161.16374136655685,0.046041055718475055,80.48227998988759
isolated,linear,0.4,17,0.4,0.3995433789954338,700,700,6,0.8734974241556954,167.44026398255184,0.0265025758443046,83.54175961671123
isolated,linear,0.4,17,0.4,0.3995433789954338,700,700,12,0.8805284319356692,165.209389049357,0.019471568064330813,82.56980203830669
isolated,linear,0.4,17,0.4,0.3995433789954338,700,700,24,0.8623481781376519,166.65414815673623,0.03765182186234817,83.12940851128208
isolated,linear,0.4,17,0.4,0.3995433789954338,700,700,48,0.8715542521994135,168.16492687650612,0.028445747800586507,83.95663470714979
isolated,linear,0.4,18,0.4,0.3995433789954338,700,700,6,0.8654836863194046,163.3891581265474,0.03451631368059538,81.61243157827417
isolated,linear,0.4,18,0.4,0.3995433789954338,700,700,12,0.8742102240091901,163.42907341948404,0.025789775990809893,81.54245570951066
isolated,linear,0.4,18,0.4,0.3995433789954338,700,700,24,0.849624060150376,162.34434512344444,0.050375939849624074,80.89029784355569
isolated,linear,0.4,18,0.4,0.3995433789954338,700,700,48,0.866275659824047,166.36868452737772,0.03372434017595305,83.14549462128774
isolated,linear,0.4,19,0.4,0.3995433789954338,700,700,6,0.8517458500286205,159.45681944925263,0.048254149971379556,79.58926322525049
isolated,linear,0.4,19,0.4,0.3995433789954338,700,700,12,0.867892016082711,159.95185269071217,0.032107983917288974,79.84696617794032
isolated,linear,0.4,19,0.4,0.3995433789954338,700,700,24,0.8582995951417004,164.7245743499964,0.04170040485829962,82.32326673441068
isolated,linear,0.4,19,0.4,0.3995433789954338,700,700,48,0.866275659824047,166.13119003268994,0.03372434017595305,82.90320050693872
isolated,linear,0.5,0,0.5,0.5,876,876,6,0.8586147681740126,161.38518534264608,0.04138523182598741,80.54741446063076
isolated,linear,0.5,0,0.5,0.5,876,876,12,0.8736358414704193,163.10575874570583,0.02636415852958074,81.50751677884456
isolated,linear,0.5,0,0.5,0.5,876,876,24,0.8397917871602082,159.2561045386141,0.06020821283979183,79.34152232118726
isolated,linear,0.5,0,0.5,0.5,876,876,48,0.8551319648093841,162.43001443652767,0.044868035190615885,80.84976635167915
isolated,linear,0.5,1,0.5,0.5,876,876,6,0.8574699484831139,161.15559259305635,0.04253005151688616,80.36574422305696
isolated,linear,0.5,1,0.5,0.5,876,876,12,0.8638713383113154,158.4773717043307,0.03612866168868467,79.235582958827
isolated,linear,0.5,1,0.5,0.5,876,876,24,0.8409485251590515,159.3346720098913,0.059051474840948526,79.56295306225441
isolated,linear,0.5,1,0.5,0.5,876,876,48,0.8574780058651026,163.33017320996342,0.042521994134897434,81.64986926818237
isolated,linear,0.5,2,0.5,0.5,876,876,6,0.8654836863194046,163.16264249393834,0.03451631368059538,81.52086472482628
isolated,linear,0.5,2,0.5,0.5,876,876,12,0.8788052843193567,164.65098096509575,0.02119471568064335,82.2966547947054
isolated,linear,0.5,2,0.5,0.5,876,876,24,0.8415268941584731,159.87789657753146,0.05847310584152687,79.83972175848986
isolated,linear,0.5,2,0.5,0.5,876,876,48,0.8686217008797654,167.27997398367873,0.0313782991202346,83.58287085599173
isolated,linear,0.5,3,0.5,0.5,876,876,6,0.8723526044647968,166.43412829066904,0.027647395535203234,82.80970327308268
isolated,linear,0.5,3,0.5,0.5,876,876,12,0.871338311315336,161.4047499721595,0.02866168868466401,80.63378112649367
isolated,linear,0.5,3,0.5,0.5,876,876,24,0.8426836321573163,160.32450930316733,0.05731636784268368,79.916629013559
isolated,linear,0.5,3,0.5,0.5,876,876,48,0.8651026392961877,165.13377234054522,0.03489736070381233,82.51707338414603
isolated,linear,0.5,4,0.5,0.5,876,876,6,0.8443045220377791,157.40112938250783,0.05569547796222096,78.55590168835107
isolated,linear,0.5,4,0.5,0.5,876,876,12,0.8443423319931074,153.06686908268927,0.05565766800689265,76.34069748252888
isolated,linear,0.5,4,0.5,0.5,876,876,24,0.8455754771544245,160.84122272571034,0.05442452284557553,80.09528577034514
isolated,linear,0.5,4,0.5,0.5,876,876,48,0.8574780058651026,163.30228199693533,0.042521994134897434,81.05588675099088
isolated,linear,0.5,5,0.5,0.5,876,876,6,0.8654836863194046,163.31403404626545,0.03451631368059538,81.33635795588646
isolated,linear,0.5,5,0.5,0.5,876,876,12,0.871338311315336,161.19740387218692,0.02866168868466401,80.57951883327016
isolated,linear,0.5,5,0.5,0.5,876,876,24,0.8484673221515326,161.78416279544035,0.05153267784846738,80.315788912989
isolated,linear,0.5,5,0.5,0.5,876,876,48,0.8334310850439882,153.86461656068423,0.0665689149560118,76.78174296721157
isolated,linear,0.5,6,0.5,0.5,876,876,6,0.8488838008013738,158.91121266025792,0.0511161991986262,78.87448280336665
isolated,linear,0.5,6,0.5,0.5,876,876,12,0.8523836875358989,154.27359709565212,0.04761631246410114,77.08322093236795
isolated,linear,0.5,6,0.5,0.5,876,876,24,0.8235974551764026,155.35910381451524,0.07640254482359743,77.364000689346
isolated,linear,0.5,6,0.5,0.5,876,876,48,0.8340175953079179,154.07702333645898,0.06598240469208216,76.93495209977611
isolated,linear,0.5,7,0.5,0.5,876,876,6,0.8666285060103034,163.8873680171307,0.03337149398969663,81.72960298821334
isolated,linear,0.5,7,0.5,0.5,876,876,12,0.8403216542217117,151.8875264793701,0.059678345778288344,75.9005086950684
isolated,linear,0.5,7,0.5,0.5,876,876,24,0.8218623481781376,154.3100154433834,0.07813765182186239,76.90388745776406
isolated,linear,0.5,7,0.5,0.5,876,876,48,0.8480938416422288,159.30127483948075,0.05190615835777124,79.39778473760121
isolated,linear,0.5,8,0.5,0.5,876,876,6,0.8597595878649112,161.79896935977308,0.04024041213508878,80.81438861300825
isolated,linear,0.5,8,0.5,0.5,876,876,12,0.8730614589316484,162.55656448125757,0.026938541068351585,81.0933669671898
isolated,linear,0.5,8,0.5,0.5,876,876,24,0.8502024291497976,162.80413165291458,0.04979757085020242,81.27132462838985
isolated,linear,0.5,8,0.5,0.5,876,876,48,0.8686217008797654,167.56905494910671,0.0313782991202346,83.65669634738985
isolated,linear,0.5,9,0.5,0.5,876,876,6,0.8734974241556954,167.50803589891206,0.0265025758443046,83.55388852021039
isolated,linear,0.5,9,0.5,0.5,876,876,12,0.8707639287765652,160.84438422760007,0.029236071223434856,80.06893511083248
isolated,linear,0.5,9,0.5,0.5,876,876,24,0.8484673221515326,161.7793129994862,0.05153267784846738,80.72885847118317
isolated,linear,0.5,9,0.5,0.5,876,876,48,0.8545454545454545,161.5133451639311,0.045454545454545525,80.69673511345552
isolated,linear,0.5,10,0.5,0.5,876,876,6,0.8357183743560389,154.16404623998176,0.06428162564396112,76.8962666483811
isolated,linear,0.5,10,0.5,0.5,876,876,12,0.8724870763928777,162.14564165139308,0.02751292360712232,81.05213518461035
isolated,linear,0.5,10,0.5,0.5,876,876,24,0.8368999421631,158.94507214348783,0.06310005783689998,79.35245751106008
isolated,linear,0.5,10,0.5,0.5,876,876,48,0.8480938416422288,158.96516909958967,0.05190615835777124,79.4459142936975
isolated,linear,0.5,11,0.5,0.5,876,876,6,0.8494562106468231,159.11899785866777,0.05054378935317694,79.5231512866558
isolated,linear,0.5,11,0.5,0.5,876,876,12,0.8638713383113154,158.74005389737178,0.03612866168868467,79.31594703303848
isolated,linear,0.5,11,0.5,0.5,876,876,24,0.8490456911509543,162.01294438076673,0.050954308849045726,80.75505416684616
isolated,linear,0.5,11,0.5,0.5,876,876,48,0.8357771260997068,155.10997243350238,0.06422287390029324,77.49632824073541
isolated,linear,0.5,12,0.5,0.5,876,876,6,0.8517458500286205,159.45681944925263,0.048254149971379556,79.47118369894588
isolated,linear,0.5,12,0.5,0.5,876,876,12,0.8724870763928777,162.09967356009042,0.02751292360712232,80.68681521433187
isolated,linear,0.5,12,0.5,0.5,876,876,24,0.8617698091382302,166.35775230149463,0.03823019086176982,83.14322648744118
isolated,linear,0.5,12,0.5,0.5,876,876,48,0.8498533724340176,159.95289735691,0.05014662756598243,79.87009930736498
isolated,linear,0.5,13,0.5,0.5,876,876,6,0.8620492272467086,162.1705273466078,0.037950772753291395,80.90303775470503
isolated,linear,0.5,13,0.5,0.5,876,876,12,0.8788052843193567,164.6985282244914,0.02119471568064335,82.34442481710072
isolated,linear,0.5,13,0.5,0.5,876,876,24,0.8594563331405437,165.1676309559707,0.04054366685945632,82.49332574946489
isolated,linear,0.5,13,0.5,0.5,876,876,48,0.8674486803519061,166.92312529870892,0.03255131964809388,83.1653400074486
isolated,linear,0.5,14,0.5,0.5,876,876,6,0.8500286204922725,159.2677147898579,0.049971379507727565,79.53818443141476
isolated,linear,0.5,14,0.5,0.5,876,876,12,0.871338311315336,161.55764271450377,0.02866168868466401,80.61341629120335
isolated,linear,0.5,14,0.5,0.5,876,876,24,0.8502024291497976,162.7883757214292,0.04979757085020242,80.85572089382148
isolated,linear,0.5,14,0.5,0.5,876,876,48,0.852199413489736,160.76755990345896,0.047800586510263976,80.21461498093362
isolated,linear,0.5,15,0.5,0.5,876,876,6,0.8528906697195192,160.36281798062478,0.04710933028048081,80.04231727611621
isolated,linear,0.5,15,0.5,0.5,876,876,12,0.8811028144744399,165.5708498063134,0.01889718552556008,82.74456961555724
isolated,linear,0.5,15,0.5,0.5,876,876,24,0.8484673221515326,161.30807773917792,0.05153267784846738,80.22904533013732
isolated,linear,0.5,15,0.5,0.5,876,876,48,0.8498533724340176,159.82059036303258,0.05014662756598243,79.70139598998756
isolated,linear,0.5,16,0.5,0.5,876,876,6,0.8460217515741271,158.155644432994,0.053978248425872954,79.01934571710805
isolated,linear,0.5,16,0.5,0.5,876,876,12,0.8541068351522114,154.66217340365583,0.0458931648477886,77.26440735717905
isolated,linear,0.5,16,0.5,0.5,876,876,24,0.8478889531521111,160.99715801620943,0.05211104684788892,80.4280914110995
isolated,linear,0.5,16,0.5,0.5,876,876,48,0.8304985337243401,152.3884551686959,0.0695014662756599,76.135607202988
isolated,linear,0.5,17,0.5,0.5,876,876,6,0.8729250143102462,167.01408228285652,0.02707498568975386,82.99766445472122
isolated,linear,0.5,17,0.5,0.5,876,876,12,0.8730614589316484,162.53529882990713,0.026938541068351585,81.13185805422737
isolated,linear,0.5,17,0.5,0.5,876,876,24,0.8484673221515326,161.41373564175086,0.05153267784846738,80.46292125954007
isolated,linear,0.5,17,0.5,0.5,876,876,48,0.8545454545454545,161.77514061361765,0.045454545454545525,80.70983017340406
isolated,linear,0.5,18,0.5,0.5,876,876,6,0.8649112764739554,162.93710809783664,0.03508872352604464,81.27169249876748
isolated,linear,0.5,18,0.5,0.5,876,876,12,0.8730614589316484,162.70399614552417,0.026938541068351585,81.05099588835598
isolated,linear,0.5,18,0.5,0.5,876,876,24,0.843262001156738,160.44719448618133,0.05673799884326203,79.98843113206641
isolated,linear,0.5,18,0.5,0.5,876,876,48,0.8674486803519061,166.7414013008076,0.03255131964809388,83.23565240371967
isolated,linear,0.5,19,0.5,0.5,876,876,6,0.8340011448196909,153.95224708828215,0.06599885518030912,76.83050595398178
isolated,linear,0.5,19,0.5,0.5,876,876,12,0.8564043653072947,156.87644759925286,0.04359563469270533,78.35345598007088
isolated,linear,0.5,19,0.5,0.5,876,876,24,0.8478889531521111,161.15221010691968,0.05211104684788892,80.47924962163326
isolated,linear,0.5,19,0.5,0.5,876,876,48,0.8656891495601173,165.8304534482503,0.03431085043988269,82.30661498147536
isolated,ffill,0.0,0,0.0,0.0,0,0,6,0.9107040641099027,184.51546580978544,0.010704064109902656,91.93317010364271
isolated,ffill,0.0,0,0.0,0.0,0,0,12,0.9126938541068351,180.21297386954228,0.0126938541068351,89.99882550417082
isolated,ffill,0.0,0,0.0,0.0,0,0,24,0.8837478311162522,179.09690038815052,0.01625216888374781,89.4281193996245
isolated,ffill,0.0,0,0.0,0.0,0,0,48,0.9020527859237537,180.37481308589946,0.002052785923753686,89.8818789254163
isolated,ffill,0.0,1,0.0,0.0,0,0,6,0.9107040641099027,184.51546580978544,0.010704064109902656,91.93317010364271
isolated,ffill,0.0,1,0.0,0.0,0,0,12,0.9126938541068351,180.21297386954228,0.0126938541068351,89.99882550417082
isolated,ffill,0.0,1,0.0,0.0,0,0,24,0.8837478311162522,179.09690038815052,0.01625216888374781,89.4281193996245
isolated,ffill,0.0,1,0.0,0.0,0,0,48,0.9020527859237537,180.37481308589946,0.002052785923753686,89.8818789254163
isolated,ffill,0.0,2,0.0,0.0,0,0,6,0.9107040641099027,184.51546580978544,0.010704064109902656,91.93317010364271
isolated,ffill,0.0,2,0.0,0.0,0,0,12,0.9126938541068351,180.21297386954228,0.0126938541068351,89.99882550417082
isolated,ffill,0.0,2,0.0,0.0,0,0,24,0.8837478311162522,179.09690038815052,0.01625216888374781,89.4281193996245
isolated,ffill,0.0,2,0.0,0.0,0,0,48,0.9020527859237537,180.37481308589946,0.002052785923753686,89.8818789254163
isolated,ffill,0.0,3,0.0,0.0,0,0,6,0.9107040641099027,184.51546580978544,0.010704064109902656,91.93317010364271
isolated,ffill,0.0,3,0.0,0.0,0,0,12,0.9126938541068351,180.21297386954228,0.0126938541068351,89.99882550417082
isolated,ffill,0.0,3,0.0,0.0,0,0,24,0.8837478311162522,179.09690038815052,0.01625216888374781,89.4281193996245
isolated,ffill,0.0,3,0.0,0.0,0,0,48,0.9020527859237537,180.37481308589946,0.002052785923753686,89.8818789254163
isolated,ffill,0.0,4,0.0,0.0,0,0,6,0.9107040641099027,184.51546580978544,0.010704064109902656,91.93317010364271
isolated,ffill,0.0,4,0.0,0.0,0,0,12,0.9126938541068351,180.21297386954228,0.0126938541068351,89.99882550417082
isolated,ffill,0.0,4,0.0,0.0,0,0,24,0.8837478311162522,179.09690038815052,0.01625216888374781,89.4281193996245
isolated,ffill,0.0,4,0.0,0.0,0,0,48,0.9020527859237537,180.37481308589946,0.002052785923753686,89.8818789254163
isolated,ffill,0.0,5,0.0,0.0,0,0,6,0.9107040641099027,184.51546580978544,0.010704064109902656,91.93317010364271
isolated,ffill,0.0,5,0.0,0.0,0,0,12,0.9126938541068351,180.21297386954228,0.0126938541068351,89.99882550417082
isolated,ffill,0.0,5,0.0,0.0,0,0,24,0.8837478311162522,179.09690038815052,0.01625216888374781,89.4281193996245
isolated,ffill,0.0,5,0.0,0.0,0,0,48,0.9020527859237537,180.37481308589946,0.002052785923753686,89.8818789254163
isolated,ffill,0.0,6,0.0,0.0,0,0,6,0.9107040641099027,184.51546580978544,0.010704064109902656,91.93317010364271
isolated,ffill,0.0,6,0.0,0.0,0,0,12,0.9126938541068351,180.21297386954228,0.0126938541068351,89.99882550417082
isolated,ffill,0.0,6,0.0,0.0,0,0,24,0.8837478311162522,179.09690038815052,0.01625216888374781,89.4281193996245
isolated,ffill,0.0,6,0.0,0.0,0,0,48,0.9020527859237537,180.37481308589946,0.002052785923753686,89.8818789254163
isolated,ffill,0.0,7,0.0,0.0,0,0,6,0.9107040641099027,184.51546580978544,0.010704064109902656,91.93317010364271
isolated,ffill,0.0,7,0.0,0.0,0,0,12,0.9126938541068351,180.21297386954228,0.0126938541068351,89.99882550417082
isolated,ffill,0.0,7,0.0,0.0,0,0,24,0.8837478311162522,179.09690038815052,0.01625216888374781,89.4281193996245
isolated,ffill,0.0,7,0.0,0.0,0,0,48,0.9020527859237537,180.37481308589946,0.002052785923753686,89.8818789254163
isolated,ffill,0.0,8,0.0,0.0,0,0,6,0.9107040641099027,184.51546580978544,0.010704064109902656,91.93317010364271
isolated,ffill,0.0,8,0.0,0.0,0,0,12,0.9126938541068351,180.21297386954228,0.0126938541068351,89.99882550417082
isolated,ffill,0.0,8,0.0,0.0,0,0,24,0.8837478311162522,179.09690038815052,0.01625216888374781,89.4281193996245
isolated,ffill,0.0,8,0.0,0.0,0,0,48,0.9020527859237537,180.37481308589946,0.002052785923753686,89.8818789254163
isolated,ffill,0.0,9,0.0,0.0,0,0,6,0.9107040641099027,184.51546580978544,0.010704064109902656,91.93317010364271
isolated,ffill,0.0,9,0.0,0.0,0,0,12,0.9126938541068351,180.21297386954228,0.0126938541068351,89.99882550417082
isolated,ffill,0.0,9,0.0,0.0,0,0,24,0.8837478311162522,179.09690038815052,0.01625216888374781,89.4281193996245
isolated,ffill,0.0,9,0.0,0.0,0,0,48,0.9020527859237537,180.37481308589946,0.002052785923753686,89.8818789254163
isolated,ffill,0.0,10,0.0,0.0,0,0,6,0.9107040641099027,184.51546580978544,0.010704064109902656,91.93317010364271
isolated,ffill,0.0,10,0.0,0.0,0,0,12,0.9126938541068351,180.21297386954228,0.0126938541068351,89.99882550417082
isolated,ffill,0.0,10,0.0,0.0,0,0,24,0.8837478311162522,179.09690038815052,0.01625216888374781,89.4281193996245
isolated,ffill,0.0,10,0.0,0.0,0,0,48,0.9020527859237537,180.37481308589946,0.002052785923753686,89.8818789254163
isolated,ffill,0.0,11,0.0,0.0,0,0,6,0.9107040641099027,184.51546580978544,0.010704064109902656,91.93317010364271
isolated,ffill,0.0,11,0.0,0.0,0,0,12,0.9126938541068351,180.21297386954228,0.0126938541068351,89.99882550417082
isolated,ffill,0.0,11,0.0,0.0,0,0,24,0.8837478311162522,179.09690038815052,0.01625216888374781,89.4281193996245
isolated,ffill,0.0,11,0.0,0.0,0,0,48,0.9020527859237537,180.37481308589946,0.002052785923753686,89.8818789254163
isolated,ffill,0.0,12,0.0,0.0,0,0,6,0.9107040641099027,184.51546580978544,0.010704064109902656,91.93317010364271
isolated,ffill,0.0,12,0.0,0.0,0,0,12,0.9126938541068351,180.21297386954228,0.0126938541068351,89.99882550417082
isolated,ffill,0.0,12,0.0,0.0,0,0,24,0.8837478311162522,179.09690038815052,0.01625216888374781,89.4281193996245
isolated,ffill,0.0,12,0.0,0.0,0,0,48,0.9020527859237537,180.37481308589946,0.002052785923753686,89.8818789254163
isolated,ffill,0.0,13,0.0,0.0,0,0,6,0.9107040641099027,184.51546580978544,0.010704064109902656,91.93317010364271
isolated,ffill,0.0,13,0.0,0.0,0,0,12,0.9126938541068351,180.21297386954228,0.0126938541068351,89.99882550417082
isolated,ffill,0.0,13,0.0,0.0,0,0,24,0.8837478311162522,179.09690038815052,0.01625216888374781,89.4281193996245
isolated,ffill,0.0,13,0.0,0.0,0,0,48,0.9020527859237537,180.37481308589946,0.002052785923753686,89.8818789254163
isolated,ffill,0.0,14,0.0,0.0,0,0,6,0.9107040641099027,184.51546580978544,0.010704064109902656,91.93317010364271
isolated,ffill,0.0,14,0.0,0.0,0,0,12,0.9126938541068351,180.21297386954228,0.0126938541068351,89.99882550417082
isolated,ffill,0.0,14,0.0,0.0,0,0,24,0.8837478311162522,179.09690038815052,0.01625216888374781,89.4281193996245
isolated,ffill,0.0,14,0.0,0.0,0,0,48,0.9020527859237537,180.37481308589946,0.002052785923753686,89.8818789254163
isolated,ffill,0.0,15,0.0,0.0,0,0,6,0.9107040641099027,184.51546580978544,0.010704064109902656,91.93317010364271
isolated,ffill,0.0,15,0.0,0.0,0,0,12,0.9126938541068351,180.21297386954228,0.0126938541068351,89.99882550417082
isolated,ffill,0.0,15,0.0,0.0,0,0,24,0.8837478311162522,179.09690038815052,0.01625216888374781,89.4281193996245
isolated,ffill,0.0,15,0.0,0.0,0,0,48,0.9020527859237537,180.37481308589946,0.002052785923753686,89.8818789254163
isolated,ffill,0.0,16,0.0,0.0,0,0,6,0.9107040641099027,184.51546580978544,0.010704064109902656,91.93317010364271
isolated,ffill,0.0,16,0.0,0.0,0,0,12,0.9126938541068351,180.21297386954228,0.0126938541068351,89.99882550417082
isolated,ffill,0.0,16,0.0,0.0,0,0,24,0.8837478311162522,179.09690038815052,0.01625216888374781,89.4281193996245
isolated,ffill,0.0,16,0.0,0.0,0,0,48,0.9020527859237537,180.37481308589946,0.002052785923753686,89.8818789254163
isolated,ffill,0.0,17,0.0,0.0,0,0,6,0.9107040641099027,184.51546580978544,0.010704064109902656,91.93317010364271
isolated,ffill,0.0,17,0.0,0.0,0,0,12,0.9126938541068351,180.21297386954228,0.0126938541068351,89.99882550417082
isolated,ffill,0.0,17,0.0,0.0,0,0,24,0.8837478311162522,179.09690038815052,0.01625216888374781,89.4281193996245
isolated,ffill,0.0,17,0.0,0.0,0,0,48,0.9020527859237537,180.37481308589946,0.002052785923753686,89.8818789254163
isolated,ffill,0.0,18,0.0,0.0,0,0,6,0.9107040641099027,184.51546580978544,0.010704064109902656,91.93317010364271
isolated,ffill,0.0,18,0.0,0.0,0,0,12,0.9126938541068351,180.21297386954228,0.0126938541068351,89.99882550417082
isolated,ffill,0.0,18,0.0,0.0,0,0,24,0.8837478311162522,179.09690038815052,0.01625216888374781,89.4281193996245
isolated,ffill,0.0,18,0.0,0.0,0,0,48,0.9020527859237537,180.37481308589946,0.002052785923753686,89.8818789254163
isolated,ffill,0.0,19,0.0,0.0,0,0,6,0.9107040641099027,184.51546580978544,0.010704064109902656,91.93317010364271
isolated,ffill,0.0,19,0.0,0.0,0,0,12,0.9126938541068351,180.21297386954228,0.0126938541068351,89.99882550417082
isolated,ffill,0.0,19,0.0,0.0,0,0,24,0.8837478311162522,179.09690038815052,0.01625216888374781,89.4281193996245
isolated,ffill,0.0,19,0.0,0.0,0,0,48,0.9020527859237537,180.37481308589946,0.002052785923753686,89.8818789254163
isolated,ffill,0.1,0,0.1,0.09988584474885845,175,175,6,0.9232970807097882,191.37490762937284,0.023297080709788198,95.61920887491583
isolated,ffill,0.1,0,0.1,0.09988584474885845,175,175,12,0.9115450890292935,179.5530055894725,0.01154508902929352,89.75345950589669
isolated,ffill,0.1,0,0.1,0.09988584474885845,175,175,24,0.8849045691150954,179.44694090627644,0.015095430884904615,89.480605760766
isolated,ffill,0.1,0,0.1,0.09988584474885845,175,175,48,0.9055718475073313,181.85159317732317,0.005571847507331307,90.88868015650395
isolated,ffill,0.1,1,0.1,0.09988584474885845,175,175,6,0.9175729822552948,187.60424259659416,0.0175729822552948,93.77165575813903
isolated,ffill,0.1,1,0.1,0.09988584474885845,175,175,12,0.9080987937966686,178.48977653887917,0.008098793796668557,89.2261027997636
isolated,ffill,0.1,1,0.1,0.09988584474885845,175,175,24,0.896471949103528,184.0956044088581,0.0035280508964720125,91.53476490455247
isolated,ffill,0.1,1,0.1,0.09988584474885845,175,175,48,0.9085043988269794,184.0512073629858,0.008504398826979398,91.98355731266447
isolated,ffill,0.1,2,0.1,0.09988584474885845,175,175,6,0.9089868345735547,183.96608073558355,0.008986834573554647,91.86963580182689
isolated,ffill,0.1,2,0.1,0.09988584474885845,175,175,12,0.9115450890292935,179.50179828094014,0.01154508902929352,89.6038438099165
isolated,ffill,0.1,2,0.1,0.09988584474885845,175,175,24,0.8785425101214575,177.50785031802673,0.02145748987854257,87.46339324409723
isolated,ffill,0.1,2,0.1,0.09988584474885845,175,175,48,0.9008797653958944,179.7716171982586,0.0008797653958944052,89.88073873241748
isolated,ffill,0.1,3,0.1,0.09988584474885845,175,175,6,0.9055523755008587,182.05095912416314,0.005552375500858631,90.82198324012829
isolated,ffill,0.1,3,0.1,0.09988584474885845,175,175,12,0.9075244112578977,178.2631516464042,0.007524411257897712,89.0835898687479
isolated,ffill,0.1,3,0.1,0.09988584474885845,175,175,24,0.8889531521110469,180.92551828971352,0.01104684788895316,90.14194054549884
isolated,ffill,0.1,3,0.1,0.09988584474885845,175,175,48,0.9008797653958944,179.74541937350523,0.0008797653958944052,89.82305524126194
isolated,ffill,0.1,4,0.1,0.09988584474885845,175,175,6,0.9089868345735547,183.96608073558355,0.008986834573554647,91.86543935620088
isolated,ffill,0.1,4,0.1,0.09988584474885845,175,175,12,0.9075244112578977,178.29671941984947,0.007524411257897712,89.13495543596197
isolated,ffill,0.1,4,0.1,0.09988584474885845,175,175,24,0.8849045691150954,179.44694090627644,0.015095430884904615,89.50643854405945
isolated,ffill,0.1,4,0.1,0.09988584474885845,175,175,48,0.898533724340176,179.16025509830848,0.0014662756598240456,89.48298803764484
isolated,ffill,0.1,5,0.1,0.09988584474885845,175,175,6,0.9061247853463079,182.71814381279972,0.006124785346307893,91.20314154268897
isolated,ffill,0.1,5,0.1,0.09988584474885845,175,175,12,0.9040781160252729,176.65760908123542,0.00407811602527286,88.20472073049294
isolated,ffill,0.1,5,0.1,0.09988584474885845,175,175,24,0.8756506651243493,174.50016568449087,0.02434933487565072,86.94065027559826
isolated,ffill,0.1,5,0.1,0.09988584474885845,175,175,48,0.8991202346041056,179.4249652864836,0.0008797653958944052,89.56221243083539
isolated,ffill,0.1,6,0.1,0.09988584474885845,175,175,6,0.9089868345735547,183.93007125203155,0.008986834573554647,91.82572841232907
isolated,ffill,0.1,6,0.1,0.09988584474885845,175,175,12,0.9080987937966686,178.3811618730917,0.008098793796668557,89.15258183258685
isolated,ffill,0.1,6,0.1,0.09988584474885845,175,175,24,0.8820127241179873,178.5422232747611,0.017987275882012765,89.24579627912519
isolated,ffill,0.1,6,0.1,0.09988584474885845,175,175,48,0.9085043988269794,183.7930326208272,0.008504398826979398,91.72871513032158
isolated,ffill,0.1,7,0.1,0.09988584474885845,175,175,6,0.9061247853463079,182.83925261082362,0.006124785346307893,91.32457412529966
isolated,ffill,0.1,7,0.1,0.09988584474885845,175,175,12,0.9017805858701895,175.99531266989408,0.0017805858701894772,87.97822155818993
isolated,ffill,0.1,7,0.1,0.09988584474885845,175,175,24,0.8727588201272412,173.02305686763188,0.02724117987275887,86.42937395145289
isolated,ffill,0.1,7,0.1,0.09988584474885845,175,175,48,0.8991202346041056,179.4249652864836,0.0008797653958944052,89.49595631971077
isolated,ffill,0.1,8,0.1,0.09988584474885845,175,175,6,0.9089868345735547,183.96608073558355,0.008986834573554647,91.86543935620088
isolated,ffill,0.1,8,0.1,0.09988584474885845,175,175,12,0.9190120620333142,183.57322626941584,0.01901206203331418,91.74355202075269
isolated,ffill,0.1,8,0.1,0.09988584474885845,175,175,24,0.8889531521110469,180.9079385148941,0.01104684788895316,90.22629991912517
isolated,ffill,0.1,8,0.1,0.09988584474885845,175,175,48,0.9073313782991203,182.8578140728675,0.007331378299120228,90.88868015650395
isolated,ffill,0.1,9,0.1,0.09988584474885845,175,175,6,0.9141385231825987,186.24993295339317,0.014138523182598672,92.8122964726139
isolated,ffill,0.1,9,0.1,0.09988584474885845,175,175,12,0.9075244112578977,178.1565161920615,0.007524411257897712,89.00595007439532
isolated,ffill,0.1,9,0.1,0.09988584474885845,175,175,24,0.896471949103528,184.0956044088581,0.0035280508964720125,91.67533107086533
isolated,ffill,0.1,9,0.1,0.09988584474885845,175,175,48,0.9020527859237537,181.0608802429881,0.002052785923753686,90.23457168327396
isolated,ffill,0.1,10,0.1,0.09988584474885845,175,175,6,0.9158557527189468,186.72774994256378,0.01585575271894679,92.86411217485605
isolated,ffill,0.1,10,0.1,0.09988584474885845,175,175,12,0.9075244112578977,178.2631516464042,0.007524411257897712,89.0835898687479
isolated,ffill,0.1,10,0.1,0.09988584474885845,175,175,24,0.8849045691150954,179.44694090627644,0.015095430884904615,89.50277492248809
isolated,ffill,0.1,10,0.1,0.09988584474885845,175,175,48,0.8956011730205279,178.46258830819113,0.004398826979472137,89.06432847513322
isolated,ffill,0.1,11,0.1,0.09988584474885845,175,175,6,0.9221522610188895,190.8851268268414,0.022152261018889452,94.70760074603407
isolated,ffill,0.1,11,0.1,0.09988584474885845,175,175,12,0.9121194715680643,179.97571629590658,0.012119471568064255,89.98696262548903
isolated,ffill,0.1,11,0.1,0.09988584474885845,175,175,24,0.8877964141122036,180.2559966709954,0.012203585887796464,89.60095627179413
isolated,ffill,0.1,11,0.1,0.09988584474885845,175,175,48,0.9020527859237537,181.0608802429881,0.002052785923753686,90.23457168327396
isolated,ffill,0.1,12,0.1,0.09988584474885845,175,175,6,0.9158557527189468,186.72774994256378,0.01585575271894679,92.86411217485605
isolated,ffill,0.1,12,0.1,0.09988584474885845,175,175,12,0.9161401493394601,181.7204715076699,0.016140149339460064,90.70657178617505
isolated,ffill,0.1,12,0.1,0.09988584474885845,175,175,24,0.896471949103528,184.34795079272843,0.0035280508964720125,92.04910673690986
isolated,ffill,0.1,12,0.1,0.09988584474885845,175,175,48,0.8956011730205279,178.46258830819113,0.004398826979472137,89.12949660828389
isolated,ffill,0.1,13,0.1,0.09988584474885845,175,175,6,0.9061247853463079,182.71814381279972,0.006124785346307893,91.20314154268897
isolated,ffill,0.1,13,0.1,0.09988584474885845,175,175,12,0.9075244112578977,178.1565161920615,0.007524411257897712,89.00595007439532
isolated,ffill,0.1,13,0.1,0.09988584474885845,175,175,24,0.8901098901098901,181.28058880608992,0.009890109890109966,90.55412121944765
isolated,ffill,0.1,13,0.1,0.09988584474885845,175,175,48,0.9073313782991203,182.8578140728675,0.007331378299120228,91.10400782734702
isolated,ffill,0.1,14,0.1,0.09988584474885845,175,175,6,0.9089868345735547,183.96608073558355,0.008986834573554647,91.86543935620088
isolated,ffill,0.1,14,0.1,0.09988584474885845,175,175,12,0.913268236645606,181.0540952658511,0.013268236645605946,90.14854300458664
isolated,ffill,0.1,14,0.1,0.09988584474885845,175,175,24,0.8901098901098901,181.7852767605188,0.009890109890109966,90.49690725486701
isolated,ffill,0.1,14,0.1,0.09988584474885845,175,175,48,0.9020527859237537,180.55952175594177,0.002052785923753686,89.96410593093329
isolated,ffill,0.1,15,0.1,0.09988584474885845,175,175,6,0.9124212936462507,185.6072106866331,0.012421293646250664,92.70711654543874
isolated,ffill,0.1,15,0.1,0.09988584474885845,175,175,12,0.9190120620333142,183.64644635031755,0.01901206203331418,91.74721302479777
isolated,ffill,0.1,15,0.1,0.09988584474885845,175,175,24,0.896471949103528,184.0956044088581,0.0035280508964720125,91.53476490455247
isolated,ffill,0.1,15,0.1,0.09988584474885845,175,175,48,0.9085043988269794,184.0512073629858,0.008504398826979398,91.98355731266447
isolated,ffill,0.1,16,0.1,0.09988584474885845,175,175,6,0.9107040641099027,184.51546580978544,0.010704064109902656,91.92361901441826
isolated,ffill,0.1,16,0.1,0.09988584474885845,175,175,12,0.9190120620333142,182.82596175917786,0.01901206203331418,91.34746981603594
isolated,ffill,0.1,16,0.1,0.09988584474885845,175,175,24,0.8987854251012146,184.9112711700171,0.0012145748987854033,92.27873467545209
isolated,ffill,0.1,16,0.1,0.09988584474885845,175,175,48,0.9073313782991203,183.50807212894745,0.007331378299120228,91.6218642775109
isolated,ffill,0.1,17,0.1,0.09988584474885845,175,175,6,0.9187178019461935,188.14689263361885,0.018717801946193435,93.81265322545863
isolated,ffill,0.1,17,0.1,0.09988584474885845,175,175,12,0.913268236645606,180.97226262544154,0.013268236645605946,90.44162486917219
isolated,ffill,0.1,17,0.1,0.09988584474885845,175,175,24,0.8843262001156738,179.33028815894653,0.015673799884326267,89.4842713216931
isolated,ffill,0.1,17,0.1,0.09988584474885845,175,175,48,0.9020527859237537,180.37481308589946,0.002052785923753686,89.88440033952696
isolated,ffill,0.1,18,0.1,0.09988584474885845,175,175,6,0.9072696050372067,183.1411418182683,0.007269605037206639,91.4916648526035
isolated,ffill,0.1,18,0.1,0.09988584474885845,175,175,12,0.9190120620333142,182.82596175917786,0.01901206203331418,91.34746981603594
isolated,ffill,0.1,18,0.1,0.09988584474885845,175,175,24,0.891844997108155,182.13248438925825,0.008155002891845009,91.0002725236508
isolated,ffill,0.1,18,0.1,0.09988584474885845,175,175,48,0.898533724340176,179.16025509830848,0.0014662756598240456,89.43367558789265
isolated,ffill,0.1,19,0.1,0.09988584474885845,175,175,6,0.9061247853463079,182.44323765593177,0.006124785346307893,90.92859318452642
isolated,ffill,0.1,19,0.1,0.09988584474885845,175,175,12,0.9121194715680643,179.973726245986,0.012119471568064255,89.79753882756195
isolated,ffill,0.1,19,0.1,0.09988584474885845,175,175,24,0.8820127241179873,178.556252956185,0.017987275882012765,89.27325341867774
isolated,ffill,0.1,19,0.1,0.09988584474885845,175,175,48,0.898533724340176,179.04082097618277,0.0014662756598240456,89.2043022553857
isolated,ffill,0.2,0,0.2,0.1997716894977169,350,350,6,0.9244419004006869,192.19306524290673,0.024441900400686833,95.80291584537133
isolated,ffill,0.2,0,0.2,0.1997716894977169,350,350,12,0.9190120620333142,183.99861416445947,0.01901206203331418,91.8408315658659
isolated,ffill,0.2,0,0.2,0.1997716894977169,350,350,24,0.8883747831116252,180.34894473766974,0.011625216888374812,89.79060095689503
isolated,ffill,0.2,0,0.2,0.1997716894977169,350,350,48,0.9102639296187683,184.9088673880935,0.01026392961876832,92.30079969951932
isolated,ffill,0.2,1,0.2,0.1997716894977169,350,350,6,0.9118488838008014,185.05981135015253,0.011848883800801402,92.32903125189782
isolated,ffill,0.2,1,0.2,0.1997716894977169,350,350,12,0.9190120620333142,182.38145192971496,0.01901206203331418,91.18838547249828
isolated,ffill,0.2,1,0.2,0.1997716894977169,350,350,24,0.8866396761133604,179.7314528867906,0.013360323886639658,89.55528100020697
isolated,ffill,0.2,1,0.2,0.1997716894977169,350,350,48,0.9085043988269794,183.80829220902405,0.008504398826979398,91.72871513032158
isolated,ffill,0.2,2,0.2,0.1997716894977169,350,350,6,0.9055523755008587,182.23241348235695,0.005552375500858631,90.9023044632765
isolated,ffill,0.2,2,0.2,0.1997716894977169,350,350,12,0.9115450890292935,179.50179828094014,0.01154508902929352,89.6038438099165
isolated,ffill,0.2,2,0.2,0.1997716894977169,350,350,24,0.8756506651243493,174.57885379797028,0.02434933487565072,86.72993716450611
isolated,ffill,0.2,2,0.2,0.1997716894977169,350,350,48,0.898533724340176,179.16025509830848,0.0014662756598240456,89.12949660828389
isolated,ffill,0.2,3,0.2,0.1997716894977169,350,350,6,0.9061247853463079,182.71814381279972,0.006124785346307893,91.07084315163002
isolated,ffill,0.2,3,0.2,0.1997716894977169,350,350,12,0.9080987937966686,178.48977653887917,0.008098793796668557,89.19601166983524
isolated,ffill,0.2,3,0.2,0.1997716894977169,350,350,24,0.8889531521110469,180.92551828971352,0.01104684788895316,90.14194054549884
isolated,ffill,0.2,3,0.2,0.1997716894977169,350,350,48,0.9085043988269794,183.80829220902405,0.008504398826979398,91.70798027770772
isolated,ffill,0.2,4,0.2,0.1997716894977169,350,350,6,0.9084144247281053,183.76659967898732,0.008414424728105274,91.82572841232907
isolated,ffill,0.2,4,0.2,0.1997716894977169,350,350,12,0.9040781160252729,176.65760908123542,0.00407811602527286,88.20472073049294
isolated,ffill,0.2,4,0.2,0.1997716894977169,350,350,24,0.8808559861191441,178.25955244314918,0.01914401388085596,88.67825515667249
isolated,ffill,0.2,4,0.2,0.1997716894977169,350,350,48,0.8885630498533724,175.13105350694082,0.0114369501466276,87.26874762381806
isolated,ffill,0.2,5,0.2,0.1997716894977169,350,350,6,0.9066971951917573,182.98023532065156,0.006697195191757266,91.38934910590584
isolated,ffill,0.2,5,0.2,0.1997716894977169,350,350,12,0.9075244112578977,178.1565161920615,0.007524411257897712,89.00595007439532
isolated,ffill,0.2,5,0.2,0.1997716894977169,350,350,24,0.8727588201272412,173.02305686763188,0.02724117987275887,86.17146119335204
isolated,ffill,0.2,5,0.2,0.1997716894977169,350,350,48,0.9020527859237537,180.97327154950383,0.002052785923753686,90.25478531484148
isolated,ffill,0.2,6,0.2,0.1997716894977169,350,350,6,0.9066971951917573,183.03751826244587,0.006697195191757266,91.41182124019197
isolated,ffill,0.2,6,0.2,0.1997716894977169,350,350,12,0.9115450890292935,179.50179828094014,0.01154508902929352,89.6038438099165
isolated,ffill,0.2,6,0.2,0.1997716894977169,350,350,24,0.8785425101214575,177.50785031802673,0.02145748987854257,88.5674758214263
isolated,ffill,0.2,6,0.2,0.1997716894977169,350,350,48,0.898533724340176,179.04082097618277,0.0014662756598240456,89.3989159416891
isolated,ffill,0.2,7,0.2,0.1997716894977169,350,350,6,0.911276473955352,184.67515221824493,0.011276473955352029,92.18111907199417
isolated,ffill,0.2,7,0.2,0.1997716894977169,350,350,12,0.9017805858701895,175.99531266989408,0.0017805858701894772,87.97822155818993
isolated,ffill,0.2,7,0.2,0.1997716894977169,350,350,24,0.8820127241179873,178.54348351926018,0.017987275882012765,89.2333171750822
isolated,ffill,0.2,7,0.2,0.1997716894977169,350,350,48,0.8944281524926686,177.9532952078951,0.005571847507331418,88.9170303178158
isolated,ffill,0.2,8,0.2,0.1997716894977169,350,350,6,0.9084144247281053,183.69515774581623,0.008414424728105274,91.81444894260818
isolated,ffill,0.2,8,0.2,0.1997716894977169,350,350,12,0.919586444572085,184.579154559921,0.019586444572085027,92.22581885930641
isolated,ffill,0.2,8,0.2,0.1997716894977169,350,350,24,0.8958935801041065,183.81893019914014,0.004106419895893554,91.8706803401779
isolated,ffill,0.2,8,0.2,0.1997716894977169,350,350,48,0.9085043988269794,184.0512073629858,0.008504398826979398,91.88923931637845
isolated,ffill,0.2,9,0.2,0.1997716894977169,350,350,6,0.9187178019461935,188.00336859537356,0.018717801946193435,93.81265322545863
isolated,ffill,0.2,9,0.2,0.1997716894977169,350,350,12,0.9190120620333142,182.82596175917786,0.01901206203331418,91.24588424652475
isolated,ffill,0.2,9,0.2,0.1997716894977169,350,350,24,0.9045691150954309,187.02132972493587,0.004569115095430898,93.38476444919033
isolated,ffill,0.2,9,0.2,0.1997716894977169,350,350,48,0.9085043988269794,184.0512073629858,0.008504398826979398,91.98355731266447
isolated,ffill,0.2,10,0.2,0.1997716894977169,350,350,6,0.9118488838008014,185.17331519719016,0.011848883800801402,92.43374089209937
isolated,ffill,0.2,10,0.2,0.1997716894977169,350,350,12,0.9075244112578977,178.26693214437665,0.007524411257897712,89.13176484810072
isolated,ffill,0.2,10,0.2,0.1997716894977169,350,350,24,0.891844997108155,182.13248438925825,0.008155002891845009,90.92360228273155
isolated,ffill,0.2,10,0.2,0.1997716894977169,350,350,48,0.8991202346041056,179.4249652864836,0.0008797653958944052,89.63690779942985
isolated,ffill,0.2,11,0.2,0.1997716894977169,350,350,6,0.9164281625643961,187.28261890958387,0.016428162564396054,93.34375970233071
isolated,ffill,0.2,11,0.2,0.1997716894977169,350,350,12,0.9190120620333142,182.51505225848223,0.01901206203331418,91.19740598129584
isolated,ffill,0.2,11,0.2,0.1997716894977169,350,350,24,0.8883747831116252,180.34894473766974,0.011625216888374812,89.72231463650196
isolated,ffill,0.2,11,0.2,0.1997716894977169,350,350,48,0.9090909090909091,184.324686355934,0.009090909090909038,91.97064607385965
isolated,ffill,0.2,12,0.2,0.1997716894977169,350,350,6,0.9124212936462507,185.50662100011374,0.012421293646250664,92.46211685385877
isolated,ffill,0.2,12,0.2,0.1997716894977169,350,350,12,0.9075244112578977,178.2631516464042,0.007524411257897712,88.55568274302153
isolated,ffill,0.2,12,0.2,0.1997716894977169,350,350,24,0.9045691150954309,186.89939969330783,0.004569115095430898,93.14678718913649
isolated,ffill,0.2,12,0.2,0.1997716894977169,350,350,48,0.8991202346041056,179.4249652864836,0.0008797653958944052,89.5652768204087
isolated,ffill,0.2,13,0.2,0.1997716894977169,350,350,6,0.9124212936462507,185.7138838090823,0.012421293646250664,92.55828163683567
isolated,ffill,0.2,13,0.2,0.1997716894977169,350,350,12,0.9080987937966686,178.3811618730917,0.008098793796668557,89.15258183258685
isolated,ffill,0.2,13,0.2,0.1997716894977169,350,350,24,0.8930017351069983,182.77328053790004,0.006998264893001704,90.81209158217663
isolated,ffill,0.2,13,0.2,0.1997716894977169,350,350,48,0.9085043988269794,183.8943671343895,0.008504398826979398,91.9018571662825
isolated,ffill,0.2,14,0.2,0.1997716894977169,350,350,6,0.9158557527189468,187.14484142415085,0.01585575271894679,93.36061783980738
isolated,ffill,0.2,14,0.2,0.1997716894977169,350,350,12,0.9115450890292935,179.50179828094014,0.01154508902929352,89.6038438099165
isolated,ffill,0.2,14,0.2,0.1997716894977169,350,350,24,0.8941584731058415,183.1974673735252,0.005841526894158511,91.11025503628558
isolated,ffill,0.2,14,0.2,0.1997716894977169,350,350,48,0.9073313782991203,183.32819496087217,0.007331378299120228,91.48595493908796
isolated,ffill,0.2,15,0.2,0.1997716894977169,350,350,6,0.9107040641099027,184.55763013641268,0.010704064109902656,92.12038663634225
isolated,ffill,0.2,15,0.2,0.1997716894977169,350,350,12,0.9190120620333142,183.47753490507085,0.01901206203331418,91.38004847333063
isolated,ffill,0.2,15,0.2,0.1997716894977169,350,350,24,0.891844997108155,182.4259033336346,0.008155002891845009,91.01696863033867
isolated,ffill,0.2,15,0.2,0.1997716894977169,350,350,48,0.9073313782991203,183.3392659012664,0.007331378299120228,91.31405622448573
isolated,ffill,0.2,16,0.2,0.1997716894977169,350,350,6,0.9221522610188895,190.77532088233346,0.022152261018889452,95.34498244179517
isolated,ffill,0.2,16,0.2,0.1997716894977169,350,350,12,0.919586444572085,184.579154559921,0.019586444572085027,91.97103463521678
isolated,ffill,0.2,16,0.2,0.1997716894977169,350,350,24,0.9045691150954309,186.89939969330783,0.004569115095430898,93.34814768831639
isolated,ffill,0.2,16,0.2,0.1997716894977169,350,350,48,0.910850439882698,185.18013348122557,0.01085043988269796,92.37370898930777
isolated,ffill,0.2,17,0.2,0.1997716894977169,350,350,6,0.9221522610188895,190.68996488359033,0.022152261018889452,94.18766064506859
isolated,ffill,0.2,17,0.2,0.1997716894977169,350,350,12,0.9190120620333142,182.38145192971496,0.01901206203331418,91.18838547249828
isolated,ffill,0.2,17,0.2,0.1997716894977169,350,350,24,0.8941584731058415,183.02844185305307,0.005841526894158511,91.16574699956365
isolated,ffill,0.2,17,0.2,0.1997716894977169,350,350,48,0.9102639296187683,184.9088673880935,0.01026392961876832,92.38277243571184
isolated,ffill,0.2,18,0.2,0.1997716894977169,350,350,6,0.9158557527189468,186.72774994256378,0.01585575271894679,93.11040843791152
isolated,ffill,0.2,18,0.2,0.1997716894977169,350,350,12,0.9190120620333142,182.87941343116185,0.01901206203331418,91.41565346318814
isolated,ffill,0.2,18,0.2,0.1997716894977169,350,350,24,0.8930017351069983,182.79584975548852,0.006998264893001704,91.2650582474571
isolated,ffill,0.2,18,0.2,0.1997716894977169,350,350,48,0.906158357771261,182.20566144412345,0.006158357771260947,90.85844264653907
isolated,ffill,0.2,19,0.2,0.1997716894977169,350,350,6,0.9026903262736119,180.01902338182524,0.002690326273611876,89.7998034950283
isolated,ffill,0.2,19,0.2,0.1997716894977169,350,350,12,0.9115450890292935,179.7071453809841,0.01154508902929352,89.61411116491871
isolated,ffill,0.2,19,0.2,0.1997716894977169,350,350,24,0.8825910931174089,178.6660971104873,0.017408906882591113,89.27593917712997
isolated,ffill,0.2,19,0.2,0.1997716894977169,350,350,48,0.898533724340176,179.16025509830848,0.0014662756598240456,89.5055134968613
isolated,ffill,0.3,0,0.3,0.2996575342465753,525,525,6,0.909559244419004,184.22510837816793,0.00955924441900402,91.91662136762585
isolated,ffill,0.3,0,0.3,0.2996575342465753,525,525,12,0.9190120620333142,183.64644635031755,0.01901206203331418,91.81798962421979
isolated,ffill,0.3,0,0.3,0.2996575342465753,525,525,24,0.8860613071139387,179.6556291493049,0.01393869288606131,89.68155326708872
isolated,ffill,0.3,0,0.3,0.2996575342465753,525,525,48,0.9073313782991203,183.02381941079022,0.007331378299120228,91.48595493908796
isolated,ffill,0.3,1,0.3,0.2996575342465753,525,525,6,0.9158557527189468,186.72774994256378,0.01585575271894679,93.31596510388087
isolated,ffill,0.3,1,0.3,0.2996575342465753,525,525,12,0.913268236645606,180.97226262544154,0.013268236645605946,90.36671093269723
isolated,ffill,0.3,1,0.3,0.2996575342465753,525,525,24,0.891844997108155,182.35091178766282,0.008155002891845009,91.06004872211813
isolated,ffill,0.3,1,0.3,0.2996575342465753,525,525,48,0.918475073313783,187.66513568622946,0.018475073313782953,93.61895355663307
isolated,ffill,0.3,2,0.3,0.2996575342465753,525,525,6,0.9026903262736119,180.11027253039327,0.002690326273611876,89.90293161426803
isolated,ffill,0.3,2,0.3,0.2996575342465753,525,525,12,0.919586444572085,184.72632791311494,0.019586444572085027,92.35144700493301
isolated,ffill,0.3,2,0.3,0.2996575342465753,525,525,24,0.8825910931174089,178.6660971104873,0.017408906882591113,88.99488596747241
isolated,ffill,0.3,2,0.3,0.2996575342465753,525,525,48,0.9073313782991203,182.74579244337284,0.007331378299120228,90.92090856065485
isolated,ffill,0.3,3,0.3,0.2996575342465753,525,525,6,0.9158557527189468,187.14484142415085,0.01585575271894679,92.84240745045417
isolated,ffill,0.3,3,0.3,0.2996575342465753,525,525,12,0.9080987937966686,178.48977653887917,0.008098793796668557,89.19601166983524
isolated,ffill,0.3,3,0.3,0.2996575342465753,525,525,24,0.8976286871023713,184.76138434694246,0.002371312897628708,92.27651869032188
isolated,ffill,0.3,3,0.3,0.2996575342465753,525,525,48,0.9137829912023461,186.7112532740312,0.013782991202346051,93.33060174067117
isolated,ffill,0.3,4,0.3,0.2996575342465753,525,525,6,0.9107040641099027,184.55763013641268,0.010704064109902656,91.96503562601578
isolated,ffill,0.3,4,0.3,0.2996575342465753,525,525,12,0.9190120620333142,182.4546359079241,0.01901206203331418,91.15838248822944
isolated,ffill,0.3,4,0.3,0.2996575342465753,525,525,24,0.8889531521110469,180.99064453667813,0.01104684788895316,90.32592430824518
isolated,ffill,0.3,4,0.3,0.2996575342465753,525,525,48,0.8944281524926686,177.88448324478384,0.005571847507331418,88.80473797248271
isolated,ffill,0.3,5,0.3,0.2996575342465753,525,525,6,0.9061247853463079,182.58015268839893,0.006124785346307893,91.16891278457217
isolated,ffill,0.3,5,0.3,0.2996575342465753,525,525,12,0.9017805858701895,175.99531266989408,0.0017805858701894772,87.99765633494704
isolated,ffill,0.3,5,0.3,0.2996575342465753,525,525,24,0.8675534991324465,170.53003161974289,0.03244650086755352,85.08800115030003
isolated,ffill,0.3,5,0.3,0.2996575342465753,525,525,48,0.9043988269794722,181.6198401354352,0.004398826979472137,90.42457330571762
isolated,ffill,0.3,6,0.3,0.2996575342465753,525,525,6,0.9015455065827133,179.40342591973197,0.0015455065827132408,89.5777836876365
isolated,ffill,0.3,6,0.3,0.2996575342465753,525,525,12,0.9190120620333142,182.5348198807602,0.01901206203331418,91.2674099403801
isolated,ffill,0.3,6,0.3,0.2996575342465753,525,525,24,0.8768074031231926,175.98763423267326,0.023192596876807414,87.35156083818157
isolated,ffill,0.3,6,0.3,0.2996575342465753,525,525,48,0.8944281524926686,177.69410043155034,0.005571847507331418,88.78825077290423
isolated,ffill,0.3,7,0.3,0.2996575342465753,525,525,6,0.9049799656554093,181.19455193174804,0.0049799656554092575,90.42709756751233
isolated,ffill,0.3,7,0.3,0.2996575342465753,525,525,12,0.9012062033314188,175.73155056480158,0.0012062033314187426,87.75940099346371
isolated,ffill,0.3,7,0.3,0.2996575342465753,525,525,24,0.8773857721226143,176.26549886823852,0.022614227877385762,86.9952343412359
isolated,ffill,0.3,7,0.3,0.2996575342465753,525,525,48,0.9085043988269794,183.7930326208272,0.008504398826979398,91.63702421167022
isolated,ffill,0.3,8,0.3,0.2996575342465753,525,525,6,0.9072696050372067,183.36834846739072,0.007269605037206639,91.4548719828688
isolated,ffill,0.3,8,0.3,0.2996575342465753,525,525,12,0.9224583572659392,187.81972825999952,0.022458357265939144,93.7275484752493
isolated,ffill,0.3,8,0.3,0.2996575342465753,525,525,24,0.9063042220936958,187.69809062740728,0.006304222093695744,93.63229762428355
isolated,ffill,0.3,8,0.3,0.2996575342465753,525,525,48,0.9161290322580645,187.15961667691087,0.016129032258064502,93.5125538280235
isolated,ffill,0.3,9,0.3,0.2996575342465753,525,525,6,0.9124212936462507,185.74256489034187,0.012421293646250664,92.75267787452546
isolated,ffill,0.3,9,0.3,0.2996575342465753,525,525,12,0.9121194715680643,180.13004730156274,0.012119471568064255,89.99467917577185
isolated,ffill,0.3,9,0.3,0.2996575342465753,525,525,24,0.9034123770965876,186.04989095388666,0.0034123770965875933,92.66448183922812
isolated,ffill,0.3,9,0.3,0.2996575342465753,525,525,48,0.9114369501466275,185.65804977801864,0.01143695014662749,92.40695317114006
isolated,ffill,0.3,10,0.3,0.2996575342465753,525,525,6,0.9084144247281053,183.69515774581623,0.008414424728105274,91.77399156317801
isolated,ffill,0.3,10,0.3,0.2996575342465753,525,525,12,0.9006318207926479,175.36360968943336,0.0006318207926478969,87.51876406237498
isolated,ffill,0.3,10,0.3,0.2996575342465753,525,525,24,0.8860613071139387,179.6556291493049,0.01393869288606131,89.55528100020697
isolated,ffill,0.3,10,0.3,0.2996575342465753,525,525,48,0.9008797653958944,179.76835950397628,0.0008797653958944052,89.8608830424714
isolated,ffill,0.3,11,0.3,0.2996575342465753,525,525,6,0.9147109330280481,186.59202909678405,0.014710933028048045,92.88146848370167
isolated,ffill,0.3,11,0.3,0.2996575342465753,525,525,12,0.9190120620333142,182.38145192971496,0.01901206203331418,91.18838547249828
isolated,ffill,0.3,11,0.3,0.2996575342465753,525,525,24,0.8825910931174089,178.70159213969728,0.017408906882591113,89.26658622578712
isolated,ffill,0.3,11,0.3,0.2996575342465753,525,525,48,0.910850439882698,185.28756793204462,0.01085043988269796,92.38277243571184
isolated,ffill,0.3,12,0.3,0.2996575342465753,525,525,6,0.9032627361190613,180.37403215901062,0.003262736119061249,90.09539355251636
isolated,ffill,0.3,12,0.3,0.2996575342465753,525,525,12,0.9006318207926479,175.49516325605248,0.0006318207926478969,87.73565631362469
isolated,ffill,0.3,12,0.3,0.2996575342465753,525,525,24,0.8889531521110469,181.15317235644858,0.01104684788895316,90.5540776033961
isolated,ffill,0.3,12,0.3,0.2996575342465753,525,525,48,0.8932551319648094,176.7737891007388,0.006744868035190588,88.33655361020685
isolated,ffill,0.3,13,0.3,0.2996575342465753,525,525,6,0.9204350314825415,189.10617966627802,0.020435031482541444,94.04772050968782
isolated,ffill,0.3,13,0.3,0.2996575342465753,525,525,12,0.9213095921883975,187.31190898971843,0.021309592188397453,93.60739537957609
isolated,ffill,0.3,13,0.3,0.2996575342465753,525,525,24,0.8999421631000578,185.3013987428605,5.783689994220964e-05,92.57206608095515
isolated,ffill,0.3,13,0.3,0.2996575342465753,525,525,48,0.9202346041055719,188.42542496751378,0.020234604105571874,93.97380588958163
isolated,ffill,0.3,14,0.3,0.2996575342465753,525,525,6,0.9015455065827133,179.5927030752469,0.0015455065827132408,89.7205521220064
isolated,ffill,0.3,14,0.3,0.2996575342465753,525,525,12,0.9075244112578977,178.1565161920615,0.007524411257897712,88.53368172925003
isolated,ffill,0.3,14,0.3,0.2996575342465753,525,525,24,0.891844997108155,182.4259033336346,0.008155002891845009,90.79295877967341
isolated,ffill,0.3,14,0.3,0.2996575342465753,525,525,48,0.9026392961876832,181.32887123166083,0.0026392961876832155,90.66192959663698
isolated,ffill,0.3,15,0.3,0.2996575342465753,525,525,6,0.9055523755008587,182.05095912416314,0.005552375500858631,90.92859318452642
isolated,ffill,0.3,15,0.3,0.2996575342465753,525,525,12,0.9190120620333142,182.3014459840738,0.01901206203331418,91.08396719389982
isolated,ffill,0.3,15,0.3,0.2996575342465753,525,525,24,0.896471949103528,184.0956044088581,0.0035280508964720125,91.32314466856347
isolated,ffill,0.3,15,0.3,0.2996575342465753,525,525,48,0.9073313782991203,183.3392659012664,0.007331378299120228,91.46530519197846
isolated,ffill,0.3,16,0.3,0.2996575342465753,525,525,6,0.9164281625643961,187.28261890958387,0.016428162564396054,93.21468130830829
isolated,ffill,0.3,16,0.3,0.2996575342465753,525,525,12,0.9115450890292935,179.7071453809841,0.01154508902929352,89.51551881089776
isolated,ffill,0.3,16,0.3,0.2996575342465753,525,525,24,0.891844997108155,182.04327979657015,0.008155002891845009,90.63042337088523
isolated,ffill,0.3,16,0.3,0.2996575342465753,525,525,48,0.9085043988269794,184.0512073629858,0.008504398826979398,91.93898941994127
isolated,ffill,0.3,17,0.3,0.2996575342465753,525,525,6,0.9244419004006869,192.4852303579764,0.024441900400686833,95.96654813791406
isolated,ffill,0.3,17,0.3,0.2996575342465753,525,525,12,0.919586444572085,185.62961960388384,0.019586444572085027,92.0626213986015
isolated,ffill,0.3,17,0.3,0.2996575342465753,525,525,24,0.896471949103528,184.0956044088581,0.0035280508964720125,91.72835242591682
isolated,ffill,0.3,17,0.3,0.2996575342465753,525,525,48,0.918475073313783,187.7803037755384,0.018475073313782953,93.72208901258593
isolated,ffill,0.3,18,0.3,0.2996575342465753,525,525,6,0.9124212936462507,185.7138838090823,0.012421293646250664,92.30201493945249
isolated,ffill,0.3,18,0.3,0.2996575342465753,525,525,12,0.9190120620333142,182.87941343116185,0.01901206203331418,91.41565346318814
isolated,ffill,0.3,18,0.3,0.2996575342465753,525,525,24,0.891844997108155,182.4259033336346,0.008155002891845009,91.0002725236508
isolated,ffill,0.3,18,0.3,0.2996575342465753,525,525,48,0.910850439882698,185.19327744513757,0.01085043988269796,92.43024295429264
isolated,ffill,0.3,19,0.3,0.2996575342465753,525,525,6,0.8946765884373211,177.30271859100375,0.005323411562678904,88.3138537807053
isolated,ffill,0.3,19,0.3,0.2996575342465753,525,525,12,0.913268236645606,181.08428536760456,0.013268236645605946,90.52855713801323
isolated,ffill,0.3,19,0.3,0.2996575342465753,525,525,24,0.8849045691150954,179.44694090627644,0.015095430884904615,89.4610306443715
isolated,ffill,0.3,19,0.3,0.2996575342465753,525,525,48,0.9008797653958944,179.74088699511253,0.0008797653958944052,89.81521853149877
isolated,ffill,0.4,0,0.4,0.3995433789954338,700,700,6,0.9250143102461362,194.8605162643534,0.025014310246136207,96.4741242200671
isolated,ffill,0.4,0,0.4,0.3995433789954338,700,700,12,0.919586444572085,184.58711988121834,0.019586444572085027,92.24494953482598
isolated,ffill,0.4,0,0.4,0.3995433789954338,700,700,24,0.8999421631000578,185.07673219864597,5.783689994220964e-05,92.36631487866362
isolated,ffill,0.4,0,0.4,0.3995433789954338,700,700,48,0.906158357771261,181.99803031454525,0.006158357771260947,90.53569314741574
isolated,ffill,0.4,1,0.4,0.3995433789954338,700,700,6,0.9147109330280481,186.54913899885779,0.014710933028048045,93.20971599907989
isolated,ffill,0.4,1,0.4,0.3995433789954338,700,700,12,0.9190120620333142,184.21553065351063,0.01901206203331418,92.07613497927177
isolated,ffill,0.4,1,0.4,0.3995433789954338,700,700,24,0.8958935801041065,183.72548946137667,0.004106419895893554,91.5489712193158
isolated,ffill,0.4,1,0.4,0.3995433789954338,700,700,48,0.9149560117302052,186.98695554531884,0.014956011730205221,93.3476941870125
isolated,ffill,0.4,2,0.4,0.3995433789954338,700,700,6,0.9015455065827133,179.5927030752469,0.0015455065827132408,89.79300743320553
isolated,ffill,0.4,2,0.4,0.3995433789954338,700,700,12,0.919586444572085,184.579154559921,0.019586444572085027,91.97103463521678
isolated,ffill,0.4,2,0.4,0.3995433789954338,700,700,24,0.896471949103528,184.34795079272843,0.0035280508964720125,92.06992716855459
isolated,ffill,0.4,2,0.4,0.3995433789954338,700,700,48,0.9090909090909091,184.324686355934,0.009090909090909038,92.00098176385075
isolated,ffill,0.4,3,0.4,0.3995433789954338,700,700,6,0.9072696050372067,183.4008085068958,0.007269605037206639,91.4008716675753
isolated,ffill,0.4,3,0.4,0.3995433789954338,700,700,12,0.9069500287191269,178.13506846527073,0.006950028719126866,89.00487768805577
isolated,ffill,0.4,3,0.4,0.3995433789954338,700,700,24,0.8756506651243493,175.4902995722337,0.02434933487565072,87.71373328799483
isolated,ffill,0.4,3,0.4,0.3995433789954338,700,700,48,0.9085043988269794,184.17926441991375,0.008504398826979398,91.81305730573455
isolated,ffill,0.4,4,0.4,0.3995433789954338,700,700,6,0.9084144247281053,183.78338546149132,0.008414424728105274,91.86543935620088
isolated,ffill,0.4,4,0.4,0.3995433789954338,700,700,12,0.913268236645606,180.68413612622115,0.013268236645605946,89.83305932157376
isolated,ffill,0.4,4,0.4,0.3995433789954338,700,700,24,0.8831694621168306,178.94651894419513,0.01683053788316946,89.37098318908228
isolated,ffill,0.4,4,0.4,0.3995433789954338,700,700,48,0.9020527859237537,180.50957062968297,0.002052785923753686,89.87270968675261
isolated,ffill,0.4,5,0.4,0.3995433789954338,700,700,6,0.9072696050372067,183.2471094654504,0.007269605037206639,91.57057090913415
isolated,ffill,0.4,5,0.4,0.3995433789954338,700,700,12,0.9069500287191269,177.9958316995383,0.006950028719126866,88.99791584976914
isolated,ffill,0.4,5,0.4,0.3995433789954338,700,700,24,0.8710237131289763,172.10367790488255,0.028976286871023715,85.71147906417384
isolated,ffill,0.4,5,0.4,0.3995433789954338,700,700,48,0.898533724340176,179.16025509830848,0.0014662756598240456,89.3989159416891
isolated,ffill,0.4,6,0.4,0.3995433789954338,700,700,6,0.9072696050372067,183.08996355325638,0.007269605037206639,91.4916648526035
isolated,ffill,0.4,6,0.4,0.3995433789954338,700,700,12,0.9138426191843768,181.23449149797457,0.013842619184376792,90.4563838251609
isolated,ffill,0.4,6,0.4,0.3995433789954338,700,700,24,0.8831694621168306,178.94651894419513,0.01683053788316946,89.4567920915285
isolated,ffill,0.4,6,0.4,0.3995433789954338,700,700,48,0.8897360703812317,175.41284893532514,0.01026392961876832,87.69076128231023
isolated,ffill,0.4,7,0.4,0.3995433789954338,700,700,6,0.909559244419004,184.1050966638754,0.00955924441900402,91.91530962034994
isolated,ffill,0.4,7,0.4,0.3995433789954338,700,700,12,0.9115450890292935,179.50179828094014,0.01154508902929352,89.5346312620951
isolated,ffill,0.4,7,0.4,0.3995433789954338,700,700,24,0.8976286871023713,184.63765268616362,0.002371312897628708,92.14315532837406
isolated,ffill,0.4,7,0.4,0.3995433789954338,700,700,48,0.9149560117302052,186.97611529202499,0.014956011730205221,93.34358559505239
isolated,ffill,0.4,8,0.4,0.3995433789954338,700,700,6,0.9107040641099027,184.51546580978544,0.010704064109902656,91.9259831412863
isolated,ffill,0.4,8,0.4,0.3995433789954338,700,700,12,0.9224583572659392,187.81972825999952,0.022458357265939144,93.0575427644291
isolated,ffill,0.4,8,0.4,0.3995433789954338,700,700,24,0.9045691150954309,187.02132972493587,0.004569115095430898,93.15004627568872
isolated,ffill,0.4,8,0.4,0.3995433789954338,700,700,48,0.9131964809384164,186.66120348134234,0.01319648093841641,93.14559537764201
isolated,ffill,0.4,9,0.4,0.3995433789954338,700,700,6,0.9118488838008014,185.26814660775997,0.011848883800801402,92.2453625691527
isolated,ffill,0.4,9,0.4,0.3995433789954338,700,700,12,0.9190120620333142,182.5540851680425,0.01901206203331418,91.23229041696797
isolated,ffill,0.4,9,0.4,0.3995433789954338,700,700,24,0.8935801041064199,183.01693217041674,0.006419895893580163,91.14667213002477
isolated,ffill,0.4,9,0.4,0.3995433789954338,700,700,48,0.9079178885630499,183.52549603487984,0.007917888563049869,91.7495257774116
isolated,ffill,0.4,10,0.4,0.3995433789954338,700,700,6,0.8912421293646251,174.55890248677414,0.00875787063537492,86.84269509513565
isolated,ffill,0.4,10,0.4,0.3995433789954338,700,700,12,0.9109707064905227,179.17548651827832,0.010970706490522675,89.41675636286924
isolated,ffill,0.4,10,0.4,0.3995433789954338,700,700,24,0.8820127241179873,178.55000352486348,0.017987275882012765,89.2647748215946
isolated,ffill,0.4,10,0.4,0.3995433789954338,700,700,48,0.9026392961876832,181.31216443703795,0.0026392961876832155,90.56596872266731
isolated,ffill,0.4,11,0.4,0.3995433789954338,700,700,6,0.9084144247281053,183.76659967898732,0.008414424728105274,91.83724831677243
isolated,ffill,0.4,11,0.4,0.3995433789954338,700,700,12,0.919586444572085,185.92568078095331,0.019586444572085027,92.82961286079541
isolated,ffill,0.4,11,0.4,0.3995433789954338,700,700,24,0.8883747831116252,180.34894473766974,0.011625216888374812,90.09737061843464
isolated,ffill,0.4,11,0.4,0.3995433789954338,700,700,48,0.910850439882698,185.28756793204462,0.01085043988269796,92.56915912910912
isolated,ffill,0.4,12,0.4,0.3995433789954338,700,700,6,0.9089868345735547,183.9534629392232,0.008986834573554647,91.97088354781368
isolated,ffill,0.4,12,0.4,0.3995433789954338,700,700,12,0.9075244112578977,178.29671941984947,0.007524411257897712,88.90536273694995
isolated,ffill,0.4,12,0.4,0.3995433789954338,700,700,24,0.9074609600925391,188.68904771595763,0.0074609600925390485,93.82299849788272
isolated,ffill,0.4,12,0.4,0.3995433789954338,700,700,48,0.8909090909090909,175.4989069976155,0.00909090909090915,87.73250624465281
isolated,ffill,0.4,13,0.4,0.3995433789954338,700,700,6,0.9141385231825987,186.24993295339317,0.014138523182598672,92.89673629031088
isolated,ffill,0.4,13,0.4,0.3995433789954338,700,700,12,0.919586444572085,185.06101297549523,0.019586444572085027,92.37989820967651
isolated,ffill,0.4,13,0.4,0.3995433789954338,700,700,24,0.913823019086177,191.58277628480565,0.013823019086177002,95.6017195891385
isolated,ffill,0.4,13,0.4,0.3995433789954338,700,700,48,0.9214076246334311,189.53678951813902,0.021407624633431044,94.49815330502108
isolated,ffill,0.4,14,0.4,0.3995433789954338,700,700,6,0.8941041785918717,176.97309496161205,0.005895821408128277,88.46289385255416
isolated,ffill,0.4,14,0.4,0.3995433789954338,700,700,12,0.9000574382538771,174.86423128864678,5.743825387705126e-05,87.41054230869058
isolated,ffill,0.4,14,0.4,0.3995433789954338,700,700,24,0.8866396761133604,179.96553658508287,0.013360323886639658,89.72347045313822
isolated,ffill,0.4,14,0.4,0.3995433789954338,700,700,48,0.906158357771261,182.3501352594314,0.006158357771260947,91.08587873863101
isolated,ffill,0.4,15,0.4,0.3995433789954338,700,700,6,0.9055523755008587,182.05095912416314,0.005552375500858631,90.91886961768344
isolated,ffill,0.4,15,0.4,0.3995433789954338,700,700,12,0.9190120620333142,182.4546359079241,0.01901206203331418,91.19204467140875
isolated,ffill,0.4,15,0.4,0.3995433789954338,700,700,24,0.898207056101793,184.8206242363424,0.0017929438982070556,92.38069217347123
isolated,ffill,0.4,15,0.4,0.3995433789954338,700,700,48,0.910850439882698,185.19327744513757,0.01085043988269796,92.42532821024605
isolated,ffill,0.4,16,0.4,0.3995433789954338,700,700,6,0.9049799656554093,180.9880803799079,0.0049799656554092575,90.19220188109654
isolated,ffill,0.4,16,0.4,0.3995433789954338,700,700,12,0.9115450890292935,179.65301375789502,0.01154508902929352,89.20106892877673
isolated,ffill,0.4,16,0.4,0.3995433789954338,700,700,24,0.8999421631000578,185.21844506287312,5.783689994220964e-05,92.40317519693242
isolated,ffill,0.4,16,0.4,0.3995433789954338,700,700,48,0.9020527859237537,180.6497102319622,0.002052785923753686,90.30383417563921
isolated,ffill,0.4,17,0.4,0.3995433789954338,700,700,6,0.9244419004006869,193.39497926216325,0.024441900400686833,96.20763465492058
isolated,ffill,0.4,17,0.4,0.3995433789954338,700,700,12,0.925904652498564,190.1619390678295,0.025904652498563996,94.95020014140694
isolated,ffill,0.4,17,0.4,0.3995433789954338,700,700,24,0.8999421631000578,185.31503594325224,5.783689994220964e-05,92.21045884778509
isolated,ffill,0.4,17,0.4,0.3995433789954338,700,700,48,0.9137829912023461,186.7112532740312,0.013782991202346051,93.31716990479885
isolated,ffill,0.4,18,0.4,0.3995433789954338,700,700,6,0.907842014882656,183.61267906097936,0.007842014882656012,91.80633953048968
isolated,ffill,0.4,18,0.4,0.3995433789954338,700,700,12,0.9069500287191269,177.9958316995383,0.006950028719126866,88.71242490058172
isolated,ffill,0.4,18,0.4,0.3995433789954338,700,700,24,0.8756506651243493,175.4902995722337,0.02434933487565072,87.70225897425618
isolated,ffill,0.4,18,0.4,0.3995433789954338,700,700,48,0.9079178885630499,183.73265008197433,0.007917888563049869,91.84562338286601
isolated,ffill,0.4,19,0.4,0.3995433789954338,700,700,6,0.8849456210646823,172.00741511702688,0.015054378935317692,85.82590719886022
isolated,ffill,0.4,19,0.4,0.3995433789954338,700,700,12,0.9080987937966686,178.63381257857222,0.008098793796668557,89.25209007142425
isolated,ffill,0.4,19,0.4,0.3995433789954338,700,700,24,0.8849045691150954,179.44694090627644,0.015095430884904615,89.36859286118916
isolated,ffill,0.4,19,0.4,0.3995433789954338,700,700,48,0.9008797653958944,179.97001382300897,0.0008797653958944052,89.8811990686574
isolated,ffill,0.5,0,0.5,0.5,876,876,6,0.9158557527189468,187.0156832112571,0.01585575271894679,93.48154516066344
isolated,ffill,0.5,0,0.5,0.5,876,876,12,0.9230327398047099,188.47883489655172,0.02303273980470988,94.07957545513563
isolated,ffill,0.5,0,0.5,0.5,876,876,24,0.896471949103528,184.10430129206358,0.0035280508964720125,92.04780220442905
isolated,ffill,0.5,0,0.5,0.5,876,876,48,0.906158357771261,182.17175747726202,0.006158357771260947,90.89613527564654
isolated,ffill,0.5,1,0.5,0.5,876,876,6,0.9049799656554093,180.8021757559011,0.0049799656554092575,90.24000785194644
isolated,ffill,0.5,1,0.5,0.5,876,876,12,0.913268236645606,180.92232795467885,0.013268236645605946,90.29670273746203
isolated,ffill,0.5,1,0.5,0.5,876,876,24,0.8889531521110469,180.6944617396051,0.01104684788895316,90.22629991912517
isolated,ffill,0.5,1,0.5,0.5,876,876,48,0.9085043988269794,183.99829212144584,0.008504398826979398,91.93964370678424
isolated,ffill,0.5,2,0.5,0.5,876,876,6,0.9009730967372639,178.79551563767842,0.0009730967372638677,89.34708293421691
isolated,ffill,0.5,2,0.5,0.5,876,876,12,0.9190120620333142,182.3014459840738,0.01901206203331418,91.1507229920369
isolated,ffill,0.5,2,0.5,0.5,876,876,24,0.896471949103528,184.34795079272843,0.0035280508964720125,91.72052383217525
isolated,ffill,0.5,2,0.5,0.5,876,876,48,0.9131964809384164,186.66120348134234,0.01319648093841641,93.13154523860463
isolated,ffill,0.5,3,0.5,0.5,876,876,6,0.9084144247281053,183.67963846116592,0.008414424728105274,91.81047232837685
isolated,ffill,0.5,3,0.5,0.5,876,876,12,0.9121194715680643,179.973726245986,0.012119471568064255,89.986863122993
isolated,ffill,0.5,3,0.5,0.5,876,876,24,0.8976286871023713,184.72409124262708,0.002371312897628708,92.27651869032188
isolated,ffill,0.5,3,0.5,0.5,876,876,48,0.9085043988269794,183.80829220902405,0.008504398826979398,91.46937274639058
isolated,ffill,0.5,4,0.5,0.5,876,876,6,0.9055523755008587,182.03481119133943,0.005552375500858631,90.89479834723397
isolated,ffill,0.5,4,0.5,0.5,876,876,12,0.9017805858701895,175.99531266989408,0.0017805858701894772,87.97822155818993
isolated,ffill,0.5,4,0.5,0.5,876,876,24,0.9080393290919607,189.3975176202456,0.0080393290919607,94.5420871437517
isolated,ffill,0.5,4,0.5,0.5,876,876,48,0.9073313782991203,183.12187430817983,0.007331378299120228,91.36821622139988
isolated,ffill,0.5,5,0.5,0.5,876,876,6,0.9055523755008587,181.9831476113166,0.005552375500858631,90.2838125390211
isolated,ffill,0.5,5,0.5,0.5,876,876,12,0.9092475588742103,178.82565303839237,0.009247558874210249,89.34948156657457
isolated,ffill,0.5,5,0.5,0.5,876,876,24,0.8831694621168306,178.90305915012408,0.01683053788316946,89.29759321506455
isolated,ffill,0.5,5,0.5,0.5,876,876,48,0.8950146627565982,178.38734535717546,0.004985337243401777,88.97664760394755
isolated,ffill,0.5,6,0.5,0.5,876,876,6,0.9061247853463079,182.92914114796815,0.006124785346307893,91.09538935668556
isolated,ffill,0.5,6,0.5,0.5,876,876,12,0.9155657668006892,181.30459043754936,0.015565766800689218,90.62075069596604
isolated,ffill,0.5,6,0.5,0.5,876,876,24,0.8779641411220359,176.80999981797035,0.02203585887796411,87.39514353046833
isolated,ffill,0.5,6,0.5,0.5,876,876,48,0.9008797653958944,179.7716171982586,0.0008797653958944052,89.83211769697554
isolated,ffill,0.5,7,0.5,0.5,876,876,6,0.9181453921007441,187.80027708216068,0.018145392100744062,93.58347498260048
isolated,ffill,0.5,7,0.5,0.5,876,876,12,0.8960367604824814,172.08175553678495,0.003963239517518646,85.94767727089932
isolated,ffill,0.5,7,0.5,0.5,876,876,24,0.8941584731058415,183.0711220500698,0.005841526894158511,90.943147856642
isolated,ffill,0.5,7,0.5,0.5,876,876,48,0.9161290322580645,187.15961667691087,0.016129032258064502,93.44832834331343
isolated,ffill,0.5,8,0.5,0.5,876,876,6,0.9089868345735547,183.96608073558355,0.008986834573554647,91.84697292412358
isolated,ffill,0.5,8,0.5,0.5,876,876,12,0.9276278001148766,192.22369499259838,0.027627800114876533,95.79425956120758
isolated,ffill,0.5,8,0.5,0.5,876,876,24,0.8999421631000578,185.18932008268723,5.783689994220964e-05,92.47059120801144
isolated,ffill,0.5,8,0.5,0.5,876,876,48,0.9272727272727272,192.5922067873082,0.027272727272727226,95.42339564562181
isolated,ffill,0.5,9,0.5,0.5,876,876,6,0.9221522610188895,190.84670284918832,0.022152261018889452,94.94903613746709
isolated,ffill,0.5,9,0.5,0.5,876,876,12,0.9190120620333142,183.99861416445947,0.01901206203331418,91.8408315658659
isolated,ffill,0.5,9,0.5,0.5,876,876,24,0.8883747831116252,180.39587803069045,0.011625216888374812,90.18151236278797
isolated,ffill,0.5,9,0.5,0.5,876,876,48,0.9043988269794722,181.6829861812613,0.004398826979472137,90.598334174057
isolated,ffill,0.5,10,0.5,0.5,876,876,6,0.8883800801373783,172.93445104222175,0.011619919862621675,86.09106901046408
isolated,ffill,0.5,10,0.5,0.5,876,876,12,0.9109707064905227,179.17548651827832,0.010970706490522675,89.41675636286924
isolated,ffill,0.5,10,0.5,0.5,876,876,24,0.8756506651243493,174.48994477292229,0.02434933487565072,86.98538465294246
isolated,ffill,0.5,10,0.5,0.5,876,876,48,0.9008797653958944,179.76835950397628,0.0008797653958944052,89.88005887565858
isolated,ffill,0.5,11,0.5,0.5,876,876,6,0.9055523755008587,181.59959170200386,0.005552375500858631,90.72679588632815
isolated,ffill,0.5,11,0.5,0.5,876,876,12,0.9190120620333142,184.0416984066325,0.01901206203331418,91.47376771196174
isolated,ffill,0.5,11,0.5,0.5,876,876,24,0.8768074031231926,175.98763423267326,0.023192596876807414,87.2373071643982
isolated,ffill,0.5,11,0.5,0.5,876,876,48,0.906158357771261,182.25843919352133,0.006158357771260947,90.8776886563754
isolated,ffill,0.5,12,0.5,0.5,876,876,6,0.9015455065827133,179.38747365890123,0.0015455065827132408,89.65200023206381
isolated,ffill,0.5,12,0.5,0.5,876,876,12,0.9000574382538771,175.13372531322628,5.743825387705126e-05,87.42401700991957
isolated,ffill,0.5,12,0.5,0.5,876,876,24,0.8889531521110469,181.15288158277156,0.01104684788895316,90.54449337997195
isolated,ffill,0.5,12,0.5,0.5,876,876,48,0.8897360703812317,175.46882461512473,0.01026392961876832,87.7280587645305
isolated,ffill,0.5,13,0.5,0.5,876,876,6,0.9118488838008014,185.05981135015253,0.011848883800801402,92.508681759301
isolated,ffill,0.5,13,0.5,0.5,876,876,12,0.925904652498564,190.2173518499392,0.025904652498563996,95.08215341018959
isolated,ffill,0.5,13,0.5,0.5,876,876,24,0.9034123770965876,186.07981212130537,0.0034123770965875933,92.86689126645015
isolated,ffill,0.5,13,0.5,0.5,876,876,48,0.9208211143695014,189.00127967107554,0.020821114369501403,94.50063983553777
isolated,ffill,0.5,14,0.5,0.5,876,876,6,0.9015455065827133,179.5927030752469,0.0015455065827132408,89.71916865137263
isolated,ffill,0.5,14,0.5,0.5,876,876,12,0.9075244112578977,178.2631516464042,0.007524411257897712,89.12782152503844
isolated,ffill,0.5,14,0.5,0.5,876,876,24,0.898207056101793,184.82999073658706,0.0017929438982070556,92.33179212655132
isolated,ffill,0.5,14,0.5,0.5,876,876,48,0.898533724340176,178.94150770131546,0.0014662756598240456,89.2881288577817
isolated,ffill,0.5,15,0.5,0.5,876,876,6,0.8963938179736691,177.91061646206592,0.0036061820263308952,88.76031791897105
isolated,ffill,0.5,15,0.5,0.5,876,876,12,0.9190120620333142,182.68038161794897,0.01901206203331418,91.34019080897448
isolated,ffill,0.5,15,0.5,0.5,876,876,24,0.8785425101214575,177.85707981383337,0.02145748987854257,88.89281650284268
isolated,ffill,0.5,15,0.5,0.5,876,876,48,0.8944281524926686,177.8680548913468,0.005571847507331418,88.44553407504077
isolated,ffill,0.5,16,0.5,0.5,876,876,6,0.9049799656554093,181.26391967749868,0.0049799656554092575,90.34312103552524
isolated,ffill,0.5,16,0.5,0.5,876,876,12,0.9017805858701895,176.01931246616292,0.0017805858701894772,87.87746433579412
isolated,ffill,0.5,16,0.5,0.5,876,876,24,0.8785425101214575,177.63295999245372,0.02145748987854257,88.60192140454188
isolated,ffill,0.5,16,0.5,0.5,876,876,48,0.8926686217008798,176.0024476920557,0.007331378299120228,87.91927432157865
isolated,ffill,0.5,17,0.5,0.5,876,876,6,0.933028048082427,197.8359221762645,0.033028048082426986,98.80884904391357
isolated,ffill,0.5,17,0.5,0.5,876,876,12,0.925904652498564,190.1619390678295,0.025904652498563996,94.95020014140694
isolated,ffill,0.5,17,0.5,0.5,876,876,24,0.896471949103528,184.30031903357528,0.0035280508964720125,92.06992716855459
isolated,ffill,0.5,17,0.5,0.5,876,876,48,0.9131964809384164,186.3146483362208,0.01319648093841641,93.01820057690591
isolated,ffill,0.5,18,0.5,0.5,876,876,6,0.9158557527189468,186.72774994256378,0.01585575271894679,93.3192222353554
isolated,ffill,0.5,18,0.5,0.5,876,876,12,0.913268236645606,181.1414582525736,0.013268236645605946,90.5707291262868
isolated,ffill,0.5,18,0.5,0.5,876,876,24,0.8785425101214575,177.7975958107129,0.02145748987854257,88.84117536896574
isolated,ffill,0.5,18,0.5,0.5,876,876,48,0.9085043988269794,183.99829212144584,0.008504398826979398,91.86632504098716
isolated,ffill,0.5,19,0.5,0.5,876,876,6,0.8912421293646251,174.54457854829798,0.00875787063537492,86.90612310798784
isolated,ffill,0.5,19,0.5,0.5,876,876,12,0.9092475588742103,178.85634112184803,0.009247558874210249,89.41948724183425
isolated,ffill,0.5,19,0.5,0.5,876,876,24,0.891844997108155,182.35091178766282,0.008155002891845009,90.95954777570299
isolated,ffill,0.5,19,0.5,0.5,876,876,48,0.9085043988269794,183.7930326208272,0.008504398826979398,91.74412573474032
isolated,spline,0.0,0,0.0,0.0,0,0,6,0.9107040641099027,184.51546580978544,0.010704064109902656,91.93317010364271
isolated,spline,0.0,0,0.0,0.0,0,0,12,0.9126938541068351,180.21297386954228,0.0126938541068351,89.99882550417082
isolated,spline,0.0,0,0.0,0.0,0,0,24,0.8837478311162522,179.09690038815052,0.01625216888374781,89.4281193996245
isolated,spline,0.0,0,0.0,0.0,0,0,48,0.9020527859237537,180.37481308589946,0.002052785923753686,89.8818789254163
isolated,spline,0.0,1,0.0,0.0,0,0,6,0.9107040641099027,184.51546580978544,0.010704064109902656,91.93317010364271
isolated,spline,0.0,1,0.0,0.0,0,0,12,0.9126938541068351,180.21297386954228,0.0126938541068351,89.99882550417082
isolated,spline,0.0,1,0.0,0.0,0,0,24,0.8837478311162522,179.09690038815052,0.01625216888374781,89.4281193996245
isolated,spline,0.0,1,0.0,0.0,0,0,48,0.9020527859237537,180.37481308589946,0.002052785923753686,89.8818789254163
isolated,spline,0.0,2,0.0,0.0,0,0,6,0.9107040641099027,184.51546580978544,0.010704064109902656,91.93317010364271
isolated,spline,0.0,2,0.0,0.0,0,0,12,0.9126938541068351,180.21297386954228,0.0126938541068351,89.99882550417082
isolated,spline,0.0,2,0.0,0.0,0,0,24,0.8837478311162522,179.09690038815052,0.01625216888374781,89.4281193996245
isolated,spline,0.0,2,0.0,0.0,0,0,48,0.9020527859237537,180.37481308589946,0.002052785923753686,89.8818789254163
isolated,spline,0.0,3,0.0,0.0,0,0,6,0.9107040641099027,184.51546580978544,0.010704064109902656,91.93317010364271
isolated,spline,0.0,3,0.0,0.0,0,0,12,0.9126938541068351,180.21297386954228,0.0126938541068351,89.99882550417082
isolated,spline,0.0,3,0.0,0.0,0,0,24,0.8837478311162522,179.09690038815052,0.01625216888374781,89.4281193996245
isolated,spline,0.0,3,0.0,0.0,0,0,48,0.9020527859237537,180.37481308589946,0.002052785923753686,89.8818789254163
isolated,spline,0.0,4,0.0,0.0,0,0,6,0.9107040641099027,184.51546580978544,0.010704064109902656,91.93317010364271
isolated,spline,0.0,4,0.0,0.0,0,0,12,0.9126938541068351,180.21297386954228,0.0126938541068351,89.99882550417082
isolated,spline,0.0,4,0.0,0.0,0,0,24,0.8837478311162522,179.09690038815052,0.01625216888374781,89.4281193996245
isolated,spline,0.0,4,0.0,0.0,0,0,48,0.9020527859237537,180.37481308589946,0.002052785923753686,89.8818789254163
isolated,spline,0.0,5,0.0,0.0,0,0,6,0.9107040641099027,184.51546580978544,0.010704064109902656,91.93317010364271
isolated,spline,0.0,5,0.0,0.0,0,0,12,0.9126938541068351,180.21297386954228,0.0126938541068351,89.99882550417082
isolated,spline,0.0,5,0.0,0.0,0,0,24,0.8837478311162522,179.09690038815052,0.01625216888374781,89.4281193996245
isolated,spline,0.0,5,0.0,0.0,0,0,48,0.9020527859237537,180.37481308589946,0.002052785923753686,89.8818789254163
isolated,spline,0.0,6,0.0,0.0,0,0,6,0.9107040641099027,184.51546580978544,0.010704064109902656,91.93317010364271
isolated,spline,0.0,6,0.0,0.0,0,0,12,0.9126938541068351,180.21297386954228,0.0126938541068351,89.99882550417082
isolated,spline,0.0,6,0.0,0.0,0,0,24,0.8837478311162522,179.09690038815052,0.01625216888374781,89.4281193996245
isolated,spline,0.0,6,0.0,0.0,0,0,48,0.9020527859237537,180.37481308589946,0.002052785923753686,89.8818789254163
isolated,spline,0.0,7,0.0,0.0,0,0,6,0.9107040641099027,184.51546580978544,0.010704064109902656,91.93317010364271
isolated,spline,0.0,7,0.0,0.0,0,0,12,0.9126938541068351,180.21297386954228,0.0126938541068351,89.99882550417082
isolated,spline,0.0,7,0.0,0.0,0,0,24,0.8837478311162522,179.09690038815052,0.01625216888374781,89.4281193996245
isolated,spline,0.0,7,0.0,0.0,0,0,48,0.9020527859237537,180.37481308589946,0.002052785923753686,89.8818789254163
isolated,spline,0.0,8,0.0,0.0,0,0,6,0.9107040641099027,184.51546580978544,0.010704064109902656,91.93317010364271
isolated,spline,0.0,8,0.0,0.0,0,0,12,0.9126938541068351,180.21297386954228,0.0126938541068351,89.99882550417082
isolated,spline,0.0,8,0.0,0.0,0,0,24,0.8837478311162522,179.09690038815052,0.01625216888374781,89.4281193996245
isolated,spline,0.0,8,0.0,0.0,0,0,48,0.9020527859237537,180.37481308589946,0.002052785923753686,89.8818789254163
isolated,spline,0.0,9,0.0,0.0,0,0,6,0.9107040641099027,184.51546580978544,0.010704064109902656,91.93317010364271
isolated,spline,0.0,9,0.0,0.0,0,0,12,0.9126938541068351,180.21297386954228,0.0126938541068351,89.99882550417082
isolated,spline,0.0,9,0.0,0.0,0,0,24,0.8837478311162522,179.09690038815052,0.01625216888374781,89.4281193996245
isolated,spline,0.0,9,0.0,0.0,0,0,48,0.9020527859237537,180.37481308589946,0.002052785923753686,89.8818789254163
isolated,spline,0.0,10,0.0,0.0,0,0,6,0.9107040641099027,184.51546580978544,0.010704064109902656,91.93317010364271
isolated,spline,0.0,10,0.0,0.0,0,0,12,0.9126938541068351,180.21297386954228,0.0126938541068351,89.99882550417082
isolated,spline,0.0,10,0.0,0.0,0,0,24,0.8837478311162522,179.09690038815052,0.01625216888374781,89.4281193996245
isolated,spline,0.0,10,0.0,0.0,0,0,48,0.9020527859237537,180.37481308589946,0.002052785923753686,89.8818789254163
isolated,spline,0.0,11,0.0,0.0,0,0,6,0.9107040641099027,184.51546580978544,0.010704064109902656,91.93317010364271
isolated,spline,0.0,11,0.0,0.0,0,0,12,0.9126938541068351,180.21297386954228,0.0126938541068351,89.99882550417082
isolated,spline,0.0,11,0.0,0.0,0,0,24,0.8837478311162522,179.09690038815052,0.01625216888374781,89.4281193996245
isolated,spline,0.0,11,0.0,0.0,0,0,48,0.9020527859237537,180.37481308589946,0.002052785923753686,89.8818789254163
isolated,spline,0.0,12,0.0,0.0,0,0,6,0.9107040641099027,184.51546580978544,0.010704064109902656,91.93317010364271
isolated,spline,0.0,12,0.0,0.0,0,0,12,0.9126938541068351,180.21297386954228,0.0126938541068351,89.99882550417082
isolated,spline,0.0,12,0.0,0.0,0,0,24,0.8837478311162522,179.09690038815052,0.01625216888374781,89.4281193996245
isolated,spline,0.0,12,0.0,0.0,0,0,48,0.9020527859237537,180.37481308589946,0.002052785923753686,89.8818789254163
isolated,spline,0.0,13,0.0,0.0,0,0,6,0.9107040641099027,184.51546580978544,0.010704064109902656,91.93317010364271
isolated,spline,0.0,13,0.0,0.0,0,0,12,0.9126938541068351,180.21297386954228,0.0126938541068351,89.99882550417082
isolated,spline,0.0,13,0.0,0.0,0,0,24,0.8837478311162522,179.09690038815052,0.01625216888374781,89.4281193996245
isolated,spline,0.0,13,0.0,0.0,0,0,48,0.9020527859237537,180.37481308589946,0.002052785923753686,89.8818789254163
isolated,spline,0.0,14,0.0,0.0,0,0,6,0.9107040641099027,184.51546580978544,0.010704064109902656,91.93317010364271
isolated,spline,0.0,14,0.0,0.0,0,0,12,0.9126938541068351,180.21297386954228,0.0126938541068351,89.99882550417082
isolated,spline,0.0,14,0.0,0.0,0,0,24,0.8837478311162522,179.09690038815052,0.01625216888374781,89.4281193996245
isolated,spline,0.0,14,0.0,0.0,0,0,48,0.9020527859237537,180.37481308589946,0.002052785923753686,89.8818789254163
isolated,spline,0.0,15,0.0,0.0,0,0,6,0.9107040641099027,184.51546580978544,0.010704064109902656,91.93317010364271
isolated,spline,0.0,15,0.0,0.0,0,0,12,0.9126938541068351,180.21297386954228,0.0126938541068351,89.99882550417082
isolated,spline,0.0,15,0.0,0.0,0,0,24,0.8837478311162522,179.09690038815052,0.01625216888374781,89.4281193996245
isolated,spline,0.0,15,0.0,0.0,0,0,48,0.9020527859237537,180.37481308589946,0.002052785923753686,89.8818789254163
isolated,spline,0.0,16,0.0,0.0,0,0,6,0.9107040641099027,184.51546580978544,0.010704064109902656,91.93317010364271
isolated,spline,0.0,16,0.0,0.0,0,0,12,0.9126938541068351,180.21297386954228,0.0126938541068351,89.99882550417082
isolated,spline,0.0,16,0.0,0.0,0,0,24,0.8837478311162522,179.09690038815052,0.01625216888374781,89.4281193996245
isolated,spline,0.0,16,0.0,0.0,0,0,48,0.9020527859237537,180.37481308589946,0.002052785923753686,89.8818789254163
isolated,spline,0.0,17,0.0,0.0,0,0,6,0.9107040641099027,184.51546580978544,0.010704064109902656,91.93317010364271
isolated,spline,0.0,17,0.0,0.0,0,0,12,0.9126938541068351,180.21297386954228,0.0126938541068351,89.99882550417082
isolated,spline,0.0,17,0.0,0.0,0,0,24,0.8837478311162522,179.09690038815052,0.01625216888374781,89.4281193996245
isolated,spline,0.0,17,0.0,0.0,0,0,48,0.9020527859237537,180.37481308589946,0.002052785923753686,89.8818789254163
isolated,spline,0.0,18,0.0,0.0,0,0,6,0.9107040641099027,184.51546580978544,0.010704064109902656,91.93317010364271
isolated,spline,0.0,18,0.0,0.0,0,0,12,0.9126938541068351,180.21297386954228,0.0126938541068351,89.99882550417082
isolated,spline,0.0,18,0.0,0.0,0,0,24,0.8837478311162522,179.09690038815052,0.01625216888374781,89.4281193996245
isolated,spline,0.0,18,0.0,0.0,0,0,48,0.9020527859237537,180.37481308589946,0.002052785923753686,89.8818789254163
isolated,spline,0.0,19,0.0,0.0,0,0,6,0.9107040641099027,184.51546580978544,0.010704064109902656,91.93317010364271
isolated,spline,0.0,19,0.0,0.0,0,0,12,0.9126938541068351,180.21297386954228,0.0126938541068351,89.99882550417082
isolated,spline,0.0,19,0.0,0.0,0,0,24,0.8837478311162522,179.09690038815052,0.01625216888374781,89.4281193996245
isolated,spline,0.0,19,0.0,0.0,0,0,48,0.9020527859237537,180.37481308589946,0.002052785923753686,89.8818789254163
isolated,spline,0.1,0,0.1,0.09988584474885845,175,175,6,0.9244419004006869,193.39497926216325,0.024441900400686833,96.55233481518867
isolated,spline,0.1,0,0.1,0.09988584474885845,175,175,12,0.9190120620333142,182.5348198807602,0.01901206203331418,91.23132715260385
isolated,spline,0.1,0,0.1,0.09988584474885845,175,175,24,0.9080393290919607,189.17141676097887,0.0080393290919607,93.55965780469775
isolated,spline,0.1,0,0.1,0.09988584474885845,175,175,48,0.9090909090909091,184.3525803240788,0.009090909090909038,92.12132132902478
isolated,spline,0.1,1,0.1,0.09988584474885845,175,175,6,0.929593589009731,196.1288718603543,0.02959358900973097,97.67735138937819
isolated,spline,0.1,1,0.1,0.09988584474885845,175,175,12,0.919586444572085,185.65161127725185,0.019586444572085027,92.81590938561033
isolated,spline,0.1,1,0.1,0.09988584474885845,175,175,24,0.913823019086177,191.68977180243414,0.013823019086177002,95.59490790531657
isolated,spline,0.1,1,0.1,0.09988584474885845,175,175,48,0.9190615835777126,188.01931520928818,0.019061583577712593,93.77079526034508
isolated,spline,0.1,2,0.1,0.09988584474885845,175,175,6,0.9124212936462507,185.74256489034187,0.012421293646250664,92.80512620229901
isolated,spline,0.1,2,0.1,0.09988584474885845,175,175,12,0.9190120620333142,182.35963112430957,0.01901206203331418,91.0583445304081
isolated,spline,0.1,2,0.1,0.09988584474885845,175,175,24,0.8802776171197224,178.07403533172527,0.01972238288027761,88.8171284198928
isolated,spline,0.1,2,0.1,0.09988584474885845,175,175,48,0.9020527859237537,181.0608802429881,0.002052785923753686,90.23457168327396
isolated,spline,0.1,3,0.1,0.09988584474885845,175,175,6,0.9158557527189468,186.72774994256378,0.01585575271894679,93.02343757820583
isolated,spline,0.1,3,0.1,0.09988584474885845,175,175,12,0.9080987937966686,178.48977653887917,0.008098793796668557,89.19601166983524
isolated,spline,0.1,3,0.1,0.09988584474885845,175,175,24,0.8999421631000578,185.07673219864597,5.783689994220964e-05,92.4794608150789
isolated,spline,0.1,3,0.1,0.09988584474885845,175,175,48,0.9073313782991203,182.8578140728675,0.007331378299120228,90.93736095802032
isolated,spline,0.1,4,0.1,0.09988584474885845,175,175,6,0.9244419004006869,192.9482484401342,0.024441900400686833,96.35103932272952
isolated,spline,0.1,4,0.1,0.09988584474885845,175,175,12,0.9213095921883975,187.23713423612543,0.021309592188397453,93.25398008650059
isolated,spline,0.1,4,0.1,0.09988584474885845,175,175,24,0.8976286871023713,184.52310506436442,0.002371312897628708,92.17210093582656
isolated,spline,0.1,4,0.1,0.09988584474885845,175,175,48,0.9102639296187683,184.7083218597357,0.01026392961876832,91.93198339016041
isolated,spline,0.1,5,0.1,0.09988584474885845,175,175,6,0.9204350314825415,188.91138625114263,0.020435031482541444,94.1158492720829
isolated,spline,0.1,5,0.1,0.09988584474885845,175,175,12,0.9080987937966686,178.7861200470843,0.008098793796668557,89.25970544484986
isolated,spline,0.1,5,0.1,0.09988584474885845,175,175,24,0.8889531521110469,180.60162149167303,0.01104684788895316,90.14194054549884
isolated,spline,0.1,5,0.1,0.09988584474885845,175,175,48,0.9073313782991203,183.02080808045093,0.007331378299120228,91.28149063635408
isolated,spline,0.1,6,0.1,0.09988584474885845,175,175,6,0.9164281625643961,187.28261890958387,0.016428162564396054,93.44193192285364
isolated,spline,0.1,6,0.1,0.09988584474885845,175,175,12,0.9126938541068351,180.18342229179478,0.0126938541068351,89.99734792528345
isolated,spline,0.1,6,0.1,0.09988584474885845,175,175,24,0.8958935801041065,183.69905497221538,0.004106419895893554,91.11025503628558
isolated,spline,0.1,6,0.1,0.09988584474885845,175,175,48,0.9079178885630499,183.6513726216312,0.007917888563049869,91.72871513032158
isolated,spline,0.1,7,0.1,0.09988584474885845,175,175,6,0.9175729822552948,187.60614998783817,0.0175729822552948,93.77165575813903
isolated,spline,0.1,7,0.1,0.09988584474885845,175,175,12,0.9190120620333142,182.47375991768735,0.01901206203331418,91.19534136425611
isolated,spline,0.1,7,0.1,0.09988584474885845,175,175,24,0.8889531521110469,181.15317235644858,0.01104684788895316,90.19920353596208
isolated,spline,0.1,7,0.1,0.09988584474885845,175,175,48,0.9090909090909091,184.3525803240788,0.009090909090909038,92.12132132902478
isolated,spline,0.1,8,0.1,0.09988584474885845,175,175,6,0.9181453921007441,187.84664892771255,0.018145392100744062,93.77165575813903
isolated,spline,0.1,8,0.1,0.09988584474885845,175,175,12,0.9213095921883975,187.29910689130526,0.021309592188397453,93.6216657508217
isolated,spline,0.1,8,0.1,0.09988584474885845,175,175,24,0.8889531521110469,180.78965811694042,0.01104684788895316,90.14194054549884
isolated,spline,0.1,8,0.1,0.09988584474885845,175,175,48,0.9073313782991203,183.3392659012664,0.007331378299120228,91.62491241218393
isolated,spline,0.1,9,0.1,0.09988584474885845,175,175,6,0.9232970807097882,191.3061150553508,0.023297080709788198,95.10354705036215
isolated,spline,0.1,9,0.1,0.09988584474885845,175,175,12,0.9190120620333142,182.37625083558342,0.01901206203331418,91.09301425230457
isolated,spline,0.1,9,0.1,0.09988584474885845,175,175,24,0.9034123770965876,186.04989095388666,0.0034123770965875933,92.65499666030614
isolated,spline,0.1,9,0.1,0.09988584474885845,175,175,48,0.9085043988269794,183.7930326208272,0.008504398826979398,91.81084014167783
isolated,spline,0.1,10,0.1,0.09988584474885845,175,175,6,0.9244419004006869,192.4852303579764,0.024441900400686833,95.67025567118091
isolated,spline,0.1,10,0.1,0.09988584474885845,175,175,12,0.9190120620333142,182.68038161794897,0.01901206203331418,91.27468802723955
isolated,spline,0.1,10,0.1,0.09988584474885845,175,175,24,0.8999421631000578,185.07673219864597,5.783689994220964e-05,92.35986911565982
isolated,spline,0.1,10,0.1,0.09988584474885845,175,175,48,0.9073313782991203,183.32819496087217,0.007331378299120228,91.48595493908796
isolated,spline,0.1,11,0.1,0.09988584474885845,175,175,6,0.9232970807097882,191.3061150553508,0.023297080709788198,95.51468626711939
isolated,spline,0.1,11,0.1,0.09988584474885845,175,175,12,0.919586444572085,185.62961960388384,0.019586444572085027,92.58421607214753
isolated,spline,0.1,11,0.1,0.09988584474885845,175,175,24,0.9034123770965876,186.04989095388666,0.0034123770965875933,92.80025582327765
isolated,spline,0.1,11,0.1,0.09988584474885845,175,175,48,0.9090909090909091,184.324686355934,0.009090909090909038,92.07991289347726
isolated,spline,0.1,12,0.1,0.09988584474885845,175,175,6,0.9244419004006869,191.6380551837006,0.024441900400686833,95.67025567118091
isolated,spline,0.1,12,0.1,0.09988584474885845,175,175,12,0.9190120620333142,183.1557512539538,0.01901206203331418,91.42947035432775
isolated,spline,0.1,12,0.1,0.09988584474885845,175,175,24,0.9063042220936958,187.69809062740728,0.006304222093695744,93.46798935139812
isolated,spline,0.1,12,0.1,0.09988584474885845,175,175,48,0.906158357771261,181.9933793923871,0.006158357771260947,90.93519076034215
isolated,spline,0.1,13,0.1,0.09988584474885845,175,175,6,0.9124212936462507,185.74256489034187,0.012421293646250664,92.80512620229901
isolated,spline,0.1,13,0.1,0.09988584474885845,175,175,12,0.9190120620333142,182.68038161794897,0.01901206203331418,91.27468802723955
isolated,spline,0.1,13,0.1,0.09988584474885845,175,175,24,0.8958935801041065,183.69528758216194,0.004106419895893554,91.47572561387527
isolated,spline,0.1,13,0.1,0.09988584474885845,175,175,48,0.9085043988269794,184.0512073629858,0.008504398826979398,91.93427232838994
isolated,spline,0.1,14,0.1,0.09988584474885845,175,175,6,0.9124212936462507,185.89852083837735,0.012421293646250664,92.86411217485605
isolated,spline,0.1,14,0.1,0.09988584474885845,175,175,12,0.9190120620333142,183.1557512539538,0.01901206203331418,91.42947035432775
isolated,spline,0.1,14,0.1,0.09988584474885845,175,175,24,0.8976286871023713,184.63765268616362,0.002371312897628708,92.18676522316224
isolated,spline,0.1,14,0.1,0.09988584474885845,175,175,48,0.9073313782991203,183.50807212894745,0.007331378299120228,91.66797230957407
isolated,spline,0.1,15,0.1,0.09988584474885845,175,175,6,0.9232970807097882,191.3061150553508,0.023297080709788198,95.39847703046345
isolated,spline,0.1,15,0.1,0.09988584474885845,175,175,12,0.919586444572085,185.92568078095331,0.019586444572085027,92.83950911381102
isolated,spline,0.1,15,0.1,0.09988584474885845,175,175,24,0.9005205320994795,185.3618590416566,0.0005205320994794427,92.55962302895705
isolated,spline,0.1,15,0.1,0.09988584474885845,175,175,48,0.9190615835777126,188.01931520928818,0.019061583577712593,93.87287667437286
isolated,spline,0.1,16,0.1,0.09988584474885845,175,175,6,0.9244419004006869,191.52088428995026,0.024441900400686833,95.67025567118091
isolated,spline,0.1,16,0.1,0.09988584474885845,175,175,12,0.919586444572085,184.72632791311494,0.019586444572085027,92.34852451027238
isolated,spline,0.1,16,0.1,0.09988584474885845,175,175,24,0.9074609600925391,188.68904771595763,0.0074609600925390485,93.61217899783863
isolated,spline,0.1,16,0.1,0.09988584474885845,175,175,48,0.918475073313783,187.7803037755384,0.018475073313782953,93.80978803638166
isolated,spline,0.1,17,0.1,0.09988584474885845,175,175,6,0.9244419004006869,193.39497926216325,0.024441900400686833,96.55233481518867
isolated,spline,0.1,17,0.1,0.09988584474885845,175,175,12,0.9190120620333142,184.0416984066325,0.01901206203331418,91.94416182755232
isolated,spline,0.1,17,0.1,0.09988584474885845,175,175,24,0.8970503181029497,184.3752154371092,0.00294968189705036,91.91218147163558
isolated,spline,0.1,17,0.1,0.09988584474885845,175,175,48,0.9131964809384164,186.66120348134234,0.01319648093841641,92.2966156042976
isolated,spline,0.1,18,0.1,0.09988584474885845,175,175,6,0.9158557527189468,186.72774994256378,0.01585575271894679,93.12270638318554
isolated,spline,0.1,18,0.1,0.09988584474885845,175,175,12,0.919586444572085,186.11769491731152,0.019586444572085027,93.01572249525225
isolated,spline,0.1,18,0.1,0.09988584474885845,175,175,24,0.9074609600925391,188.90321834659804,0.0074609600925390485,93.99768887698617
isolated,spline,0.1,18,0.1,0.09988584474885845,175,175,48,0.9131964809384164,186.66120348134234,0.01319648093841641,92.96486222278611
isolated,spline,0.1,19,0.1,0.09988584474885845,175,175,6,0.9244419004006869,191.52088428995026,0.024441900400686833,95.54781047054806
isolated,spline,0.1,19,0.1,0.09988584474885845,175,175,12,0.919586444572085,185.92568078095331,0.019586444572085027,92.83950911381102
isolated,spline,0.1,19,0.1,0.09988584474885845,175,175,24,0.8999421631000578,185.07673219864597,5.783689994220964e-05,92.35986911565982
isolated,spline,0.1,19,0.1,0.09988584474885845,175,175,48,0.9173020527859238,187.25331846776504,0.017302052785923783,93.5451573593244
isolated,spline,0.2,0,0.2,0.1997716894977169,350,350,6,0.9341728677733258,197.95906623603577,0.03417286777332573,98.71526536944117
isolated,spline,0.2,0,0.2,0.1997716894977169,350,350,12,0.9230327398047099,188.2280734753493,0.02303273980470988,93.94708442598373
isolated,spline,0.2,0,0.2,0.1997716894977169,350,350,24,0.9126662810873337,191.13339523969273,0.012666281087333697,95.25859107657168
isolated,spline,0.2,0,0.2,0.1997716894977169,350,350,48,0.9284457478005865,193.37910532050063,0.028445747800586507,96.31463780043292
isolated,spline,0.2,1,0.2,0.1997716894977169,350,350,6,0.936462507155123,199.3422989143765,0.036462507155123,99.617031025383
isolated,spline,0.2,1,0.2,0.1997716894977169,350,350,12,0.9304997128087306,195.07883971529094,0.03049971280873054,97.52942563913207
isolated,spline,0.2,1,0.2,0.1997716894977169,350,350,24,0.9155581260844419,193.29396901408072,0.015558126084441848,96.40438311029664
isolated,spline,0.2,1,0.2,0.1997716894977169,350,350,48,0.9225806451612903,191.01363634980368,0.022580645161290325,95.39244174440745
isolated,spline,0.2,2,0.2,0.1997716894977169,350,350,6,0.9301659988551803,196.23388813355137,0.03016599885518023,98.06296355940997
isolated,spline,0.2,2,0.2,0.1997716894977169,350,350,12,0.9253302699597932,189.8112344715801,0.02533026995979315,94.88340448969078
isolated,spline,0.2,2,0.2,0.1997716894977169,350,350,24,0.9005205320994795,185.3618590416566,0.0005205320994794427,92.3197774480301
isolated,spline,0.2,2,0.2,0.1997716894977169,350,350,48,0.9131964809384164,186.66120348134234,0.01319648093841641,92.97799214774898
isolated,spline,0.2,3,0.2,0.1997716894977169,350,350,6,0.931310818546079,196.57773759884944,0.03131081854607898,98.16031902251297
isolated,spline,0.2,3,0.2,0.1997716894977169,350,350,12,0.9190120620333142,183.87128201604597,0.01901206203331418,91.75845480808421
isolated,spline,0.2,3,0.2,0.1997716894977169,350,350,24,0.9080393290919607,189.49643220318939,0.0080393290919607,94.42057009418566
isolated,spline,0.2,3,0.2,0.1997716894977169,350,350,48,0.9173020527859238,187.25331846776504,0.017302052785923783,93.5412034290039
isolated,spline,0.2,4,0.2,0.1997716894977169,350,350,6,0.9301659988551803,196.23388813355137,0.03016599885518023,97.89813366950281
isolated,spline,0.2,4,0.2,0.1997716894977169,350,350,12,0.919586444572085,184.72632791311494,0.019586444572085027,92.2969359476202
isolated,spline,0.2,4,0.2,0.1997716894977169,350,350,24,0.9063042220936958,187.69809062740728,0.006304222093695744,93.53207227936322
isolated,spline,0.2,4,0.2,0.1997716894977169,350,350,48,0.9131964809384164,186.66120348134234,0.01319648093841641,92.95978565510599
isolated,spline,0.2,5,0.2,0.1997716894977169,350,350,6,0.9244419004006869,193.39497926216325,0.024441900400686833,96.55233481518867
isolated,spline,0.2,5,0.2,0.1997716894977169,350,350,12,0.919586444572085,185.0092598167921,0.019586444572085027,92.37731055174135
isolated,spline,0.2,5,0.2,0.1997716894977169,350,350,24,0.9005205320994795,185.3618590416566,0.0005205320994794427,92.55962302895705
isolated,spline,0.2,5,0.2,0.1997716894977169,350,350,48,0.918475073313783,187.66513568622946,0.018475073313782953,93.72582849766808
isolated,spline,0.2,6,0.2,0.1997716894977169,350,350,6,0.9244419004006869,191.52088428995026,0.024441900400686833,95.67025567118091
isolated,spline,0.2,6,0.2,0.1997716894977169,350,350,12,0.9247558874210224,189.29825409097214,0.024755887421022416,94.54960223457807
isolated,spline,0.2,6,0.2,0.1997716894977169,350,350,24,0.9080393290919607,189.49643220318939,0.0080393290919607,93.95678430727806
isolated,spline,0.2,6,0.2,0.1997716894977169,350,350,48,0.9219941348973607,189.69015241468068,0.021994134897360684,94.47409756069365
isolated,spline,0.2,7,0.2,0.1997716894977169,350,350,6,0.9250143102461362,195.05140935052617,0.025014310246136207,96.66401752069594
isolated,spline,0.2,7,0.2,0.1997716894977169,350,350,12,0.9201608271108558,186.4269408326539,0.02016082711085576,92.98790339306173
isolated,spline,0.2,7,0.2,0.1997716894977169,350,350,24,0.9074609600925391,188.68904771595763,0.0074609600925390485,93.59488974548428
isolated,spline,0.2,7,0.2,0.1997716894977169,350,350,48,0.9214076246334311,189.37774879942538,0.021407624633431044,94.48005398178518
isolated,spline,0.2,8,0.2,0.1997716894977169,350,350,6,0.9318832283915284,197.00393565486218,0.03188322839152835,98.16031902251297
isolated,spline,0.2,8,0.2,0.1997716894977169,350,350,12,0.9304997128087306,195.05663034081672,0.03049971280873054,96.70257508314151
isolated,spline,0.2,8,0.2,0.1997716894977169,350,350,24,0.9109311740890689,190.70365989467487,0.010931174089068851,95.0519178082899
isolated,spline,0.2,8,0.2,0.1997716894977169,350,350,48,0.9225806451612903,190.93397791611153,0.022580645161290325,95.35099009705318
isolated,spline,0.2,9,0.2,0.1997716894977169,350,350,6,0.9341728677733258,198.26495462647813,0.03417286777332573,99.01819737709224
isolated,spline,0.2,9,0.2,0.1997716894977169,350,350,12,0.919586444572085,185.62961960388384,0.019586444572085027,92.71414843907344
isolated,spline,0.2,9,0.2,0.1997716894977169,350,350,24,0.9172932330827067,193.63307759667885,0.017293233082706694,96.76493685807537
isolated,spline,0.2,9,0.2,0.1997716894977169,350,350,48,0.918475073313783,187.79086249470166,0.018475073313782953,93.87287667437286
isolated,spline,0.2,10,0.2,0.1997716894977169,350,350,6,0.929593589009731,196.1288718603543,0.02959358900973097,98.03511983892061
isolated,spline,0.2,10,0.2,0.1997716894977169,350,350,12,0.919586444572085,186.2737935449185,0.019586444572085027,93.02352742663261
isolated,spline,0.2,10,0.2,0.1997716894977169,350,350,24,0.9034123770965876,185.90002003403995,0.0034123770965875933,92.63073462825407
isolated,spline,0.2,10,0.2,0.1997716894977169,350,350,48,0.918475073313783,187.66513568622946,0.018475073313782953,93.61735531457288
isolated,spline,0.2,11,0.2,0.1997716894977169,350,350,6,0.9341728677733258,198.07942857435356,0.03417286777332573,98.98097927482657
isolated,spline,0.2,11,0.2,0.1997716894977169,350,350,12,0.929350947731189,193.2031576335971,0.02935094773118896,96.4328325808109
isolated,spline,0.2,11,0.2,0.1997716894977169,350,350,24,0.9172932330827067,193.66976194284717,0.017293233082706694,96.64635374840189
isolated,spline,0.2,11,0.2,0.1997716894977169,350,350,48,0.9331378299120234,196.44296081741982,0.03313782991202341,98.0067361789445
isolated,spline,0.2,12,0.2,0.1997716894977169,350,350,6,0.931310818546079,196.9111639116785,0.03131081854607898,98.26794970802456
isolated,spline,0.2,12,0.2,0.1997716894977169,350,350,12,0.919586444572085,185.9825974934015,0.019586444572085027,92.96568622609907
isolated,spline,0.2,12,0.2,0.1997716894977169,350,350,24,0.9219201850780798,197.56741204551747,0.0219201850780798,98.42049853803101
isolated,spline,0.2,12,0.2,0.1997716894977169,350,350,48,0.9225806451612903,191.01363634980368,0.022580645161290325,95.40858926717839
isolated,spline,0.2,13,0.2,0.1997716894977169,350,350,6,0.9261591299370349,195.46366281765694,0.026159129937034842,97.26497166192891
isolated,spline,0.2,13,0.2,0.1997716894977169,350,350,12,0.9224583572659392,187.8570683382583,0.022458357265939144,93.9117311339127
isolated,spline,0.2,13,0.2,0.1997716894977169,350,350,24,0.9074609600925391,188.90321834659804,0.0074609600925390485,93.99768887698617
isolated,spline,0.2,13,0.2,0.1997716894977169,350,350,48,0.9278592375366569,192.80835282596843,0.027859237536656867,96.22252478248821
isolated,spline,0.2,14,0.2,0.1997716894977169,350,350,6,0.9301659988551803,196.23388813355137,0.03016599885518023,98.06311284186957
isolated,spline,0.2,14,0.2,0.1997716894977169,350,350,12,0.929350947731189,193.22165236911232,0.02935094773118896,96.39599612363455
isolated,spline,0.2,14,0.2,0.1997716894977169,350,350,24,0.9207634470792365,196.94281174413538,0.020763447079236497,98.29088134526042
isolated,spline,0.2,14,0.2,0.1997716894977169,350,350,48,0.9296187683284457,194.91127466816798,0.029618768328445677,97.19419574586314
isolated,spline,0.2,15,0.2,0.1997716894977169,350,350,6,0.9244419004006869,193.39497926216325,0.024441900400686833,96.57823256608164
isolated,spline,0.2,15,0.2,0.1997716894977169,350,350,12,0.9270534175761057,190.78738826240476,0.027053417576105687,95.35568319874638
isolated,spline,0.2,15,0.2,0.1997716894977169,350,350,24,0.9103528050896472,190.38989328540129,0.010352805089647199,94.92453499191424
isolated,spline,0.2,15,0.2,0.1997716894977169,350,350,48,0.9296187683284457,193.7423308160267,0.029618768328445677,95.9915773406554
isolated,spline,0.2,16,0.2,0.1997716894977169,350,350,6,0.936462507155123,199.24005405426206,0.036462507155123,99.12265878121931
isolated,spline,0.2,16,0.2,0.1997716894977169,350,350,12,0.929350947731189,193.81506990487978,0.02935094773118896,96.85091286476045
isolated,spline,0.2,16,0.2,0.1997716894977169,350,350,24,0.9126662810873337,191.13339523969273,0.012666281087333697,95.32542406936761
isolated,spline,0.2,16,0.2,0.1997716894977169,350,350,48,0.9296187683284457,193.7931116624397,0.029618768328445677,96.67083450408475
isolated,spline,0.2,17,0.2,0.1997716894977169,350,350,6,0.9370349170005724,200.4833410996876,0.037034917000572376,100.13943286946724
isolated,spline,0.2,17,0.2,0.1997716894977169,350,350,12,0.9276278001148766,192.22369499259838,0.027627800114876533,95.78085745554758
isolated,spline,0.2,17,0.2,0.1997716894977169,350,350,24,0.9172932330827067,193.9466750079602,0.017293233082706694,96.76493685807537
isolated,spline,0.2,17,0.2,0.1997716894977169,350,350,48,0.9266862170087976,192.53603760560662,0.026686217008797586,96.03421238449508
isolated,spline,0.2,18,0.2,0.1997716894977169,350,350,6,0.9341728677733258,198.5228907925853,0.03417286777332573,99.12978629890554
isolated,spline,0.2,18,0.2,0.1997716894977169,350,350,12,0.929350947731189,194.08623018023766,0.02935094773118896,96.98036637230413
isolated,spline,0.2,18,0.2,0.1997716894977169,350,350,24,0.9201850780798149,195.8916004485664,0.020185078079814844,97.62306525092066
isolated,spline,0.2,18,0.2,0.1997716894977169,350,350,48,0.9296187683284457,193.82382565493262,0.029618768328445677,96.834454879929
isolated,spline,0.2,19,0.2,0.1997716894977169,350,350,6,0.9244419004006869,192.69927748285698,0.024441900400686833,96.00152866198167
isolated,spline,0.2,19,0.2,0.1997716894977169,350,350,12,0.9224583572659392,187.81972825999952,0.022458357265939144,93.69989505420553
isolated,spline,0.2,19,0.2,0.1997716894977169,350,350,24,0.9080393290919607,189.3433561155018,0.0080393290919607,94.39513099845419
isolated,spline,0.2,19,0.2,0.1997716894977169,350,350,48,0.9225806451612903,190.22391634143406,0.022580645161290325,95.02505763605565
isolated,spline,0.3,0,0.3,0.2996575342465753,525,525,6,0.9398969662278192,203.40326620584005,0.03989696622781913,101.6043333300062
isolated,spline,0.3,0,0.3,0.2996575342465753,525,525,12,0.9368179207352096,199.6708222421146,0.03681792073520962,99.65950834949538
isolated,spline,0.3,0,0.3,0.2996575342465753,525,525,24,0.9201850780798149,196.52745974163906,0.020185078079814844,97.9525389384268
isolated,spline,0.3,0,0.3,0.2996575342465753,525,525,48,0.9419354838709677,201.8150299022887,0.04193548387096768,99.96526272189159
isolated,spline,0.3,1,0.3,0.2996575342465753,525,525,6,0.9479107040641099,210.17537314100844,0.04791070406410991,104.81221864822322
isolated,spline,0.3,1,0.3,0.2996575342465753,525,525,12,0.9310740953475014,195.87369335896898,0.031074095347501385,97.86570186377122
isolated,spline,0.3,1,0.3,0.2996575342465753,525,525,24,0.9236552920763447,198.6078938512197,0.023655292076344647,98.9552369941158
isolated,spline,0.3,1,0.3,0.2996575342465753,525,525,48,0.9442815249266863,203.85398570201795,0.044281524926686244,101.64946408721792
isolated,spline,0.3,2,0.3,0.2996575342465753,525,525,6,0.9381797366914711,202.32260977133083,0.03817973669147112,100.9075490850511
isolated,spline,0.3,2,0.3,0.2996575342465753,525,525,12,0.9488799540493968,205.4946140056502,0.04887995404939682,102.72552794232351
isolated,spline,0.3,2,0.3,0.2996575342465753,525,525,24,0.9358010410641989,206.58910347453187,0.0358010410641989,102.88364445987781
isolated,spline,0.3,2,0.3,0.2996575342465753,525,525,48,0.9442815249266863,203.83021156313774,0.044281524926686244,101.81914303339983
isolated,spline,0.3,3,0.3,0.2996575342465753,525,525,6,0.9341728677733258,198.41120655052373,0.03417286777332573,99.03785601089626
isolated,spline,0.3,3,0.3,0.2996575342465753,525,525,12,0.9213095921883975,187.23713423612543,0.021309592188397453,93.60365664189644
isolated,spline,0.3,3,0.3,0.2996575342465753,525,525,24,0.9155581260844419,192.48722810022076,0.015558126084441848,96.02951829647621
isolated,spline,0.3,3,0.3,0.2996575342465753,525,525,48,0.92316715542522,191.30764805234548,0.023167155425219965,95.49486940984802
isolated,spline,0.3,4,0.3,0.2996575342465753,525,525,6,0.9324556382369776,197.31760794221682,0.03245563823697761,98.31292652105493
isolated,spline,0.3,4,0.3,0.2996575342465753,525,525,12,0.929350947731189,193.86348257710958,0.02935094773118896,96.64291769495607
isolated,spline,0.3,4,0.3,0.2996575342465753,525,525,24,0.9178716020821284,194.43406689061268,0.017871602082128346,97.12446169806786
isolated,spline,0.3,4,0.3,0.2996575342465753,525,525,48,0.9343108504398827,197.24711430271282,0.03431085043988269,98.34878428562243
isolated,spline,0.3,5,0.3,0.2996575342465753,525,525,6,0.9393245563823698,202.99176052636443,0.03932455638236976,101.46826791271324
isolated,spline,0.3,5,0.3,0.2996575342465753,525,525,12,0.9276278001148766,191.44693896848787,0.027627800114876533,95.52077830620136
isolated,spline,0.3,5,0.3,0.2996575342465753,525,525,24,0.9149797570850202,192.2156579870278,0.014979757085020196,95.91402428082925
isolated,spline,0.3,5,0.3,0.2996575342465753,525,525,48,0.9296187683284457,194.45185266578932,0.029618768328445677,96.66081385220318
isolated,spline,0.3,6,0.3,0.2996575342465753,525,525,6,0.9250143102461362,195.11143125611738,0.025014310246136207,97.37719558801513
isolated,spline,0.3,6,0.3,0.2996575342465753,525,525,12,0.9253302699597932,189.8112344715801,0.02533026995979315,94.88340448969078
isolated,spline,0.3,6,0.3,0.2996575342465753,525,525,24,0.9144013880855986,191.88598472990392,0.014401388085598543,95.88440608220377
isolated,spline,0.3,6,0.3,0.2996575342465753,525,525,48,0.9225806451612903,190.43699649178933,0.022580645161290325,94.7241810622457
isolated,spline,0.3,7,0.3,0.2996575342465753,525,525,6,0.933028048082427,197.61769808782714,0.033028048082426986,98.48935298338809
isolated,spline,0.3,7,0.3,0.2996575342465753,525,525,12,0.9299253302699598,194.53235443925178,0.029925330269959804,97.25302957014065
isolated,spline,0.3,7,0.3,0.2996575342465753,525,525,24,0.9155581260844419,192.69200869666014,0.015558126084441848,96.02951829647621
isolated,spline,0.3,7,0.3,0.2996575342465753,525,525,48,0.9296187683284457,194.39863972836142,0.029618768328445677,97.02995224869491
isolated,spline,0.3,8,0.3,0.2996575342465753,525,525,6,0.9427590154550658,205.13091114232475,0.042759015455065774,102.51713774017298
isolated,spline,0.3,8,0.3,0.2996575342465753,525,525,12,0.9368179207352096,200.3366280719137,0.03681792073520962,99.89295262510217
isolated,spline,0.3,8,0.3,0.2996575342465753,525,525,24,0.9340659340659341,202.89112595775384,0.034065934065934056,100.55873869268234
isolated,spline,0.3,8,0.3,0.2996575342465753,525,525,48,0.9354838709677419,198.76437465071737,0.03548387096774186,99.27432895655959
isolated,spline,0.3,9,0.3,0.2996575342465753,525,525,6,0.9404693760732684,203.6932227210765,0.04046937607326839,101.79205069024795
isolated,spline,0.3,9,0.3,0.2996575342465753,525,525,12,0.9339460080413555,198.82762007396084,0.0339460080413555,98.96354498921977
isolated,spline,0.3,9,0.3,0.2996575342465753,525,525,24,0.9340659340659341,203.77636764221677,0.034065934065934056,101.65498862755534
isolated,spline,0.3,9,0.3,0.2996575342465753,525,525,48,0.9436950146627566,203.55731818055958,0.043695014662756604,101.48949088666092
isolated,spline,0.3,10,0.3,0.2996575342465753,525,525,6,0.936462507155123,199.3422989143765,0.036462507155123,99.39989238970162
isolated,spline,0.3,10,0.3,0.2996575342465753,525,525,12,0.9230327398047099,188.47883489655172,0.02303273980470988,94.21269511793209
isolated,spline,0.3,10,0.3,0.2996575342465753,525,525,24,0.91844997108155,194.94676324093405,0.01844997108155,96.71580042483602
isolated,spline,0.3,10,0.3,0.2996575342465753,525,525,48,0.9343108504398827,197.50820489090137,0.03431085043988269,98.64119093831461
isolated,spline,0.3,11,0.3,0.2996575342465753,525,525,6,0.9398969662278192,203.54829780926525,0.03989696622781913,101.63690011714748
isolated,spline,0.3,11,0.3,0.2996575342465753,525,525,12,0.9368179207352096,200.57151870578969,0.03681792073520962,100.01000750015874
isolated,spline,0.3,11,0.3,0.2996575342465753,525,525,24,0.9259687680740313,200.02285107926144,0.025968768074031257,99.88840471246115
isolated,spline,0.3,11,0.3,0.2996575342465753,525,525,48,0.9472140762463344,205.54478558559478,0.047214076246334336,102.58830267923993
isolated,spline,0.3,12,0.3,0.2996575342465753,525,525,6,0.931310818546079,196.63941045069234,0.03131081854607898,98.11147449472708
isolated,spline,0.3,12,0.3,0.2996575342465753,525,525,12,0.9276278001148766,191.44693896848787,0.027627800114876533,95.564830110392
isolated,spline,0.3,12,0.3,0.2996575342465753,525,525,24,0.9242336610757663,199.12261320831772,0.0242336610757663,98.91588157052948
isolated,spline,0.3,12,0.3,0.2996575342465753,525,525,48,0.9337243401759531,196.6256173485924,0.03372434017595305,97.95146713674987
isolated,spline,0.3,13,0.3,0.2996575342465753,525,525,6,0.9421866056096165,204.56003021256808,0.04218660560961651,101.73567096045788
isolated,spline,0.3,13,0.3,0.2996575342465753,525,525,12,0.9316484778862723,196.62385397968183,0.03164847788627223,98.282287316147
isolated,spline,0.3,13,0.3,0.2996575342465753,525,525,24,0.9201850780798149,195.93652520952372,0.020185078079814844,97.44386472691906
isolated,spline,0.3,13,0.3,0.2996575342465753,525,525,48,0.9296187683284457,194.68201324402085,0.029618768328445677,97.29956636387311
isolated,spline,0.3,14,0.3,0.2996575342465753,525,525,6,0.9370349170005724,200.05606881845506,0.037034917000572376,99.72153581582096
isolated,spline,0.3,14,0.3,0.2996575342465753,525,525,12,0.9333716255025847,197.67337795568173,0.033371625502584656,98.70265529579457
isolated,spline,0.3,14,0.3,0.2996575342465753,525,525,24,0.9242336610757663,199.12261320831772,0.0242336610757663,99.35554065716852
isolated,spline,0.3,14,0.3,0.2996575342465753,525,525,48,0.9354838709677419,198.81674888871487,0.03548387096774186,99.3824852075411
isolated,spline,0.3,15,0.3,0.2996575342465753,525,525,6,0.9341728677733258,198.10793864509844,0.03417286777332573,98.80205356330201
isolated,spline,0.3,15,0.3,0.2996575342465753,525,525,12,0.9402642159678346,201.5335800129643,0.04026421596783458,100.75939272881604
isolated,spline,0.3,15,0.3,0.2996575342465753,525,525,24,0.9340659340659341,203.16884173484146,0.034065934065934056,101.34243566029019
isolated,spline,0.3,15,0.3,0.2996575342465753,525,525,48,0.9425219941348973,202.5005117015514,0.04252199413489732,101.10766762689433
isolated,spline,0.3,16,0.3,0.2996575342465753,525,525,6,0.9479107040641099,210.91534103425525,0.04791070406410991,105.40072374947934
isolated,spline,0.3,16,0.3,0.2996575342465753,525,525,12,0.9299253302699598,194.28590841887723,0.029925330269959804,96.93248744160961
isolated,spline,0.3,16,0.3,0.2996575342465753,525,525,24,0.9172932330827067,193.63696769069537,0.017293233082706694,96.78188122921613
isolated,spline,0.3,16,0.3,0.2996575342465753,525,525,48,0.9337243401759531,196.6256173485924,0.03372434017595305,97.99125681300076
isolated,spline,0.3,17,0.3,0.2996575342465753,525,525,6,0.9479107040641099,210.50172236783814,0.04791070406410991,104.5249367276288
isolated,spline,0.3,17,0.3,0.2996575342465753,525,525,12,0.9488799540493968,207.3626758077895,0.04887995404939682,103.38916125597186
isolated,spline,0.3,17,0.3,0.2996575342465753,525,525,24,0.9346443030653557,204.88293615698913,0.03464430306535571,101.98172839475316
isolated,spline,0.3,17,0.3,0.2996575342465753,525,525,48,0.9448680351906158,203.9305447884404,0.044868035190615774,101.8939044952738
isolated,spline,0.3,18,0.3,0.2996575342465753,525,525,6,0.9421866056096165,204.35251832484397,0.04218660560961651,101.74025219181424
isolated,spline,0.3,18,0.3,0.2996575342465753,525,525,12,0.9408385985066055,201.94895560405257,0.04083859850660543,100.81907600226594
isolated,spline,0.3,18,0.3,0.2996575342465753,525,525,24,0.9311740890688259,202.09005234822848,0.031174089068825905,100.61404811207233
isolated,spline,0.3,18,0.3,0.2996575342465753,525,525,48,0.9366568914956012,199.38325935178196,0.03665689149560114,99.56348045925576
isolated,spline,0.3,19,0.3,0.2996575342465753,525,525,6,0.931310818546079,196.60669641227733,0.03131081854607898,97.9628251433126
isolated,spline,0.3,19,0.3,0.2996575342465753,525,525,12,0.9276278001148766,191.1571666466424,0.027627800114876533,95.24062985017032
isolated,spline,0.3,19,0.3,0.2996575342465753,525,525,24,0.9149797570850202,192.1790221475058,0.014979757085020196,95.91402428082925
isolated,spline,0.3,19,0.3,0.2996575342465753,525,525,48,0.9354838709677419,198.24769741685765,0.03548387096774186,98.85540021384396
isolated,spline,0.4,0,0.4,0.3995433789954338,700,700,6,0.9439038351459645,207.41673184041903,0.04390383514596452,103.44396990022227
isolated,spline,0.4,0,0.4,0.3995433789954338,700,700,12,0.9460080413555428,203.93896124268394,0.04600804135554282,101.70928357715644
isolated,spline,0.4,0,0.4,0.3995433789954338,700,700,24,0.9340659340659341,203.23280728437555,0.034065934065934056,101.58106995107255
isolated,spline,0.4,0,0.4,0.3995433789954338,700,700,48,0.9348973607038124,198.0446620052153,0.03489736070381233,98.94694495713749
isolated,spline,0.4,1,0.4,0.3995433789954338,700,700,6,0.9524899828277046,215.18024679668287,0.05248998282770456,107.35201904255716
isolated,spline,0.4,1,0.4,0.3995433789954338,700,700,12,0.95807007466973,216.54516029331535,0.05807007466973002,108.03044664393386
isolated,spline,0.4,1,0.4,0.3995433789954338,700,700,24,0.9346443030653557,204.88293615698913,0.03464430306535571,102.25060771632559
isolated,spline,0.4,1,0.4,0.3995433789954338,700,700,48,0.950733137829912,209.84446502476663,0.050733137829911956,104.74080982020891
isolated,spline,0.4,2,0.4,0.3995433789954338,700,700,6,0.9473382942186606,209.63581343205496,0.04733829421866054,104.32450874783493
isolated,spline,0.4,2,0.4,0.3995433789954338,700,700,12,0.9609419873635842,218.59098913069045,0.06094198736358414,109.13999501524005
isolated,spline,0.4,2,0.4,0.3995433789954338,700,700,24,0.9462116830537883,216.20558106995819,0.04621168305378831,107.71020456188646
isolated,spline,0.4,2,0.4,0.3995433789954338,700,700,48,0.9524926686217009,211.6560865014169,0.05249266862170088,105.56742431544927
isolated,spline,0.4,3,0.4,0.3995433789954338,700,700,6,0.9490555237550086,212.08478669907925,0.049055523755008545,105.76663656024436
isolated,spline,0.4,3,0.4,0.3995433789954338,700,700,12,0.9488799540493968,206.72607046428075,0.04887995404939682,102.77104195071772
isolated,spline,0.4,3,0.4,0.3995433789954338,700,700,24,0.9288606130711394,201.83464338753504,0.028860613071139407,100.84615184728467
isolated,spline,0.4,3,0.4,0.3995433789954338,700,700,48,0.9536656891495601,213.96991791847103,0.05366568914956005,106.35619359132694
isolated,spline,0.4,4,0.4,0.3995433789954338,700,700,6,0.9507727532913566,213.75124363769726,0.050772753291356554,106.60001511867264
isolated,spline,0.4,4,0.4,0.3995433789954338,700,700,12,0.9523262492820218,210.48918402512862,0.052326249282021786,105.10426582333513
isolated,spline,0.4,4,0.4,0.3995433789954338,700,700,24,0.9282822440717178,200.943078149126,0.028282244071717755,100.19829036290791
isolated,spline,0.4,4,0.4,0.3995433789954338,700,700,48,0.9524926686217009,213.28579709623347,0.05249266862170088,106.39602799839645
isolated,spline,0.4,5,0.4,0.3995433789954338,700,700,6,0.9576416714367487,219.78939628213308,0.0576416714367487,109.34027029045156
isolated,spline,0.4,5,0.4,0.3995433789954338,700,700,12,0.9523262492820218,210.48648889044114,0.052326249282021786,105.1688618896461
isolated,spline,0.4,5,0.4,0.3995433789954338,700,700,24,0.9358010410641989,206.40532361320592,0.0358010410641989,102.98214897082941
isolated,spline,0.4,5,0.4,0.3995433789954338,700,700,48,0.9513196480938416,210.92276053494595,0.0513196480938416,105.45428589690198
isolated,spline,0.4,6,0.4,0.3995433789954338,700,700,6,0.9341728677733258,197.9648508632705,0.03417286777332573,98.77080425795609
isolated,spline,0.4,6,0.4,0.3995433789954338,700,700,12,0.9316484778862723,196.58249594992822,0.03164847788627223,98.03614622158746
isolated,spline,0.4,6,0.4,0.3995433789954338,700,700,24,0.9242336610757663,199.47491591123995,0.0242336610757663,99.60711089007083
isolated,spline,0.4,6,0.4,0.3995433789954338,700,700,48,0.9325513196480938,195.70700786498986,0.03255131964809377,97.4454941549131
isolated,spline,0.4,7,0.4,0.3995433789954338,700,700,6,0.954779622209502,217.35000196597318,0.054779622209501944,108.16494410318481
isolated,spline,0.4,7,0.4,0.3995433789954338,700,700,12,0.9529006318207927,211.85479917934572,0.05290063182079263,105.90267672831413
isolated,spline,0.4,7,0.4,0.3995433789954338,700,700,24,0.9433198380566802,214.47897600452484,0.04331983805668016,106.89098986325016
isolated,spline,0.4,7,0.4,0.3995433789954338,700,700,48,0.955425219941349,216.32141624044397,0.05542521994134897,107.99928330065501
isolated,spline,0.4,8,0.4,0.3995433789954338,700,700,6,0.954779622209502,217.25510252319077,0.054779622209501944,108.36408540813463
isolated,spline,0.4,8,0.4,0.3995433789954338,700,700,12,0.9529006318207927,212.57817621923246,0.05290063182079263,106.27846122780339
isolated,spline,0.4,8,0.4,0.3995433789954338,700,700,24,0.9485251590514748,217.2206299219968,0.04852515905147481,108.17145628517495
isolated,spline,0.4,8,0.4,0.3995433789954338,700,700,48,0.9536656891495601,214.5721622413664,0.05366568914956005,107.2688744512235
isolated,spline,0.4,9,0.4,0.3995433789954338,700,700,6,0.95649685174585,219.58422908254443,0.05649685174584995,109.22405771871753
isolated,spline,0.4,9,0.4,0.3995433789954338,700,700,12,0.951751866743251,210.30937142847316,0.05175186674325094,105.00825154478625
isolated,spline,0.4,9,0.4,0.3995433789954338,700,700,24,0.940427993059572,209.85478497008626,0.04042799305957201,104.80424192127877
isolated,spline,0.4,9,0.4,0.3995433789954338,700,700,48,0.9565982404692082,218.80926040464732,0.05659824046920814,108.87098132332096
isolated,spline,0.4,10,0.4,0.3995433789954338,700,700,6,0.9370349170005724,201.11992694697508,0.037034917000572376,100.2196152031951
isolated,spline,0.4,10,0.4,0.3995433789954338,700,700,12,0.9339460080413555,198.59174748864137,0.0339460080413555,99.24074669015307
isolated,spline,0.4,10,0.4,0.3995433789954338,700,700,24,0.9219201850780798,197.83337812577108,0.0219201850780798,98.54762835797774
isolated,spline,0.4,10,0.4,0.3995433789954338,700,700,48,0.9419354838709677,201.77634524024847,0.04193548387096768,100.38803013730164
isolated,spline,0.4,11,0.4,0.3995433789954338,700,700,6,0.9433314253005152,206.29684867905587,0.04333142530051515,102.73309081489393
isolated,spline,0.4,11,0.4,0.3995433789954338,700,700,12,0.951751866743251,210.2066523554288,0.05175186674325094,104.85514170489087
isolated,spline,0.4,11,0.4,0.3995433789954338,700,700,24,0.9392712550607287,208.80144716423223,0.039271255060728705,103.869914022458
isolated,spline,0.4,11,0.4,0.3995433789954338,700,700,48,0.9513196480938416,210.43749715289007,0.0513196480938416,104.87873290346202
isolated,spline,0.4,12,0.4,0.3995433789954338,700,700,6,0.9461934745277619,208.5603573701809,0.0461934745277619,104.07621665330292
isolated,spline,0.4,12,0.4,0.3995433789954338,700,700,12,0.9402642159678346,201.5506392210772,0.04026421596783458,100.74979076528352
isolated,spline,0.4,12,0.4,0.3995433789954338,700,700,24,0.9369577790630422,206.90776997685535,0.036957779063042207,103.3043705798509
isolated,spline,0.4,12,0.4,0.3995433789954338,700,700,48,0.9495601173020528,207.83467031257385,0.049560117302052786,103.80118529349862
isolated,spline,0.4,13,0.4,0.3995433789954338,700,700,6,0.9439038351459645,207.06026507565076,0.04390383514596452,103.33756719864004
isolated,spline,0.4,13,0.4,0.3995433789954338,700,700,12,0.9506031016657094,209.14374112774408,0.05060310166570936,104.40840461712781
isolated,spline,0.4,13,0.4,0.3995433789954338,700,700,24,0.9375361480624639,207.2104904047501,0.03753614806246386,103.26302769026795
isolated,spline,0.4,13,0.4,0.3995433789954338,700,700,48,0.9495601173020528,208.04849366910145,0.049560117302052786,103.55500239250094
isolated,spline,0.4,14,0.4,0.3995433789954338,700,700,6,0.9393245563823698,203.12998565074986,0.03932455638236976,101.33670253773423
isolated,spline,0.4,14,0.4,0.3995433789954338,700,700,12,0.9488799540493968,205.93002342745945,0.04887995404939682,102.90855889568223
isolated,spline,0.4,14,0.4,0.3995433789954338,700,700,24,0.9340659340659341,203.88669695201412,0.034065934065934056,101.73052539464726
isolated,spline,0.4,14,0.4,0.3995433789954338,700,700,48,0.9495601173020528,207.52152794553626,0.049560117302052786,103.60024863689496
isolated,spline,0.4,15,0.4,0.3995433789954338,700,700,6,0.9473382942186606,209.14539853499178,0.04733829421866054,104.48887154298909
isolated,spline,0.4,15,0.4,0.3995433789954338,700,700,12,0.9563469270534176,214.98876716173086,0.056346927053417595,107.44139387438759
isolated,spline,0.4,15,0.4,0.3995433789954338,700,700,24,0.9473684210526315,216.57655120386806,0.047368421052631504,108.0487409084024
isolated,spline,0.4,15,0.4,0.3995433789954338,700,700,48,0.9524926686217009,212.81490777044377,0.05249266862170088,106.3725278426884
isolated,spline,0.4,16,0.4,0.3995433789954338,700,700,6,0.9553520320549513,217.65139702918546,0.05535203205495132,108.77022390144492
isolated,spline,0.4,16,0.4,0.3995433789954338,700,700,12,0.9523262492820218,210.8934028117834,0.052326249282021786,105.27564314201211
isolated,spline,0.4,16,0.4,0.3995433789954338,700,700,24,0.9427414690572585,213.24857452984463,0.04274146905725851,106.07060910618532
isolated,spline,0.4,16,0.4,0.3995433789954338,700,700,48,0.9483870967741935,206.8206244842692,0.048387096774193505,103.18429355386067
isolated,spline,0.4,17,0.4,0.3995433789954338,700,700,6,0.9605037206639955,223.03555862406378,0.06050372066399545,111.26237145005294
isolated,spline,0.4,17,0.4,0.3995433789954338,700,700,12,0.9609419873635842,219.6766603763091,0.06094198736358414,109.6820846025161
isolated,spline,0.4,17,0.4,0.3995433789954338,700,700,24,0.9462116830537883,216.19551406998022,0.04621168305378831,107.80968391123916
isolated,spline,0.4,17,0.4,0.3995433789954338,700,700,48,0.9542521994134897,215.293174101029,0.05425219941348969,107.60348279845671
isolated,spline,0.4,18,0.4,0.3995433789954338,700,700,6,0.9433314253005152,206.77953145420446,0.04333142530051515,103.08567877112273
isolated,spline,0.4,18,0.4,0.3995433789954338,700,700,12,0.9448592762780011,203.11655736703256,0.044859276278001126,101.54522476523985
isolated,spline,0.4,18,0.4,0.3995433789954338,700,700,24,0.9259687680740313,200.0366891794515,0.025968768074031257,99.98547010504701
isolated,spline,0.4,18,0.4,0.3995433789954338,700,700,48,0.9442815249266863,203.85398570201795,0.044281524926686244,101.86232739490895
isolated,spline,0.4,19,0.4,0.3995433789954338,700,700,6,0.9421866056096165,204.3395470279132,0.04218660560961651,101.97411168254942
isolated,spline,0.4,19,0.4,0.3995433789954338,700,700,12,0.929350947731189,193.41342321286146,0.02935094773118896,96.67120126625035
isolated,spline,0.4,19,0.4,0.3995433789954338,700,700,24,0.9259687680740313,200.01478262797644,0.025968768074031257,99.81170817920011
isolated,spline,0.4,19,0.4,0.3995433789954338,700,700,48,0.9348973607038124,198.0164366947199,0.03489736070381233,98.53114554892079
isolated,spline,0.5,0,0.5,0.5,876,876,6,0.9576416714367487,219.78939628213308,0.0576416714367487,109.65713590961542
isolated,spline,0.5,0,0.5,0.5,876,876,12,0.9563469270534176,214.4974900988173,0.056346927053417595,106.93267175419378
isolated,spline,0.5,0,0.5,0.5,876,876,24,0.940427993059572,209.85478497008626,0.04042799305957201,104.44954796033727
isolated,spline,0.5,0,0.5,0.5,876,876,48,0.9448680351906158,204.14646948748512,0.044868035190615774,102.02734205408045
isolated,spline,0.5,1,0.5,0.5,876,876,6,0.9559244419004007,219.15650981074785,0.05592444190040069,109.19899915184592
isolated,spline,0.5,1,0.5,0.5,876,876,12,0.9730040206777714,232.07522986464608,0.07300402067777134,116.0038124501083
isolated,spline,0.5,1,0.5,0.5,876,876,24,0.9554655870445344,224.28759060221282,0.055465587044534415,111.7160285671485
isolated,spline,0.5,1,0.5,0.5,876,876,48,0.9636363636363636,222.6533647007728,0.0636363636363636,111.14694236773448
isolated,spline,0.5,2,0.5,0.5,876,876,6,0.9696622781911849,233.80347062127115,0.06966227819118487,116.55057196409412
isolated,spline,0.5,2,0.5,0.5,876,876,12,0.977599080987938,235.75515282013583,0.077599080987938,117.77144103610873
isolated,spline,0.5,2,0.5,0.5,876,876,24,0.9606709080393291,227.9859842043328,0.06067090803932906,112.45455560207711
isolated,spline,0.5,2,0.5,0.5,876,876,48,0.9642228739002933,223.33881549579164,0.06422287390029324,111.60120877257097
isolated,spline,0.5,3,0.5,0.5,876,876,6,0.9553520320549513,218.2596605241831,0.05535203205495132,109.09872441825542
isolated,spline,0.5,3,0.5,0.5,876,876,12,0.9563469270534176,214.87101225844674,0.056346927053417595,107.34330893740392
isolated,spline,0.5,3,0.5,0.5,876,876,24,0.940427993059572,209.95987163169573,0.04042799305957201,104.6870013419489
isolated,spline,0.5,3,0.5,0.5,876,876,48,0.9659824046920821,224.5714303545956,0.06598240469208205,112.01186714987618
isolated,spline,0.5,4,0.5,0.5,876,876,6,0.9393245563823698,203.14433426274985,0.03932455638236976,101.4090158041673
isolated,spline,0.5,4,0.5,0.5,876,876,12,0.9327972429638139,197.53212693604843,0.03279724296381392,98.19407880521092
isolated,spline,0.5,4,0.5,0.5,876,876,24,0.9317524580682476,202.38275028951716,0.03175245806824756,100.89380533080508
isolated,spline,0.5,4,0.5,0.5,876,876,48,0.9425219941348973,202.88629542521005,0.04252199413489732,101.20033186378366
isolated,spline,0.5,5,0.5,0.5,876,876,6,0.9627933600457927,225.20977285507522,0.06279336004579272,111.75661383523716
isolated,spline,0.5,5,0.5,0.5,876,876,12,0.9563469270534176,214.6295897918801,0.056346927053417595,107.28637757267391
isolated,spline,0.5,5,0.5,0.5,876,876,24,0.9537304800462695,221.64657096489384,0.05373048004626946,110.70517657707904
isolated,spline,0.5,5,0.5,0.5,876,876,48,0.9524926686217009,213.29456003152626,0.05249266862170088,106.42859059373045
isolated,spline,0.5,6,0.5,0.5,876,876,6,0.9439038351459645,207.2587725390594,0.04390383514596452,103.31721300987306
isolated,spline,0.5,6,0.5,0.5,876,876,12,0.9437105112004595,202.9153850853847,0.043710511200459434,101.24833929684587
isolated,spline,0.5,6,0.5,0.5,876,876,24,0.9358010410641989,206.4059788560004,0.0358010410641989,103.1689158058748
isolated,spline,0.5,6,0.5,0.5,876,876,48,0.9495601173020528,208.14135188329055,0.049560117302052786,103.62769163167589
isolated,spline,0.5,7,0.5,0.5,876,876,6,0.9582140812821981,220.5538490926478,0.05821408128219807,110.06622199852467
isolated,spline,0.5,7,0.5,0.5,876,876,12,0.9477311889718553,204.3702367265009,0.04773118897185524,101.91797430546693
isolated,spline,0.5,7,0.5,0.5,876,876,24,0.9427414690572585,213.61562188118975,0.04274146905725851,106.79765293536191
isolated,spline,0.5,7,0.5,0.5,876,876,48,0.9642228739002933,223.6022983975945,0.06422287390029324,111.64177184450024
isolated,spline,0.5,8,0.5,0.5,876,876,6,0.9650829994275901,228.0235318270233,0.0650829994275901,113.95662197568502
isolated,spline,0.5,8,0.5,0.5,876,876,12,0.9707064905226881,229.94198067779908,0.07070649052268807,114.52341547804538
isolated,spline,0.5,8,0.5,0.5,876,876,24,0.9589358010410642,226.4413779930094,0.05893580104106422,112.67226596374759
isolated,spline,0.5,8,0.5,0.5,876,876,48,0.9636363636363636,222.9145639491429,0.0636363636363636,111.22746599390616
isolated,spline,0.5,9,0.5,0.5,876,876,6,0.9690898683457355,230.86248697214813,0.0690898683457355,115.0745894102784
isolated,spline,0.5,9,0.5,0.5,876,876,12,0.9632395175186674,220.44473799581044,0.06323951751866741,110.09574918596857
isolated,spline,0.5,9,0.5,0.5,876,876,24,0.945054945054945,215.4195727867833,0.045054945054945006,107.13871523836663
isolated,spline,0.5,9,0.5,0.5,876,876,48,0.9536656891495601,214.29399293380683,0.05366568914956005,106.84292115445238
isolated,spline,0.5,10,0.5,0.5,876,876,6,0.9479107040641099,210.82112958729,0.04791070406410991,104.89159451489206
isolated,spline,0.5,10,0.5,0.5,876,876,12,0.9574956921309592,215.82803728978425,0.057495692130959175,107.85452670523365
isolated,spline,0.5,10,0.5,0.5,876,876,24,0.9392712550607287,208.83414945334312,0.039271255060728705,104.07109232534363
isolated,spline,0.5,10,0.5,0.5,876,876,48,0.9501466275659824,208.9801261482872,0.05014662756598243,104.29593911427044
isolated,spline,0.5,11,0.5,0.5,876,876,6,0.954779622209502,216.8356877975508,0.054779622209501944,108.07282197469816
isolated,spline,0.5,11,0.5,0.5,876,876,12,0.9632395175186674,221.02074828413555,0.06323951751866741,110.30463979056495
isolated,spline,0.5,11,0.5,0.5,876,876,24,0.9433198380566802,214.1236418051809,0.04331983805668016,106.83396284633068
isolated,spline,0.5,11,0.5,0.5,876,876,48,0.955425219941349,216.0298750843259,0.05542521994134897,107.98262663990413
isolated,spline,0.5,12,0.5,0.5,876,876,6,0.9484831139095592,211.83947681424448,0.04848311390955917,105.58776135829977
isolated,spline,0.5,12,0.5,0.5,876,876,12,0.9534750143595635,213.0215592703475,0.05347501435956348,105.6830191241652
isolated,spline,0.5,12,0.5,0.5,876,876,24,0.9537304800462695,222.98042705316874,0.05373048004626946,111.26442829670457
isolated,spline,0.5,12,0.5,0.5,876,876,48,0.950733137829912,210.16733979594824,0.050733137829911956,104.71397715648796
isolated,spline,0.5,13,0.5,0.5,876,876,6,0.9610761305094447,224.03815746653368,0.061076130509444715,111.93097112055456
isolated,spline,0.5,13,0.5,0.5,876,876,12,0.9672601952900631,224.3220449480062,0.06726019529006311,111.98522101206903
isolated,spline,0.5,13,0.5,0.5,876,876,24,0.9548872180451128,223.27760124255855,0.05488721804511276,111.28675192522674
isolated,spline,0.5,13,0.5,0.5,876,876,48,0.9665689149560117,226.30331717022202,0.0665689149560117,113.03130114368372
isolated,spline,0.5,14,0.5,0.5,876,876,6,0.9639381797366915,226.80083799453178,0.06393817973669147,113.13571149295791
isolated,spline,0.5,14,0.5,0.5,876,876,12,0.967834577828834,225.66281366827883,0.06783457782883395,112.82594464423794
isolated,spline,0.5,14,0.5,0.5,876,876,24,0.9560439560439561,224.54563134883065,0.05604395604395607,112.13004607440462
isolated,spline,0.5,14,0.5,0.5,876,876,48,0.9683284457478006,228.49210253331134,0.06832844574780061,113.60043702520613
isolated,spline,0.5,15,0.5,0.5,876,876,6,0.9599313108185461,222.62559641387412,0.05993131081854608,111.1266328052852
isolated,spline,0.5,15,0.5,0.5,876,876,12,0.9655370476737507,223.44300089451218,0.06553704767375068,111.51114798770197
isolated,spline,0.5,15,0.5,0.5,876,876,24,0.9537304800462695,221.89949516023324,0.05373048004626946,110.76739924162966
isolated,spline,0.5,15,0.5,0.5,876,876,48,0.9665689149560117,227.09501804201065,0.0665689149560117,113.33824712518462
isolated,spline,0.5,16,0.5,0.5,876,876,6,0.9587864911276474,221.58446559602265,0.05878649112764733,110.30762088943919
isolated,spline,0.5,16,0.5,0.5,876,876,12,0.9655370476737507,222.85250222042112,0.06553704767375068,111.33713440708696
isolated,spline,0.5,16,0.5,0.5,876,876,24,0.9589358010410642,226.47657675014426,0.05893580104106422,112.13971859080787
isolated,spline,0.5,16,0.5,0.5,876,876,48,0.9524926686217009,213.68322654871992,0.05249266862170088,106.74539437026039
isolated,spline,0.5,17,0.5,0.5,876,876,6,0.9776760160274757,244.95990927559504,0.07767601602747565,122.0829243155959
isolated,spline,0.5,17,0.5,0.5,876,876,12,0.977599080987938,238.392224948356,0.077599080987938,119.16499422406477
isolated,spline,0.5,17,0.5,0.5,876,876,24,0.9681897050318103,237.8445474135504,0.06818970503181032,118.45675307804403
isolated,spline,0.5,17,0.5,0.5,876,876,48,0.9700879765395894,236.57000139922394,0.07008797653958942,118.09416116227139
isolated,spline,0.5,18,0.5,0.5,876,876,6,0.9633657698912421,226.09286380226484,0.0633657698912421,112.75746158710967
isolated,spline,0.5,18,0.5,0.5,876,876,12,0.9632395175186674,221.07656892129376,0.06323951751866741,110.32119335487053
isolated,spline,0.5,18,0.5,0.5,876,876,24,0.9554655870445344,224.30393721489384,0.055465587044534415,111.65534062418783
isolated,spline,0.5,18,0.5,0.5,876,876,48,0.9653958944281525,224.0590890614168,0.06539589442815252,111.82048452682687
isolated,spline,0.5,19,0.5,0.5,876,876,6,0.9427590154550658,205.88032907722533,0.042759015455065774,102.76169828950401
isolated,spline,0.5,19,0.5,0.5,876,876,12,0.9402642159678346,201.5782455834905,0.04026421596783458,100.73862079056417
isolated,spline,0.5,19,0.5,0.5,876,876,24,0.9236552920763447,198.68356414759938,0.023655292076344647,99.1302835362459
isolated,spline,0.5,19,0.5,0.5,876,876,48,0.9460410557184751,205.12289815790427,0.046041055718475055,102.48723092310688
isolated,none,0.0,0,0.0,0.0,0,0,6,0.9107040641099027,184.51546580978544,0.010704064109902656,91.93317010364271
isolated,none,0.0,0,0.0,0.0,0,0,12,0.9126938541068351,180.21297386954228,0.0126938541068351,89.99882550417082
isolated,none,0.0,0,0.0,0.0,0,0,24,0.8837478311162522,179.09690038815052,0.01625216888374781,89.4281193996245
isolated,none,0.0,0,0.0,0.0,0,0,48,0.9020527859237537,180.37481308589946,0.002052785923753686,89.8818789254163
isolated,none,0.0,1,0.0,0.0,0,0,6,0.9107040641099027,184.51546580978544,0.010704064109902656,91.93317010364271
isolated,none,0.0,1,0.0,0.0,0,0,12,0.9126938541068351,180.21297386954228,0.0126938541068351,89.99882550417082
isolated,none,0.0,1,0.0,0.0,0,0,24,0.8837478311162522,179.09690038815052,0.01625216888374781,89.4281193996245
isolated,none,0.0,1,0.0,0.0,0,0,48,0.9020527859237537,180.37481308589946,0.002052785923753686,89.8818789254163
isolated,none,0.0,2,0.0,0.0,0,0,6,0.9107040641099027,184.51546580978544,0.010704064109902656,91.93317010364271
isolated,none,0.0,2,0.0,0.0,0,0,12,0.9126938541068351,180.21297386954228,0.0126938541068351,89.99882550417082
isolated,none,0.0,2,0.0,0.0,0,0,24,0.8837478311162522,179.09690038815052,0.01625216888374781,89.4281193996245
isolated,none,0.0,2,0.0,0.0,0,0,48,0.9020527859237537,180.37481308589946,0.002052785923753686,89.8818789254163
isolated,none,0.0,3,0.0,0.0,0,0,6,0.9107040641099027,184.51546580978544,0.010704064109902656,91.93317010364271
isolated,none,0.0,3,0.0,0.0,0,0,12,0.9126938541068351,180.21297386954228,0.0126938541068351,89.99882550417082
isolated,none,0.0,3,0.0,0.0,0,0,24,0.8837478311162522,179.09690038815052,0.01625216888374781,89.4281193996245
isolated,none,0.0,3,0.0,0.0,0,0,48,0.9020527859237537,180.37481308589946,0.002052785923753686,89.8818789254163
isolated,none,0.0,4,0.0,0.0,0,0,6,0.9107040641099027,184.51546580978544,0.010704064109902656,91.93317010364271
isolated,none,0.0,4,0.0,0.0,0,0,12,0.9126938541068351,180.21297386954228,0.0126938541068351,89.99882550417082
isolated,none,0.0,4,0.0,0.0,0,0,24,0.8837478311162522,179.09690038815052,0.01625216888374781,89.4281193996245
isolated,none,0.0,4,0.0,0.0,0,0,48,0.9020527859237537,180.37481308589946,0.002052785923753686,89.8818789254163
isolated,none,0.0,5,0.0,0.0,0,0,6,0.9107040641099027,184.51546580978544,0.010704064109902656,91.93317010364271
isolated,none,0.0,5,0.0,0.0,0,0,12,0.9126938541068351,180.21297386954228,0.0126938541068351,89.99882550417082
isolated,none,0.0,5,0.0,0.0,0,0,24,0.8837478311162522,179.09690038815052,0.01625216888374781,89.4281193996245
isolated,none,0.0,5,0.0,0.0,0,0,48,0.9020527859237537,180.37481308589946,0.002052785923753686,89.8818789254163
isolated,none,0.0,6,0.0,0.0,0,0,6,0.9107040641099027,184.51546580978544,0.010704064109902656,91.93317010364271
isolated,none,0.0,6,0.0,0.0,0,0,12,0.9126938541068351,180.21297386954228,0.0126938541068351,89.99882550417082
isolated,none,0.0,6,0.0,0.0,0,0,24,0.8837478311162522,179.09690038815052,0.01625216888374781,89.4281193996245
isolated,none,0.0,6,0.0,0.0,0,0,48,0.9020527859237537,180.37481308589946,0.002052785923753686,89.8818789254163
isolated,none,0.0,7,0.0,0.0,0,0,6,0.9107040641099027,184.51546580978544,0.010704064109902656,91.93317010364271
isolated,none,0.0,7,0.0,0.0,0,0,12,0.9126938541068351,180.21297386954228,0.0126938541068351,89.99882550417082
isolated,none,0.0,7,0.0,0.0,0,0,24,0.8837478311162522,179.09690038815052,0.01625216888374781,89.4281193996245
isolated,none,0.0,7,0.0,0.0,0,0,48,0.9020527859237537,180.37481308589946,0.002052785923753686,89.8818789254163
isolated,none,0.0,8,0.0,0.0,0,0,6,0.9107040641099027,184.51546580978544,0.010704064109902656,91.93317010364271
isolated,none,0.0,8,0.0,0.0,0,0,12,0.9126938541068351,180.21297386954228,0.0126938541068351,89.99882550417082
isolated,none,0.0,8,0.0,0.0,0,0,24,0.8837478311162522,179.09690038815052,0.01625216888374781,89.4281193996245
isolated,none,0.0,8,0.0,0.0,0,0,48,0.9020527859237537,180.37481308589946,0.002052785923753686,89.8818789254163
isolated,none,0.0,9,0.0,0.0,0,0,6,0.9107040641099027,184.51546580978544,0.010704064109902656,91.93317010364271
isolated,none,0.0,9,0.0,0.0,0,0,12,0.9126938541068351,180.21297386954228,0.0126938541068351,89.99882550417082
isolated,none,0.0,9,0.0,0.0,0,0,24,0.8837478311162522,179.09690038815052,0.01625216888374781,89.4281193996245
isolated,none,0.0,9,0.0,0.0,0,0,48,0.9020527859237537,180.37481308589946,0.002052785923753686,89.8818789254163
isolated,none,0.0,10,0.0,0.0,0,0,6,0.9107040641099027,184.51546580978544,0.010704064109902656,91.93317010364271
isolated,none,0.0,10,0.0,0.0,0,0,12,0.9126938541068351,180.21297386954228,0.0126938541068351,89.99882550417082
isolated,none,0.0,10,0.0,0.0,0,0,24,0.8837478311162522,179.09690038815052,0.01625216888374781,89.4281193996245
isolated,none,0.0,10,0.0,0.0,0,0,48,0.9020527859237537,180.37481308589946,0.002052785923753686,89.8818789254163
isolated,none,0.0,11,0.0,0.0,0,0,6,0.9107040641099027,184.51546580978544,0.010704064109902656,91.93317010364271
isolated,none,0.0,11,0.0,0.0,0,0,12,0.9126938541068351,180.21297386954228,0.0126938541068351,89.99882550417082
isolated,none,0.0,11,0.0,0.0,0,0,24,0.8837478311162522,179.09690038815052,0.01625216888374781,89.4281193996245
isolated,none,0.0,11,0.0,0.0,0,0,48,0.9020527859237537,180.37481308589946,0.002052785923753686,89.8818789254163
isolated,none,0.0,12,0.0,0.0,0,0,6,0.9107040641099027,184.51546580978544,0.010704064109902656,91.93317010364271
isolated,none,0.0,12,0.0,0.0,0,0,12,0.9126938541068351,180.21297386954228,0.0126938541068351,89.99882550417082
isolated,none,0.0,12,0.0,0.0,0,0,24,0.8837478311162522,179.09690038815052,0.01625216888374781,89.4281193996245
isolated,none,0.0,12,0.0,0.0,0,0,48,0.9020527859237537,180.37481308589946,0.002052785923753686,89.8818789254163
isolated,none,0.0,13,0.0,0.0,0,0,6,0.9107040641099027,184.51546580978544,0.010704064109902656,91.93317010364271
isolated,none,0.0,13,0.0,0.0,0,0,12,0.9126938541068351,180.21297386954228,0.0126938541068351,89.99882550417082
isolated,none,0.0,13,0.0,0.0,0,0,24,0.8837478311162522,179.09690038815052,0.01625216888374781,89.4281193996245
isolated,none,0.0,13,0.0,0.0,0,0,48,0.9020527859237537,180.37481308589946,0.002052785923753686,89.8818789254163
isolated,none,0.0,14,0.0,0.0,0,0,6,0.9107040641099027,184.51546580978544,0.010704064109902656,91.93317010364271
isolated,none,0.0,14,0.0,0.0,0,0,12,0.9126938541068351,180.21297386954228,0.0126938541068351,89.99882550417082
isolated,none,0.0,14,0.0,0.0,0,0,24,0.8837478311162522,179.09690038815052,0.01625216888374781,89.4281193996245
isolated,none,0.0,14,0.0,0.0,0,0,48,0.9020527859237537,180.37481308589946,0.002052785923753686,89.8818789254163
isolated,none,0.0,15,0.0,0.0,0,0,6,0.9107040641099027,184.51546580978544,0.010704064109902656,91.93317010364271
isolated,none,0.0,15,0.0,0.0,0,0,12,0.9126938541068351,180.21297386954228,0.0126938541068351,89.99882550417082
isolated,none,0.0,15,0.0,0.0,0,0,24,0.8837478311162522,179.09690038815052,0.01625216888374781,89.4281193996245
isolated,none,0.0,15,0.0,0.0,0,0,48,0.9020527859237537,180.37481308589946,0.002052785923753686,89.8818789254163
isolated,none,0.0,16,0.0,0.0,0,0,6,0.9107040641099027,184.51546580978544,0.010704064109902656,91.93317010364271
isolated,none,0.0,16,0.0,0.0,0,0,12,0.9126938541068351,180.21297386954228,0.0126938541068351,89.99882550417082
isolated,none,0.0,16,0.0,0.0,0,0,24,0.8837478311162522,179.09690038815052,0.01625216888374781,89.4281193996245
isolated,none,0.0,16,0.0,0.0,0,0,48,0.9020527859237537,180.37481308589946,0.002052785923753686,89.8818789254163
isolated,none,0.0,17,0.0,0.0,0,0,6,0.9107040641099027,184.51546580978544,0.010704064109902656,91.93317010364271
isolated,none,0.0,17,0.0,0.0,0,0,12,0.9126938541068351,180.21297386954228,0.0126938541068351,89.99882550417082
isolated,none,0.0,17,0.0,0.0,0,0,24,0.8837478311162522,179.09690038815052,0.01625216888374781,89.4281193996245
isolated,none,0.0,17,0.0,0.0,0,0,48,0.9020527859237537,180.37481308589946,0.002052785923753686,89.8818789254163
isolated,none,0.0,18,0.0,0.0,0,0,6,0.9107040641099027,184.51546580978544,0.010704064109902656,91.93317010364271
isolated,none,0.0,18,0.0,0.0,0,0,12,0.9126938541068351,180.21297386954228,0.0126938541068351,89.99882550417082
isolated,none,0.0,18,0.0,0.0,0,0,24,0.8837478311162522,179.09690038815052,0.01625216888374781,89.4281193996245
isolated,none,0.0,18,0.0,0.0,0,0,48,0.9020527859237537,180.37481308589946,0.002052785923753686,89.8818789254163
isolated,none,0.0,19,0.0,0.0,0,0,6,0.9107040641099027,184.51546580978544,0.010704064109902656,91.93317010364271
isolated,none,0.0,19,0.0,0.0,0,0,12,0.9126938541068351,180.21297386954228,0.0126938541068351,89.99882550417082
isolated,none,0.0,19,0.0,0.0,0,0,24,0.8837478311162522,179.09690038815052,0.01625216888374781,89.4281193996245
isolated,none,0.0,19,0.0,0.0,0,0,48,0.9020527859237537,180.37481308589946,0.002052785923753686,89.8818789254163
isolated,none,0.1,0,0.1,0.09988584474885845,175,175,6,0.9204350314825415,189.10617966627802,0.020435031482541444,93.77165575813903
isolated,none,0.1,0,0.1,0.09988584474885845,175,175,12,0.9190120620333142,182.38145192971496,0.01901206203331418,91.05696955220905
isolated,none,0.1,0,0.1,0.09988584474885845,175,175,24,0.8958935801041065,183.7081166008768,0.004106419895893554,91.26844363009538
isolated,none,0.1,0,0.1,0.09988584474885845,175,175,48,0.9073313782991203,183.50807212894745,0.007331378299120228,91.68651357340131
isolated,none,0.1,1,0.1,0.09988584474885845,175,175,6,0.9124212936462507,185.50662100011374,0.012421293646250664,92.71671559987344
isolated,none,0.1,1,0.1,0.09988584474885845,175,175,12,0.9126938541068351,180.21297386954228,0.0126938541068351,89.86064692603897
isolated,none,0.1,1,0.1,0.09988584474885845,175,175,24,0.8958935801041065,183.7081166008768,0.004106419895893554,91.2869409511881
isolated,none,0.1,1,0.1,0.09988584474885845,175,175,48,0.9073313782991203,183.50807212894745,0.007331378299120228,91.6218642775109
isolated,none,0.1,2,0.1,0.09988584474885845,175,175,6,0.9084144247281053,183.69515774581623,0.008414424728105274,91.68904323962111
isolated,none,0.1,2,0.1,0.09988584474885845,175,175,12,0.9115450890292935,179.50179828094014,0.01154508902929352,89.53058037577247
isolated,none,0.1,2,0.1,0.09988584474885845,175,175,24,0.8756506651243493,174.47213745484652,0.02434933487565072,86.42089996865347
isolated,none,0.1,2,0.1,0.09988584474885845,175,175,48,0.9020527859237537,180.37481308589946,0.002052785923753686,89.88449870789164
isolated,none,0.1,3,0.1,0.09988584474885845,175,175,6,0.9072696050372067,183.4008085068958,0.007269605037206639,91.68417423369536
isolated,none,0.1,3,0.1,0.09988584474885845,175,175,12,0.9080987937966686,178.48977653887917,0.008098793796668557,89.2014424031246
isolated,none,0.1,3,0.1,0.09988584474885845,175,175,24,0.8889531521110469,180.92551828971352,0.01104684788895316,90.14194054549884
isolated,none,0.1,3,0.1,0.09988584474885845,175,175,48,0.8944281524926686,177.69410043155034,0.005571847507331418,88.81119207973815
isolated,none,0.1,4,0.1,0.09988584474885845,175,175,6,0.9118488838008014,185.05981135015253,0.011848883800801402,92.30563882743058
isolated,none,0.1,4,0.1,0.09988584474885845,175,175,12,0.9109707064905227,179.17500865748772,0.010970706490522675,89.35189695401932
isolated,none,0.1,4,0.1,0.09988584474885845,175,175,24,0.8831694621168306,178.90305915012408,0.01683053788316946,89.41808646729413
isolated,none,0.1,4,0.1,0.09988584474885845,175,175,48,0.8944281524926686,177.6044550914578,0.005571847507331418,88.43562961572181
isolated,none,0.1,5,0.1,0.09988584474885845,175,175,6,0.911276473955352,184.67515221824493,0.011276473955352029,92.25773290489272
isolated,none,0.1,5,0.1,0.09988584474885845,175,175,12,0.9080987937966686,178.3811618730917,0.008098793796668557,89.14240225483017
isolated,none,0.1,5,0.1,0.09988584474885845,175,175,24,0.8710237131289763,172.20963641054163,0.028976286871023715,86.05183895244127
isolated,none,0.1,5,0.1,0.09988584474885845,175,175,48,0.8956011730205279,178.46258830819113,0.004398826979472137,89.06432847513322
isolated,none,0.1,6,0.1,0.09988584474885845,175,175,6,0.9107040641099027,184.51546580978544,0.010704064109902656,92.01050962150191
isolated,none,0.1,6,0.1,0.09988584474885845,175,175,12,0.9121194715680643,179.973726245986,0.012119471568064255,89.76370096760316
isolated,none,0.1,6,0.1,0.09988584474885845,175,175,24,0.8883747831116252,180.34894473766974,0.011625216888374812,90.13729314216513
isolated,none,0.1,6,0.1,0.09988584474885845,175,175,48,0.9008797653958944,179.7716171982586,0.0008797653958944052,89.83840735345753
isolated,none,0.1,7,0.1,0.09988584474885845,175,175,6,0.9072696050372067,183.36834846739072,0.007269605037206639,91.40751542560942
isolated,none,0.1,7,0.1,0.09988584474885845,175,175,12,0.9080987937966686,178.48977653887917,0.008098793796668557,89.20395477206958
isolated,none,0.1,7,0.1,0.09988584474885845,175,175,24,0.8837478311162522,179.09690038815052,0.01625216888374781,89.47091369886469
isolated,none,0.1,7,0.1,0.09988584474885845,175,175,48,0.9020527859237537,180.50957062968297,0.002052785923753686,90.06152780047093
isolated,none,0.1,8,0.1,0.09988584474885845,175,175,6,0.9175729822552948,187.51661482859038,0.0175729822552948,93.65300925074227
isolated,none,0.1,8,0.1,0.09988584474885845,175,175,12,0.9190120620333142,184.0416984066325,0.01901206203331418,91.79782951918169
isolated,none,0.1,8,0.1,0.09988584474885845,175,175,24,0.8889531521110469,180.92551828971352,0.01104684788895316,90.14194054549884
isolated,none,0.1,8,0.1,0.09988584474885845,175,175,48,0.9008797653958944,179.74541937350523,0.0008797653958944052,89.7285053475929
isolated,none,0.1,9,0.1,0.09988584474885845,175,175,6,0.9124212936462507,185.50662100011374,0.012421293646250664,92.58098240624321
isolated,none,0.1,9,0.1,0.09988584474885845,175,175,12,0.9080987937966686,178.44803105071028,0.008098793796668557,89.14835970992473
isolated,none,0.1,9,0.1,0.09988584474885845,175,175,24,0.8930017351069983,182.79584975548852,0.006998264893001704,91.1982807195985
isolated,none,0.1,9,0.1,0.09988584474885845,175,175,48,0.9020527859237537,180.37481308589946,0.002052785923753686,89.8065931959767
isolated,none,0.1,10,0.1,0.09988584474885845,175,175,6,0.911276473955352,184.67515221824493,0.011276473955352029,92.23026365118265
isolated,none,0.1,10,0.1,0.09988584474885845,175,175,12,0.9126938541068351,180.21297386954228,0.0126938541068351,89.92375502451598
isolated,none,0.1,10,0.1,0.09988584474885845,175,175,24,0.8831694621168306,178.90305915012408,0.01683053788316946,89.42143077807093
isolated,none,0.1,10,0.1,0.09988584474885845,175,175,48,0.9020527859237537,180.37481308589946,0.002052785923753686,89.8818789254163
isolated,none,0.1,11,0.1,0.09988584474885845,175,175,6,0.9164281625643961,187.28261890958387,0.016428162564396054,93.36387497128189
isolated,none,0.1,11,0.1,0.09988584474885845,175,175,12,0.913268236645606,180.70688400316698,0.013268236645605946,90.13118244145241
isolated,none,0.1,11,0.1,0.09988584474885845,175,175,24,0.8889531521110469,180.92551828971352,0.01104684788895316,90.17447236883487
isolated,none,0.1,11,0.1,0.09988584474885845,175,175,48,0.9020527859237537,180.50957062968297,0.002052785923753686,90.09692715980361
isolated,none,0.1,12,0.1,0.09988584474885845,175,175,6,0.911276473955352,184.67515221824493,0.011276473955352029,91.98304036779177
isolated,none,0.1,12,0.1,0.09988584474885845,175,175,12,0.9161401493394601,181.7204715076699,0.016140149339460064,90.60413430536065
isolated,none,0.1,12,0.1,0.09988584474885845,175,175,24,0.8883747831116252,180.34894473766974,0.011625216888374812,89.96618718255395
isolated,none,0.1,12,0.1,0.09988584474885845,175,175,48,0.9008797653958944,179.7716171982586,0.0008797653958944052,89.8713499732348
isolated,none,0.1,13,0.1,0.09988584474885845,175,175,6,0.9055523755008587,181.5582587289428,0.005552375500858631,90.18447993158367
isolated,none,0.1,13,0.1,0.09988584474885845,175,175,12,0.9080987937966686,178.79551563767842,0.008098793796668557,89.24138975470358
isolated,none,0.1,13,0.1,0.09988584474885845,175,175,24,0.8831694621168306,178.83617293458826,0.01683053788316946,89.3040251588377
isolated,none,0.1,13,0.1,0.09988584474885845,175,175,48,0.9085043988269794,183.8943671343895,0.008504398826979398,91.90262014569234
isolated,none,0.1,14,0.1,0.09988584474885845,175,175,6,0.907842014882656,183.60775590350005,0.007842014882656012,91.32457412529966
isolated,none,0.1,14,0.1,0.09988584474885845,175,175,12,0.9115450890292935,179.5530055894725,0.01154508902929352,89.73455965929746
isolated,none,0.1,14,0.1,0.09988584474885845,175,175,24,0.891844997108155,182.13248438925825,0.008155002891845009,90.54243806821404
isolated,none,0.1,14,0.1,0.09988584474885845,175,175,48,0.898533724340176,179.16025509830848,0.0014662756598240456,89.34694068769392
isolated,none,0.1,15,0.1,0.09988584474885845,175,175,6,0.9175729822552948,187.51661482859038,0.0175729822552948,92.79476306185059
isolated,none,0.1,15,0.1,0.09988584474885845,175,175,12,0.9190120620333142,182.37625083558342,0.01901206203331418,90.92581368662633
isolated,none,0.1,15,0.1,0.09988584474885845,175,175,24,0.8930017351069983,182.79584975548852,0.006998264893001704,91.12492598350441
isolated,none,0.1,15,0.1,0.09988584474885845,175,175,48,0.9073313782991203,182.8578140728675,0.007331378299120228,90.7054991030484
isolated,none,0.1,16,0.1,0.09988584474885845,175,175,6,0.9124212936462507,185.41513374965515,0.012421293646250664,92.3295917886995
isolated,none,0.1,16,0.1,0.09988584474885845,175,175,12,0.9190120620333142,182.37625083558342,0.01901206203331418,90.59102286173398
isolated,none,0.1,16,0.1,0.09988584474885845,175,175,24,0.891844997108155,182.13248438925825,0.008155002891845009,90.62555177986484
isolated,none,0.1,16,0.1,0.09988584474885845,175,175,48,0.9020527859237537,180.37481308589946,0.002052785923753686,89.94612818789341
isolated,none,0.1,17,0.1,0.09988584474885845,175,175,6,0.9124212936462507,185.41513374965515,0.012421293646250664,92.54693125213191
isolated,none,0.1,17,0.1,0.09988584474885845,175,175,12,0.9190120620333142,182.5348198807602,0.01901206203331418,91.22365875505159
isolated,none,0.1,17,0.1,0.09988584474885845,175,175,24,0.8820127241179873,178.54500825699492,0.017987275882012765,89.26281430325959
isolated,none,0.1,17,0.1,0.09988584474885845,175,175,48,0.9020527859237537,180.50957062968297,0.002052785923753686,90.0667673654216
isolated,none,0.1,18,0.1,0.09988584474885845,175,175,6,0.9072696050372067,183.36834846739072,0.007269605037206639,91.46457057398408
isolated,none,0.1,18,0.1,0.09988584474885845,175,175,12,0.9190120620333142,182.4546359079241,0.01901206203331418,91.18812541779171
isolated,none,0.1,18,0.1,0.09988584474885845,175,175,24,0.8727588201272412,173.02305686763188,0.02724117987275887,86.23405339821092
isolated,none,0.1,18,0.1,0.09988584474885845,175,175,48,0.898533724340176,179.04082097618277,0.0014662756598240456,89.20541652154758
isolated,none,0.1,19,0.1,0.09988584474885845,175,175,6,0.9084144247281053,183.69515774581623,0.008414424728105274,91.6048098552103
isolated,none,0.1,19,0.1,0.09988584474885845,175,175,12,0.9138426191843768,181.23449149797457,0.013842619184376792,90.48613131272077
isolated,none,0.1,19,0.1,0.09988584474885845,175,175,24,0.891844997108155,182.13248438925825,0.008155002891845009,90.34744443444805
isolated,none,0.1,19,0.1,0.09988584474885845,175,175,48,0.9073313782991203,182.8578140728675,0.007331378299120228,90.67048730673756
isolated,none,0.2,0,0.2,0.1997716894977169,350,350,6,0.9244419004006869,193.2610908206205,0.024441900400686833,96.38152060363555
isolated,none,0.2,0,0.2,0.1997716894977169,350,350,12,0.919586444572085,184.579154559921,0.019586444572085027,91.98132399768477
isolated,none,0.2,0,0.2,0.1997716894977169,350,350,24,0.8849045691150954,179.44694090627644,0.015095430884904615,89.45152957506204
isolated,none,0.2,0,0.2,0.1997716894977169,350,350,48,0.9149560117302052,186.92861014937068,0.014956011730205221,93.05518692487132
isolated,none,0.2,1,0.2,0.1997716894977169,350,350,6,0.9118488838008014,185.05981135015253,0.011848883800801402,92.19576181259019
isolated,none,0.2,1,0.2,0.1997716894977169,350,350,12,0.9190120620333142,182.5348198807602,0.01901206203331418,91.23132715260385
isolated,none,0.2,1,0.2,0.1997716894977169,350,350,24,0.8849045691150954,179.44694090627644,0.015095430884904615,89.44818526428524
isolated,none,0.2,1,0.2,0.1997716894977169,350,350,48,0.9085043988269794,183.8943671343895,0.008504398826979398,91.90414610451202
isolated,none,0.2,2,0.2,0.1997716894977169,350,350,6,0.9084144247281053,183.69515774581623,0.008414424728105274,91.7004042534479
isolated,none,0.2,2,0.2,0.1997716894977169,350,350,12,0.9190120620333142,183.47753490507085,0.01901206203331418,91.40570187252749
isolated,none,0.2,2,0.2,0.1997716894977169,350,350,24,0.8675534991324465,170.53003161974289,0.03244650086755352,84.95764019821927
isolated,none,0.2,2,0.2,0.1997716894977169,350,350,48,0.9073313782991203,182.8578140728675,0.007331378299120228,90.46466715961091
isolated,none,0.2,3,0.2,0.1997716894977169,350,350,6,0.9124212936462507,185.41513374965515,0.012421293646250664,92.55260644448379
isolated,none,0.2,3,0.2,0.1997716894977169,350,350,12,0.9075244112578977,178.26693214437665,0.007524411257897712,89.06218964677844
isolated,none,0.2,3,0.2,0.1997716894977169,350,350,24,0.8825910931174089,178.6660971104873,0.017408906882591113,89.26769680469093
isolated,none,0.2,3,0.2,0.1997716894977169,350,350,48,0.8944281524926686,177.69410043155034,0.005571847507331418,88.14519244354962
isolated,none,0.2,4,0.2,0.1997716894977169,350,350,6,0.9118488838008014,185.05981135015253,0.011848883800801402,92.089401090191
isolated,none,0.2,4,0.2,0.1997716894977169,350,350,12,0.9046524985640436,177.11625710089777,0.0046524985640435945,88.25986909054838
isolated,none,0.2,4,0.2,0.1997716894977169,350,350,24,0.8710237131289763,172.10367790488255,0.028976286871023715,85.82503781933862
isolated,none,0.2,4,0.2,0.1997716894977169,350,350,48,0.8897360703812317,175.38806956748437,0.01026392961876832,87.23986076273843
isolated,none,0.2,5,0.2,0.1997716894977169,350,350,6,0.9084144247281053,183.76659967898732,0.008414424728105274,91.7331956254592
isolated,none,0.2,5,0.2,0.1997716894977169,350,350,12,0.9126938541068351,180.21297386954228,0.0126938541068351,89.54167821086094
isolated,none,0.2,5,0.2,0.1997716894977169,350,350,24,0.8704453441295547,171.5512853009338,0.029554655870445368,85.65361384284104
isolated,none,0.2,5,0.2,0.1997716894977169,350,350,48,0.9008797653958944,179.74088699511253,0.0008797653958944052,89.76966544907755
isolated,none,0.2,6,0.2,0.1997716894977169,350,350,6,0.911276473955352,184.67515221824493,0.011276473955352029,91.94720788458343
isolated,none,0.2,6,0.2,0.1997716894977169,350,350,12,0.9190120620333142,182.5348198807602,0.01901206203331418,91.05696955220901
isolated,none,0.2,6,0.2,0.1997716894977169,350,350,24,0.871602082128398,172.72103388534373,0.028397917871602063,86.17266027091591
isolated,none,0.2,6,0.2,0.1997716894977169,350,350,48,0.898533724340176,179.04082097618277,0.0014662756598240456,89.28911742089474
isolated,none,0.2,7,0.2,0.1997716894977169,350,350,6,0.9124212936462507,185.50662100011374,0.012421293646250664,92.60332288874126
isolated,none,0.2,7,0.2,0.1997716894977169,350,350,12,0.9126938541068351,180.21297386954228,0.0126938541068351,89.83961089321329
isolated,none,0.2,7,0.2,0.1997716894977169,350,350,24,0.8820127241179873,178.55000352486348,0.017987275882012765,89.06507254070384
isolated,none,0.2,7,0.2,0.1997716894977169,350,350,48,0.9008797653958944,179.74088699511253,0.0008797653958944052,89.69989877006583
isolated,none,0.2,8,0.2,0.1997716894977169,350,350,6,0.9124212936462507,185.41513374965515,0.012421293646250664,92.55260644448379
isolated,none,0.2,8,0.2,0.1997716894977169,350,350,12,0.9190120620333142,183.87128201604597,0.01901206203331418,91.4597638020428
isolated,none,0.2,8,0.2,0.1997716894977169,350,350,24,0.8831694621168306,178.90305915012408,0.01683053788316946,89.32699411256903
isolated,none,0.2,8,0.2,0.1997716894977169,350,350,48,0.9073313782991203,182.8578140728675,0.007331378299120228,90.23457168327396
isolated,none,0.2,9,0.2,0.1997716894977169,350,350,6,0.9204350314825415,189.10617966627802,0.020435031482541444,93.79765372633823
isolated,none,0.2,9,0.2,0.1997716894977169,350,350,12,0.9121194715680643,179.973726245986,0.012119471568064255,89.55115544840498
isolated,none,0.2,9,0.2,0.1997716894977169,350,350,24,0.896471949103528,184.0956044088581,0.0035280508964720125,91.62599158909133
isolated,none,0.2,9,0.2,0.1997716894977169,350,350,48,0.9020527859237537,180.50957062968297,0.002052785923753686,90.11333521917147
isolated,none,0.2,10,0.2,0.1997716894977169,350,350,6,0.9175729822552948,187.60614998783817,0.0175729822552948,93.67640884264291
isolated,none,0.2,10,0.2,0.1997716894977169,350,350,12,0.9121194715680643,179.973726245986,0.012119471568064255,89.77394242930963
isolated,none,0.2,10,0.2,0.1997716894977169,350,350,24,0.891844997108155,182.4259033336346,0.008155002891845009,90.8703797880672
isolated,none,0.2,10,0.2,0.1997716894977169,350,350,48,0.9073313782991203,183.3392659012664,0.007331378299120228,91.57002130283516
isolated,none,0.2,11,0.2,0.1997716894977169,350,350,6,0.9164281625643961,187.28261890958387,0.016428162564396054,93.36387497128189
isolated,none,0.2,11,0.2,0.1997716894977169,350,350,12,0.9190120620333142,182.37625083558342,0.01901206203331418,90.78541486561214
isolated,none,0.2,11,0.2,0.1997716894977169,350,350,24,0.8837478311162522,179.09690038815052,0.01625216888374781,89.4281193996245
isolated,none,0.2,11,0.2,0.1997716894977169,350,350,48,0.9073313782991203,182.8578140728675,0.007331378299120228,90.99022787496897
isolated,none,0.2,12,0.2,0.1997716894977169,350,350,6,0.9084144247281053,183.76659967898732,0.008414424728105274,91.8388386886765
isolated,none,0.2,12,0.2,0.1997716894977169,350,350,12,0.9126938541068351,180.21297386954228,0.0126938541068351,89.88168295886462
isolated,none,0.2,12,0.2,0.1997716894977169,350,350,24,0.8849045691150954,179.44694090627644,0.015095430884904615,89.380440963171
isolated,none,0.2,12,0.2,0.1997716894977169,350,350,48,0.9073313782991203,183.3392659012664,0.007331378299120228,91.50225433984629
isolated,none,0.2,13,0.2,0.1997716894977169,350,350,6,0.9118488838008014,185.05981135015253,0.011848883800801402,91.8797277428351
isolated,none,0.2,13,0.2,0.1997716894977169,350,350,12,0.913268236645606,180.97226262544154,0.013268236645605946,90.2068104501473
isolated,none,0.2,13,0.2,0.1997716894977169,350,350,24,0.8889531521110469,180.92551828971352,0.01104684788895316,89.90387121941687
isolated,none,0.2,13,0.2,0.1997716894977169,350,350,48,0.9219941348973607,190.06710616994167,0.021994134897360684,94.98863480043346
isolated,none,0.2,14,0.2,0.1997716894977169,350,350,6,0.9124212936462507,185.7138838090823,0.012421293646250664,92.63665346903363
isolated,none,0.2,14,0.2,0.1997716894977169,350,350,12,0.9075244112578977,178.29671941984947,0.007524411257897712,89.1323319227966
isolated,none,0.2,14,0.2,0.1997716894977169,350,350,24,0.8976286871023713,184.63765268616362,0.002371312897628708,92.0578054163103
isolated,none,0.2,14,0.2,0.1997716894977169,350,350,48,0.8926686217008798,176.21458469187286,0.007331378299120228,87.92681398710458
isolated,none,0.2,15,0.2,0.1997716894977169,350,350,6,0.9107040641099027,184.51546580978544,0.010704064109902656,91.88821732137322
isolated,none,0.2,15,0.2,0.1997716894977169,350,350,12,0.9138426191843768,181.23449149797457,0.013842619184376792,90.2793554815398
isolated,none,0.2,15,0.2,0.1997716894977169,350,350,24,0.891844997108155,182.13248438925825,0.008155002891845009,90.46275914485676
isolated,none,0.2,15,0.2,0.1997716894977169,350,350,48,0.9008797653958944,179.74088699511253,0.0008797653958944052,89.76476628365008
isolated,none,0.2,16,0.2,0.1997716894977169,350,350,6,0.9204350314825415,189.10617966627802,0.020435031482541444,93.68441784894922
isolated,none,0.2,16,0.2,0.1997716894977169,350,350,12,0.9109707064905227,179.17500865748772,0.010970706490522675,89.35189695401932
isolated,none,0.2,16,0.2,0.1997716894977169,350,350,24,0.8837478311162522,179.09690038815052,0.01625216888374781,89.44818526428524
isolated,none,0.2,16,0.2,0.1997716894977169,350,350,48,0.9008797653958944,179.74088699511253,0.0008797653958944052,89.80659319597669
isolated,none,0.2,17,0.2,0.1997716894977169,350,350,6,0.9232970807097882,191.3061150553508,0.023297080709788198,95.48466223627165
isolated,none,0.2,17,0.2,0.1997716894977169,350,350,12,0.9190120620333142,182.5348198807602,0.01901206203331418,91.21634035723068
isolated,none,0.2,17,0.2,0.1997716894977169,350,350,24,0.8930017351069983,182.79584975548852,0.006998264893001704,90.96831099134819
isolated,none,0.2,17,0.2,0.1997716894977169,350,350,48,0.9008797653958944,179.74088699511253,0.0008797653958944052,89.79613646789505
isolated,none,0.2,18,0.2,0.1997716894977169,350,350,6,0.907842014882656,183.60775590350005,0.007842014882656012,91.57437240383972
isolated,none,0.2,18,0.2,0.1997716894977169,350,350,12,0.9190120620333142,182.5348198807602,0.01901206203331418,90.941670591144
isolated,none,0.2,18,0.2,0.1997716894977169,350,350,24,0.8710237131289763,172.20963641054163,0.028976286871023715,86.05713687772423
isolated,none,0.2,18,0.2,0.1997716894977169,350,350,48,0.8944281524926686,177.9532952078951,0.005571847507331418,88.84705021577517
isolated,none,0.2,19,0.2,0.1997716894977169,350,350,6,0.9061247853463079,182.58015268839893,0.006124785346307893,90.98672501105952
isolated,none,0.2,19,0.2,0.1997716894977169,350,350,12,0.9138426191843768,181.23449149797457,0.013842619184376792,89.74319911055208
isolated,none,0.2,19,0.2,0.1997716894977169,350,350,24,0.896471949103528,184.10430129206358,0.0035280508964720125,91.98967903323187
isolated,none,0.2,19,0.2,0.1997716894977169,350,350,48,0.9073313782991203,183.02080808045093,0.007331378299120228,91.43705673681293
isolated,none,0.3,0,0.3,0.2996575342465753,525,525,6,0.9221522610188895,190.68996488359033,0.022152261018889452,94.63227909400464
isolated,none,0.3,0,0.3,0.2996575342465753,525,525,12,0.9224583572659392,187.8570683382583,0.022458357265939144,93.72764665095679
isolated,none,0.3,0,0.3,0.2996575342465753,525,525,24,0.8889531521110469,180.92551828971352,0.01104684788895316,89.99407160255622
isolated,none,0.3,0,0.3,0.2996575342465753,525,525,48,0.9085043988269794,184.0512073629858,0.008504398826979398,91.85724347373628
isolated,none,0.3,1,0.3,0.2996575342465753,525,525,6,0.9175729822552948,187.60614998783817,0.0175729822552948,93.44710531633493
isolated,none,0.3,1,0.3,0.2996575342465753,525,525,12,0.9138426191843768,181.23449149797457,0.013842619184376792,90.44632451937959
isolated,none,0.3,1,0.3,0.2996575342465753,525,525,24,0.8976286871023713,184.52310506436442,0.002371312897628708,91.57065040863189
isolated,none,0.3,1,0.3,0.2996575342465753,525,525,48,0.918475073313783,187.66513568622946,0.018475073313782953,93.53795762837123
isolated,none,0.3,2,0.3,0.2996575342465753,525,525,6,0.9084144247281053,183.69515774581623,0.008414424728105274,91.72983917733995
isolated,none,0.3,2,0.3,0.2996575342465753,525,525,12,0.919586444572085,185.62961960388384,0.019586444572085027,92.34108795357838
isolated,none,0.3,2,0.3,0.2996575342465753,525,525,24,0.8629265471370735,166.97699032039318,0.037073452862926515,83.30705967243686
isolated,none,0.3,2,0.3,0.2996575342465753,525,525,48,0.9073313782991203,183.3392659012664,0.007331378299120228,91.45335613757128
isolated,none,0.3,3,0.3,0.2996575342465753,525,525,6,0.9118488838008014,185.05981135015253,0.011848883800801402,92.03772689852023
isolated,none,0.3,3,0.3,0.2996575342465753,525,525,12,0.9109707064905227,179.17500865748772,0.010970706490522675,89.22859606957147
isolated,none,0.3,3,0.3,0.2996575342465753,525,525,24,0.8889531521110469,181.15317235644858,0.01104684788895316,90.1279983354977
isolated,none,0.3,3,0.3,0.2996575342465753,525,525,48,0.8944281524926686,177.69410043155034,0.005571847507331418,88.61450323082057
isolated,none,0.3,4,0.3,0.2996575342465753,525,525,6,0.9210074413279908,189.72422331785828,0.021007441327990817,94.01488232692114
isolated,none,0.3,4,0.3,0.2996575342465753,525,525,12,0.9075244112578977,178.29671941984947,0.007524411257897712,89.11690367934105
isolated,none,0.3,4,0.3,0.2996575342465753,525,525,24,0.8820127241179873,178.54500825699492,0.017987275882012765,87.61494292187994
isolated,none,0.3,4,0.3,0.2996575342465753,525,525,48,0.8885630498533724,174.58082553925556,0.0114369501466276,87.2254173321986
isolated,none,0.3,5,0.3,0.2996575342465753,525,525,6,0.9061247853463079,182.83925261082362,0.006124785346307893,91.33147368151971
isolated,none,0.3,5,0.3,0.2996575342465753,525,525,12,0.9046524985640436,177.11625710089777,0.0046524985640435945,88.50498140849088
isolated,none,0.3,5,0.3,0.2996575342465753,525,525,24,0.8675534991324465,170.53003161974289,0.03244650086755352,85.21047983162347
isolated,none,0.3,5,0.3,0.2996575342465753,525,525,48,0.9020527859237537,180.37481308589946,0.002052785923753686,89.87505302802818
isolated,none,0.3,6,0.3,0.2996575342465753,525,525,6,0.9026903262736119,180.01902338182524,0.002690326273611876,89.74232995689285
isolated,none,0.3,6,0.3,0.2996575342465753,525,525,12,0.9190120620333142,182.68038161794897,0.01901206203331418,91.2277676790859
isolated,none,0.3,6,0.3,0.2996575342465753,525,525,24,0.86524002313476,168.6564025906236,0.034759976865240017,84.08590346704159
isolated,none,0.3,6,0.3,0.2996575342465753,525,525,48,0.8944281524926686,177.69410043155034,0.005571847507331418,88.60902655004114
isolated,none,0.3,7,0.3,0.2996575342465753,525,525,6,0.9164281625643961,187.28261890958387,0.016428162564396054,93.16110174458561
isolated,none,0.3,7,0.3,0.2996575342465753,525,525,12,0.9080987937966686,178.48977653887917,0.008098793796668557,89.17934865249434
isolated,none,0.3,7,0.3,0.2996575342465753,525,525,24,0.86524002313476,168.7031653403817,0.034759976865240017,84.31067531528382
isolated,none,0.3,7,0.3,0.2996575342465753,525,525,48,0.8956011730205279,178.46258830819113,0.004398826979472137,89.07685431387402
isolated,none,0.3,8,0.3,0.2996575342465753,525,525,6,0.9061247853463079,182.83925261082362,0.006124785346307893,91.37118278620225
isolated,none,0.3,8,0.3,0.2996575342465753,525,525,12,0.9190120620333142,183.87128201604597,0.01901206203331418,91.75845480808418
isolated,none,0.3,8,0.3,0.2996575342465753,525,525,24,0.896471949103528,184.10430129206358,0.0035280508964720125,91.71721827363018
isolated,none,0.3,8,0.3,0.2996575342465753,525,525,48,0.9090909090909091,184.3525803240788,0.009090909090909038,92.16373787637424
isolated,none,0.3,9,0.3,0.2996575342465753,525,525,6,0.9118488838008014,185.05981135015253,0.011848883800801402,92.25773290489272
isolated,none,0.3,9,0.3,0.2996575342465753,525,525,12,0.9075244112578977,178.29671941984947,0.007524411257897712,89.10034128649379
isolated,none,0.3,9,0.3,0.2996575342465753,525,525,24,0.8987854251012146,184.9112711700171,0.0012145748987854033,91.9870639402025
isolated,none,0.3,9,0.3,0.2996575342465753,525,525,48,0.8932551319648094,176.68796026644003,0.006744868035190588,87.9068584067995
isolated,none,0.3,10,0.3,0.2996575342465753,525,525,6,0.9175729822552948,187.60614998783817,0.0175729822552948,93.69980843454357
isolated,none,0.3,10,0.3,0.2996575342465753,525,525,12,0.9115450890292935,179.5530055894725,0.01154508902929352,89.57432847965464
isolated,none,0.3,10,0.3,0.2996575342465753,525,525,24,0.8820127241179873,178.55000352486348,0.017987275882012765,89.27275389189089
isolated,none,0.3,10,0.3,0.2996575342465753,525,525,48,0.9219941348973607,190.0104698438404,0.021994134897360684,94.89339727538017
isolated,none,0.3,11,0.3,0.2996575342465753,525,525,6,0.9107040641099027,184.51546580978544,0.010704064109902656,91.97306631496195
isolated,none,0.3,11,0.3,0.2996575342465753,525,525,12,0.9126938541068351,180.21297386954228,0.0126938541068351,89.62500480437744
isolated,none,0.3,11,0.3,0.2996575342465753,525,525,24,0.8820127241179873,178.55000352486348,0.017987275882012765,88.95651183418805
isolated,none,0.3,11,0.3,0.2996575342465753,525,525,48,0.8991202346041056,179.4249652864836,0.0008797653958944052,89.58012754915424
isolated,none,0.3,12,0.3,0.2996575342465753,525,525,6,0.907842014882656,183.60775590350005,0.007842014882656012,91.57730588067339
isolated,none,0.3,12,0.3,0.2996575342465753,525,525,12,0.9190120620333142,182.38145192971496,0.01901206203331418,91.07394948403086
isolated,none,0.3,12,0.3,0.2996575342465753,525,525,24,0.8889531521110469,181.15317235644858,0.01104684788895316,89.72347045313822
isolated,none,0.3,12,0.3,0.2996575342465753,525,525,48,0.9073313782991203,182.8578140728675,0.007331378299120228,90.88055808460274
isolated,none,0.3,13,0.3,0.2996575342465753,525,525,6,0.9118488838008014,185.05981135015253,0.011848883800801402,91.86901145285944
isolated,none,0.3,13,0.3,0.2996575342465753,525,525,12,0.9190120620333142,182.5348198807602,0.01901206203331418,90.941670591144
isolated,none,0.3,13,0.3,0.2996575342465753,525,525,24,0.891844997108155,182.4259033336346,0.008155002891845009,90.34744443444801
isolated,none,0.3,13,0.3,0.2996575342465753,525,525,48,0.9284457478005865,193.37910532050063,0.028445747800586507,95.30499422459684
isolated,none,0.3,14,0.3,0.2996575342465753,525,525,6,0.9124212936462507,185.7138838090823,0.012421293646250664,92.38930278237366
isolated,none,0.3,14,0.3,0.2996575342465753,525,525,12,0.9126938541068351,180.21297386954228,0.0126938541068351,89.84249962274323
isolated,none,0.3,14,0.3,0.2996575342465753,525,525,24,0.9149797570850202,192.2156579870278,0.014979757085020196,95.93672017192337
isolated,none,0.3,14,0.3,0.2996575342465753,525,525,48,0.898533724340176,179.16025509830848,0.0014662756598240456,89.01200245766763
isolated,none,0.3,15,0.3,0.2996575342465753,525,525,6,0.9175729822552948,187.60614998783817,0.0175729822552948,93.06281858063474
isolated,none,0.3,15,0.3,0.2996575342465753,525,525,12,0.9126938541068351,180.21297386954228,0.0126938541068351,89.82711960529335
isolated,none,0.3,15,0.3,0.2996575342465753,525,525,24,0.891844997108155,182.4259033336346,0.008155002891845009,90.8248489747202
isolated,none,0.3,15,0.3,0.2996575342465753,525,525,48,0.9049853372434018,181.76111616920548,0.004985337243401777,90.44774367949829
isolated,none,0.3,16,0.3,0.2996575342465753,525,525,6,0.9124212936462507,185.7138838090823,0.012421293646250664,92.70756687482758
isolated,none,0.3,16,0.3,0.2996575342465753,525,525,12,0.9080987937966686,178.48977653887917,0.008098793796668557,89.18468042521148
isolated,none,0.3,16,0.3,0.2996575342465753,525,525,24,0.8837478311162522,179.09690038815052,0.01625216888374781,89.43815233195488
isolated,none,0.3,16,0.3,0.2996575342465753,525,525,48,0.9008797653958944,179.74088699511253,0.0008797653958944052,89.74385282748678
isolated,none,0.3,17,0.3,0.2996575342465753,525,525,6,0.9244419004006869,191.52088428995026,0.024441900400686833,95.66681604247981
isolated,none,0.3,17,0.3,0.2996575342465753,525,525,12,0.919586444572085,185.62961960388384,0.019586444572085027,91.85694852501804
isolated,none,0.3,17,0.3,0.2996575342465753,525,525,24,0.8883747831116252,180.34894473766974,0.011625216888374812,90.1279983354977
isolated,none,0.3,17,0.3,0.2996575342465753,525,525,48,0.9073313782991203,183.3392659012664,0.007331378299120228,91.51040404022547
isolated,none,0.3,18,0.3,0.2996575342465753,525,525,6,0.911276473955352,184.67515221824493,0.011276473955352029,92.07619092363565
isolated,none,0.3,18,0.3,0.2996575342465753,525,525,12,0.9190120620333142,182.68038161794897,0.01901206203331418,91.22669252172558
isolated,none,0.3,18,0.3,0.2996575342465753,525,525,24,0.8820127241179873,178.52078369390023,0.017987275882012765,87.43850103937599
isolated,none,0.3,18,0.3,0.2996575342465753,525,525,48,0.9073313782991203,183.02080808045093,0.007331378299120228,90.95925834779688
isolated,none,0.3,19,0.3,0.2996575342465753,525,525,6,0.9026903262736119,180.1447586653178,0.002690326273611876,90.05686057194286
isolated,none,0.3,19,0.3,0.2996575342465753,525,525,12,0.9190120620333142,183.47753490507085,0.01901206203331418,91.47813819417824
isolated,none,0.3,19,0.3,0.2996575342465753,525,525,24,0.896471949103528,184.0956044088581,0.0035280508964720125,91.8540583004384
isolated,none,0.3,19,0.3,0.2996575342465753,525,525,48,0.9008797653958944,179.7716171982586,0.0008797653958944052,89.84374671080731
isolated,none,0.4,0,0.4,0.3995433789954338,700,700,6,0.9244419004006869,192.9482484401342,0.024441900400686833,94.74519327183187
isolated,none,0.4,0,0.4,0.3995433789954338,700,700,12,0.9224583572659392,187.8570683382583,0.022458357265939144,93.9117311339127
isolated,none,0.4,0,0.4,0.3995433789954338,700,700,24,0.8976286871023713,184.63765268616362,0.002371312897628708,92.05128095771124
isolated,none,0.4,0,0.4,0.3995433789954338,700,700,48,0.9020527859237537,180.37481308589946,0.002052785923753686,89.86510414020647
isolated,none,0.4,1,0.4,0.3995433789954338,700,700,6,0.9164281625643961,187.28261890958387,0.016428162564396054,93.24176207703692
isolated,none,0.4,1,0.4,0.3995433789954338,700,700,12,0.9190120620333142,183.47753490507085,0.01901206203331418,91.47813819417824
isolated,none,0.4,1,0.4,0.3995433789954338,700,700,24,0.9074609600925391,188.68904771595763,0.0074609600925390485,93.4125188439376
isolated,none,0.4,1,0.4,0.3995433789954338,700,700,48,0.918475073313783,187.66513568622946,0.018475073313782953,93.32043493536607
isolated,none,0.4,2,0.4,0.3995433789954338,700,700,6,0.9158557527189468,186.72774994256378,0.01585575271894679,92.44179776697622
isolated,none,0.4,2,0.4,0.3995433789954338,700,700,12,0.919586444572085,184.579154559921,0.019586444572085027,91.87657894137672
isolated,none,0.4,2,0.4,0.3995433789954338,700,700,24,0.8571428571428571,164.38612967830062,0.04285714285714293,81.93090248228762
isolated,none,0.4,2,0.4,0.3995433789954338,700,700,48,0.9073313782991203,183.02080808045093,0.007331378299120228,91.37407214125064
isolated,none,0.4,3,0.4,0.3995433789954338,700,700,6,0.9118488838008014,185.05981135015253,0.011848883800801402,91.92929164297925
isolated,none,0.4,3,0.4,0.3995433789954338,700,700,12,0.9161401493394601,181.7204715076699,0.016140149339460064,90.30205443599014
isolated,none,0.4,3,0.4,0.3995433789954338,700,700,24,0.8802776171197224,178.07403533172527,0.01972238288027761,88.51458433737916
isolated,none,0.4,3,0.4,0.3995433789954338,700,700,48,0.9049853372434018,181.76111616920548,0.004985337243401777,88.84256794877054
isolated,none,0.4,4,0.4,0.3995433789954338,700,700,6,0.9244419004006869,193.2610908206205,0.024441900400686833,96.33138780504875
isolated,none,0.4,4,0.4,0.3995433789954338,700,700,12,0.9190120620333142,183.64644635031755,0.01901206203331418,91.25137314581288
isolated,none,0.4,4,0.4,0.3995433789954338,700,700,24,0.8704453441295547,171.56795526001468,0.029554655870445368,85.5441462484783
isolated,none,0.4,4,0.4,0.3995433789954338,700,700,48,0.9073313782991203,183.32819496087217,0.007331378299120228,91.25928029514876
isolated,none,0.4,5,0.4,0.3995433789954338,700,700,6,0.9107040641099027,184.51546580978544,0.010704064109902656,91.88329983949366
isolated,none,0.4,5,0.4,0.3995433789954338,700,700,12,0.9190120620333142,182.38145192971496,0.01901206203331418,90.3722379993359
isolated,none,0.4,5,0.4,0.3995433789954338,700,700,24,0.8704453441295547,171.41156785471813,0.029554655870445368,85.15156152404614
isolated,none,0.4,5,0.4,0.3995433789954338,700,700,48,0.8932551319648094,176.6384501130189,0.006744868035190588,88.12848561699374
isolated,none,0.4,6,0.4,0.3995433789954338,700,700,6,0.9009730967372639,178.84425432253207,0.0009730967372638677,88.65181739268897
isolated,none,0.4,6,0.4,0.3995433789954338,700,700,12,0.9121194715680643,179.973726245986,0.012119471568064255,89.71558500830697
isolated,none,0.4,6,0.4,0.3995433789954338,700,700,24,0.8675534991324465,170.4088405569696,0.03244650086755352,84.89948328812015
isolated,none,0.4,6,0.4,0.3995433789954338,700,700,48,0.8944281524926686,177.69410043155034,0.005571847507331418,88.46412580327532
isolated,none,0.4,7,0.4,0.3995433789954338,700,700,6,0.9210074413279908,189.72422331785828,0.021007441327990817,93.67131498712794
isolated,none,0.4,7,0.4,0.3995433789954338,700,700,12,0.9190120620333142,182.82596175917786,0.01901206203331418,90.64348916201529
isolated,none,0.4,7,0.4,0.3995433789954338,700,700,24,0.86524002313476,168.8937744092005,0.034759976865240017,84.32303341804777
isolated,none,0.4,7,0.4,0.3995433789954338,700,700,48,0.8944281524926686,178.20381198271127,0.005571847507331418,88.83360341476128
isolated,none,0.4,8,0.4,0.3995433789954338,700,700,6,0.9158557527189468,186.72774994256378,0.01585575271894679,92.57530721389132
isolated,none,0.4,8,0.4,0.3995433789954338,700,700,12,0.919586444572085,184.579154559921,0.019586444572085027,92.01232838378692
isolated,none,0.4,8,0.4,0.3995433789954338,700,700,24,0.9109311740890689,190.70365989467487,0.010931174089068851,95.03709297172755
isolated,none,0.4,8,0.4,0.3995433789954338,700,700,48,0.9225806451612903,190.43699649178933,0.022580645161290325,95.02656125431766
isolated,none,0.4,9,0.4,0.3995433789954338,700,700,6,0.9124212936462507,185.74256489034187,0.012421293646250664,92.38044281294839
isolated,none,0.4,9,0.4,0.3995433789954338,700,700,12,0.9190120620333142,182.38145192971496,0.01901206203331418,90.89328477493721
isolated,none,0.4,9,0.4,0.3995433789954338,700,700,24,0.9080393290919607,189.49643220318939,0.0080393290919607,94.09007085754178
isolated,none,0.4,9,0.4,0.3995433789954338,700,700,48,0.886217008797654,172.02564234944535,0.013782991202346051,85.71050300959837
isolated,none,0.4,10,0.4,0.3995433789954338,700,700,6,0.9061247853463079,182.71814381279972,0.006124785346307893,91.30387545663955
isolated,none,0.4,10,0.4,0.3995433789954338,700,700,12,0.913268236645606,180.97226262544154,0.013268236645605946,89.94479105734166
isolated,none,0.4,10,0.4,0.3995433789954338,700,700,24,0.8785425101214575,177.50785031802673,0.02145748987854257,87.23606872742326
isolated,none,0.4,10,0.4,0.3995433789954338,700,700,48,0.9090909090909091,184.324686355934,0.009090909090909038,91.97316481395885
isolated,none,0.4,11,0.4,0.3995433789954338,700,700,6,0.9232970807097882,191.37490762937284,0.023297080709788198,93.46370966384498
isolated,none,0.4,11,0.4,0.3995433789954338,700,700,12,0.9190120620333142,182.82596175917786,0.01901206203331418,91.18968574603117
isolated,none,0.4,11,0.4,0.3995433789954338,700,700,24,0.8883747831116252,180.34894473766974,0.011625216888374812,90.1279983354977
isolated,none,0.4,11,0.4,0.3995433789954338,700,700,48,0.8956011730205279,178.46258830819113,0.004398826979472137,89.12778362390362
isolated,none,0.4,12,0.4,0.3995433789954338,700,700,6,0.907842014882656,183.60775590350005,0.007842014882656012,91.65937146252304
isolated,none,0.4,12,0.4,0.3995433789954338,700,700,12,0.9190120620333142,182.37625083558342,0.01901206203331418,90.55168853085402
isolated,none,0.4,12,0.4,0.3995433789954338,700,700,24,0.8976286871023713,184.63765268616362,0.002371312897628708,92.26727991327216
isolated,none,0.4,12,0.4,0.3995433789954338,700,700,48,0.9102639296187683,184.7083218597357,0.01026392961876832,91.91678321312607
isolated,none,0.4,13,0.4,0.3995433789954338,700,700,6,0.9124212936462507,185.7138838090823,0.012421293646250664,92.57530721389132
isolated,none,0.4,13,0.4,0.3995433789954338,700,700,12,0.9138426191843768,181.23449149797457,0.013842619184376792,90.11293964819188
isolated,none,0.4,13,0.4,0.3995433789954338,700,700,24,0.8976286871023713,184.63765268616362,0.002371312897628708,92.1054857854418
isolated,none,0.4,13,0.4,0.3995433789954338,700,700,48,0.9325513196480938,195.73881553974758,0.03255131964809377,97.57898307451444
isolated,none,0.4,14,0.4,0.3995433789954338,700,700,6,0.9107040641099027,184.51546580978544,0.010704064109902656,90.57194366722769
isolated,none,0.4,14,0.4,0.3995433789954338,700,700,12,0.9012062033314188,175.73155056480158,0.0012062033314187426,87.39895474731718
isolated,none,0.4,14,0.4,0.3995433789954338,700,700,24,0.9149797570850202,191.9919131383487,0.014979757085020196,95.73360945249716
isolated,none,0.4,14,0.4,0.3995433789954338,700,700,48,0.9073313782991203,183.50807212894745,0.007331378299120228,91.50225433984629
isolated,none,0.4,15,0.4,0.3995433789954338,700,700,6,0.9221522610188895,190.68996488359033,0.022152261018889452,93.17321629760173
isolated,none,0.4,15,0.4,0.3995433789954338,700,700,12,0.9121194715680643,179.973726245986,0.012119471568064255,89.58750432874386
isolated,none,0.4,15,0.4,0.3995433789954338,700,700,24,0.9045691150954309,187.02132972493587,0.004569115095430898,91.75637811061104
isolated,none,0.4,15,0.4,0.3995433789954338,700,700,48,0.9161290322580645,187.15961667691087,0.016129032258064502,93.20010193475332
isolated,none,0.4,16,0.4,0.3995433789954338,700,700,6,0.9072696050372067,183.4008085068958,0.007269605037206639,91.48815394193046
isolated,none,0.4,16,0.4,0.3995433789954338,700,700,12,0.9006318207926479,175.36360968943336,0.0006318207926478969,87.30683754726309
isolated,none,0.4,16,0.4,0.3995433789954338,700,700,24,0.8820127241179873,178.55000352486348,0.017987275882012765,86.34125164447072
isolated,none,0.4,16,0.4,0.3995433789954338,700,700,48,0.9073313782991203,182.8578140728675,0.007331378299120228,90.48960965916
isolated,none,0.4,17,0.4,0.3995433789954338,700,700,6,0.9244419004006869,191.52088428995026,0.024441900400686833,95.69475264771529
isolated,none,0.4,17,0.4,0.3995433789954338,700,700,12,0.9241815048822516,189.0770878445099,0.02418150488225157,93.65765695902535
isolated,none,0.4,17,0.4,0.3995433789954338,700,700,24,0.8849045691150954,179.44694090627644,0.015095430884904615,89.18944518643522
isolated,none,0.4,17,0.4,0.3995433789954338,700,700,48,0.9073313782991203,183.3392659012664,0.007331378299120228,91.46150583795044
isolated,none,0.4,18,0.4,0.3995433789954338,700,700,6,0.9026903262736119,180.11027253039327,0.002690326273611876,88.51016740483472
isolated,none,0.4,18,0.4,0.3995433789954338,700,700,12,0.9069500287191269,177.9958316995383,0.006950028719126866,88.51162480123564
isolated,none,0.4,18,0.4,0.3995433789954338,700,700,24,0.8820127241179873,178.54500825699492,0.017987275882012765,89.26160307510484
isolated,none,0.4,18,0.4,0.3995433789954338,700,700,48,0.8944281524926686,178.20381198271127,0.005571847507331418,88.96368786513031
isolated,none,0.4,19,0.4,0.3995433789954338,700,700,6,0.9055523755008587,181.6634136139425,0.005552375500858631,90.10459924045934
isolated,none,0.4,19,0.4,0.3995433789954338,700,700,12,0.9190120620333142,182.4546359079241,0.01901206203331418,89.74319911055208
isolated,none,0.4,19,0.4,0.3995433789954338,700,700,24,0.8987854251012146,184.9112711700171,0.0012145748987854033,92.04997642523043
isolated,none,0.4,19,0.4,0.3995433789954338,700,700,48,0.9008797653958944,179.6340998481167,0.0008797653958944052,89.58012754915424
isolated,none,0.5,0,0.5,0.5,876,876,6,0.9307384087006296,196.40738795650046,0.030738408700629605,97.82620392271282
isolated,none,0.5,0,0.5,0.5,876,876,12,0.9253302699597932,189.7618728135817,0.02533026995979315,94.52011020393424
isolated,none,0.5,0,0.5,0.5,876,876,24,0.9005205320994795,185.3618590416566,0.0005205320994794427,92.6021368882252
isolated,none,0.5,0,0.5,0.5,876,876,48,0.9085043988269794,184.0512073629858,0.008504398826979398,91.83213151728924
isolated,none,0.5,1,0.5,0.5,876,876,6,0.9072696050372067,183.4008085068958,0.007269605037206639,91.34527279395978
isolated,none,0.5,1,0.5,0.5,876,876,12,0.9190120620333142,182.82596175917786,0.01901206203331418,90.38627767477523
isolated,none,0.5,1,0.5,0.5,876,876,24,0.9109311740890689,190.70365989467487,0.010931174089068851,95.27827809117085
isolated,none,0.5,1,0.5,0.5,876,876,48,0.9085043988269794,184.0512073629858,0.008504398826979398,91.97316481395885
isolated,none,0.5,2,0.5,0.5,876,876,6,0.9055523755008587,181.5582587289428,0.005552375500858631,89.96687966025479
isolated,none,0.5,2,0.5,0.5,876,876,12,0.9115450890292935,179.5530055894725,0.01154508902929352,89.62530402194234
isolated,none,0.5,2,0.5,0.5,876,876,24,0.8582995951417004,164.65842482428394,0.04170040485829962,82.06344034678438
isolated,none,0.5,2,0.5,0.5,876,876,48,0.9073313782991203,183.02080808045093,0.007331378299120228,91.4452064371921
isolated,none,0.5,3,0.5,0.5,876,876,6,0.9221522610188895,190.8851268268414,0.022152261018889452,95.02822539833272
isolated,none,0.5,3,0.5,0.5,876,876,12,0.9190120620333142,182.37625083558342,0.01901206203331418,89.93967032648841
isolated,none,0.5,3,0.5,0.5,876,876,24,0.8831694621168306,178.90305915012408,0.01683053788316946,89.26565894672154
isolated,none,0.5,3,0.5,0.5,876,876,48,0.9219941348973607,190.0104698438404,0.021994134897360684,92.84441989330293
isolated,none,0.5,4,0.5,0.5,876,876,6,0.929593589009731,196.1288718603543,0.02959358900973097,97.1112263421804
isolated,none,0.5,4,0.5,0.5,876,876,12,0.9190120620333142,183.64644635031755,0.01901206203331418,90.9371549221169
isolated,none,0.5,4,0.5,0.5,876,876,24,0.8820127241179873,178.54500825699492,0.017987275882012765,87.00329740581857
isolated,none,0.5,4,0.5,0.5,876,876,48,0.9131964809384164,186.66120348134234,0.01319648093841641,91.60870391672412
isolated,none,0.5,5,0.5,0.5,876,876,6,0.9175729822552948,187.57000820396576,0.0175729822552948,93.2174881084428
isolated,none,0.5,5,0.5,0.5,876,876,12,0.9190120620333142,184.0416984066325,0.01901206203331418,91.87943209159087
isolated,none,0.5,5,0.5,0.5,876,876,24,0.8756506651243493,174.47213745484652,0.02434933487565072,85.76362085944929
isolated,none,0.5,5,0.5,0.5,876,876,48,0.8868035190615836,172.96099735834082,0.01319648093841641,85.23089169376834
isolated,none,0.5,6,0.5,0.5,876,876,6,0.8946765884373211,177.07074559708877,0.005323411562678904,87.24397823997829
isolated,none,0.5,6,0.5,0.5,876,876,12,0.9190120620333142,183.87128201604597,0.01901206203331418,91.8344649584452
isolated,none,0.5,6,0.5,0.5,876,876,24,0.8669751301330249,169.73120280060368,0.03302486986697517,84.28045534097724
isolated,none,0.5,6,0.5,0.5,876,876,48,0.9008797653958944,179.6340998481167,0.0008797653958944052,88.9248086486786
isolated,none,0.5,7,0.5,0.5,876,876,6,0.9324556382369776,197.24336338993754,0.03245563823697761,97.08232804385904
isolated,none,0.5,7,0.5,0.5,876,876,12,0.9080987937966686,178.48977653887917,0.008098793796668557,88.87435474349738
isolated,none,0.5,7,0.5,0.5,876,876,24,0.86524002313476,168.7031653403817,0.034759976865240017,84.23738566161848
isolated,none,0.5,7,0.5,0.5,876,876,48,0.8885630498533724,174.8542527476476,0.0114369501466276,86.8609555180488
isolated,none,0.5,8,0.5,0.5,876,876,6,0.9089868345735547,183.96608073558355,0.008986834573554647,91.26196760807973
isolated,none,0.5,8,0.5,0.5,876,876,12,0.9224583572659392,187.81972825999952,0.022458357265939144,92.96284039047666
isolated,none,0.5,8,0.5,0.5,876,876,24,0.913823019086177,191.75782088593417,0.013823019086177002,95.25606370207424
isolated,none,0.5,8,0.5,0.5,876,876,48,0.9296187683284457,194.6068688296059,0.029618768328445677,95.28041513284113
isolated,none,0.5,9,0.5,0.5,876,876,6,0.9244419004006869,191.52088428995026,0.024441900400686833,95.18660392006394
isolated,none,0.5,9,0.5,0.5,876,876,12,0.9190120620333142,183.1557512539538,0.01901206203331418,91.09157890155072
isolated,none,0.5,9,0.5,0.5,876,876,24,0.9109311740890689,190.70365989467487,0.010931174089068851,94.5702519446173
isolated,none,0.5,9,0.5,0.5,876,876,48,0.8797653958944281,170.91344551859697,0.020234604105571874,84.6631563617168
isolated,none,0.5,10,0.5,0.5,876,876,6,0.9015455065827133,179.38747365890123,0.0015455065827132408,88.3576953313866
isolated,none,0.5,10,0.5,0.5,876,876,12,0.919586444572085,184.579154559921,0.019586444572085027,91.79782951918169
isolated,none,0.5,10,0.5,0.5,876,876,24,0.8756506651243493,174.47213745484652,0.02434933487565072,86.58398246317668
isolated,none,0.5,10,0.5,0.5,876,876,48,0.9085043988269794,183.8943671343895,0.008504398826979398,91.01987849868597
isolated,none,0.5,11,0.5,0.5,876,876,6,0.9244419004006869,193.2610908206205,0.024441900400686833,95.48283937869704
isolated,none,0.5,11,0.5,0.5,876,876,12,0.9190120620333142,182.37625083558342,0.01901206203331418,90.86023575383496
isolated,none,0.5,11,0.5,0.5,876,876,24,0.8820127241179873,178.55000352486348,0.017987275882012765,88.373871137675
isolated,none,0.5,11,0.5,0.5,876,876,48,0.886217008797654,172.02564234944535,0.013782991202346051,85.65541021592033
isolated,none,0.5,12,0.5,0.5,876,876,6,0.907842014882656,183.60775590350005,0.007842014882656012,91.61833867159822
isolated,none,0.5,12,0.5,0.5,876,876,12,0.9115450890292935,179.5530055894725,0.01154508902929352,88.67944068137497
isolated,none,0.5,12,0.5,0.5,876,876,24,0.9074609600925391,188.68904771595763,0.0074609600925390485,93.20455322333977
isolated,none,0.5,12,0.5,0.5,876,876,48,0.9020527859237537,180.37481308589946,0.002052785923753686,89.55200192042409
isolated,none,0.5,13,0.5,0.5,876,876,6,0.9061247853463079,182.58015268839893,0.006124785346307893,89.73956839096897
isolated,none,0.5,13,0.5,0.5,876,876,12,0.9075244112578977,178.2631516464042,0.007524411257897712,89.07825809603075
isolated,none,0.5,13,0.5,0.5,876,876,24,0.896471949103528,184.10430129206358,0.0035280508964720125,91.53350498362785
isolated,none,0.5,13,0.5,0.5,876,876,48,0.9219941348973607,190.06710616994167,0.021994134897360684,95.0052349219202
isolated,none,0.5,14,0.5,0.5,876,876,6,0.9055523755008587,182.05095912416314,0.005552375500858631,90.09662855608157
isolated,none,0.5,14,0.5,0.5,876,876,12,0.8960367604824814,172.08175553678495,0.003963239517518646,85.68018175573769
isolated,none,0.5,14,0.5,0.5,876,876,24,0.9109311740890689,190.70365989467487,0.010931174089068851,93.01282365748418
isolated,none,0.5,14,0.5,0.5,876,876,48,0.9020527859237537,181.0608802429881,0.002052785923753686,89.81704992405835
isolated,none,0.5,15,0.5,0.5,876,876,6,0.9250143102461362,194.8605162643534,0.025014310246136207,97.28910776683819
isolated,none,0.5,15,0.5,0.5,876,876,12,0.9190120620333142,182.37625083558342,0.01901206203331418,89.82417394484703
isolated,none,0.5,15,0.5,0.5,876,876,24,0.8710237131289763,172.3357279213209,0.028976286871023715,86.05183895244127
isolated,none,0.5,15,0.5,0.5,876,876,48,0.9219941348973607,190.06710616994167,0.021994134897360684,94.98876505921467
isolated,none,0.5,16,0.5,0.5,876,876,6,0.9015455065827133,179.40342591973197,0.0015455065827132408,88.79960754195776
isolated,none,0.5,16,0.5,0.5,876,876,12,0.887421022400919,168.20768187716413,0.012578977599080998,83.47816484371904
isolated,none,0.5,16,0.5,0.5,876,876,24,0.8877964141122036,180.2559966709954,0.012203585887796464,87.52798630925199
isolated,none,0.5,16,0.5,0.5,876,876,48,0.8991202346041056,179.4249652864836,0.0008797653958944052,88.93359345852186
isolated,none,0.5,17,0.5,0.5,876,876,6,0.9244419004006869,192.4852303579764,0.024441900400686833,95.85687675177773
isolated,none,0.5,17,0.5,0.5,876,876,12,0.9276278001148766,192.5671495055192,0.027627800114876533,96.12902022194524
isolated,none,0.5,17,0.5,0.5,876,876,24,0.863504916136495,167.68182306445348,0.03649508386350497,83.23712947602823
isolated,none,0.5,17,0.5,0.5,876,876,48,0.9073313782991203,182.8578140728675,0.007331378299120228,90.71013350448199
isolated,none,0.5,18,0.5,0.5,876,876,6,0.9026903262736119,180.1447586653178,0.002690326273611876,89.57934825024245
isolated,none,0.5,18,0.5,0.5,876,876,12,0.9080987937966686,178.79551563767842,0.008098793796668557,89.14835970992473
isolated,none,0.5,18,0.5,0.5,876,876,24,0.896471949103528,184.0956044088581,0.0035280508964720125,91.37992177433965
isolated,none,0.5,18,0.5,0.5,876,876,48,0.9008797653958944,179.7716171982586,0.0008797653958944052,89.08938015261484
isolated,none,0.5,19,0.5,0.5,876,876,6,0.911276473955352,184.67515221824493,0.011276473955352029,91.1566892167857
isolated,none,0.5,19,0.5,0.5,876,876,12,0.9190120620333142,182.4546359079241,0.01901206203331418,90.21857003669025
isolated,none,0.5,19,0.5,0.5,876,876,24,0.8999421631000578,185.21844506287312,5.783689994220964e-05,92.33459010331552
isolated,none,0.5,19,0.5,0.5,876,876,48,0.9008797653958944,179.6340998481167,0.0008797653958944052,89.47547753063664
